OrderId,OrderTime,OrderDay,OrderTime(H:M),ShipPrefecture,ShipCity,Title,Brand,Condition,Category,Color,Season,TotalPrice（商品合計金額）,Total（請求金額）,Total（請求金額＊ポイント含まない）,UnitPrice（単価）,UsePoint（利用ポイント金額）,TotalMallCouponDiscount（クーポン値引金額）,ShipCharge（送料）,
10000481,6/13/23 20:59,2023/06/13,20:59,青森県,八戸市,美品/セキネ sekine フレアスカート 社交ダンス 表記 L 11号 40号 相当 白 ホワイト レディース 春 夏 ボトムス ゴム 薄手 ミモレ丈 日本製,セキネ,美品,ボトムス,ホワイト,夏,9400,9400,9400,8800,0,0,600,
10000480,6/11/23 23:47,2023/06/11,23:47,愛知県,名古屋市熱田区,M新品同様/ザラ ZARA チャック柄ブラウス 表記L(11号～大きいサイズ13号相当) 黒/ブラック 7分袖 ノーカラー 春夏向け トップス レディース,ザラ,新品同様,トップス,ブラック,春夏,6800,6800,6800,6200,0,0,600,
10000479,6/7/23 22:50,2023/06/07,22:50,東京都,中央区,Ａ美品/ヒロココシノ HIROKO KOSHINO お洒落なカーゴパンツ 表記9号(38号/M相当) 黒/ブラック お出掛け 春夏向け ボトムス レディース,ヒロココシノ,美品,ボトムス,ブラック,春夏,10401,10401,10401,9801,0,0,600,
10000478,6/6/23 0:12,2023/06/06,00:12,神奈川県,横浜市保土ケ谷区,H美品/レリアン Leilian 爽やかカットワークレースブラウス 大きめ表記13号(LLサイズ相当) オフホワイト 春夏向け トップス レディース,レリアン,美品,トップス,ホワイト,春夏,12810,12169,12169,12810,0,-641,0,
10000477,6/5/23 3:24,2023/06/05,03:24,東京都,江東区,A新品*コムサイズム*紺*七分袖*美形デニムワンピース11,コムサイズム,新品,ワンピース,紺,,6080,6080,6080,5480,0,0,600,
10000476,6/4/23 9:13,2023/06/04,09:13,神奈川県,横浜市鶴見区,M美品/SUNAO KUWAHARA スナオクワハラ アンゴラ混ふんわりチュニック トップス М号(9号/38号相当) 緑 ロング丈 秋冬向け レディース,スナオクワハラ,美品,トップス,緑,秋冬,5590,5590,5590,4990,0,0,600,
10000475,6/4/23 0:24,2023/06/04,00:24,静岡県,静岡市駿河区,新品同様/タルボット TALBOTS ワンピース 表記L 11号相当 カーキ ジャージ素材 ノースリーブ ベルト付 ミモレ丈 シンプル 春夏 レディース,タルボット,新品同様,ワンピース,カーキ,春夏,14740,14740,14740,14740,0,0,0,
10000474,6/1/23 20:15,2023/06/01,20:15,福井県,吉田郡永平寺町石上,美品/ベイジ BEIGE オンワード樫山 ノーカラー ジャケット 小さいサイズ 表記 0号 S 相当 紺 ネイビー レディース 羽織り 春 夏 アウター,ベイジ,美品,アウター,ネイビー,夏,13530,13530,13530,13530,0,0,0,
10000473,5/29/23 15:12,2023/05/29,15:12,神奈川県,横浜市緑区,美品/レキップ ヨシエイナバ L'EQUIPE YOSHIE INABA フレアスカート 表記 11号 L 相当 古着 ベージュ レディース 春 秋 ボトムス 綿混,レキップ,美品,ボトムス,ベージュ,秋,9400,9400,9400,8800,0,0,600,
10000472,5/29/23 0:37,2023/05/29,00:37,宮城県,仙台市宮城野区,Ａ美品/ビースリー B3 美脚ストレッチパンツ 表記36号(9号/M相当) 水色 ロゴ釦 お出掛け 春秋向け ボトムス レディース,ビースリー,美品,ボトムス,水色,春秋,6551,6351,6351,5951,0,-200,600,
10000471,5/27/23 22:28,2023/05/27,22:28,東京都,足立区,新品同様/ラピーヌ VICE VERSA カットソー 表記M 9号相当 紺 ネイビー 春 夏 半袖 透け感 レース 綿混 絹混 ボーダー トップス レディース,ラピーヌ,新品同様,トップス,ネイビー,夏,8300,8300,8300,7700,0,0,600,
10000470,5/25/23 23:18,2023/05/25,23:18,神奈川県,藤沢市亀井野,美品/アクアスキュータム Aquascutum 大人ジャケット 大きいサイズ 13号/LL相当 紺/ネイビー 薄手 シンプル 春夏秋向 アウター レディース,アクアスキュータム,美品,アウター,ネイビー,春夏,20680,19680,19680,20680,0,-1000,0,
10000469,5/25/23 10:32,2023/05/25,10:32,愛知県,一宮市,美品/インディヴィ INDIVI ノースリーブワンピース 大きいサイズ 表記44号(13号/LL相当) 黒/ブラック 変形裾 軽やか素材 春夏向 レディース,インディヴィ,美品,ワンピース,ブラック,春夏,12980,12980,12980,12980,0,0,0,
10000468,5/25/23 7:33,2023/05/25,07:33,岡山県,津山市,美品/斉藤都世子 toyoko saito チュニック パンツ セットアップ 9号 M 11号 L 相当 ピンク系 ニット ストレッチ 2点セット 秋冬 レディース,斉藤都世子,美品,スーツ,ピンク,秋冬,17600,17600,17600,17600,0,0,0,
10000467,5/22/23 23:20,2023/05/22,23:20,東京都,港区,M新品同様/バジーレ28 BASILE28 上品ロングスカート 表記40号(L相当) 茶/ブラウン 艶感 綿素材 薄手 シンプル 春夏向 ボトムス レディース,バジーレ28,新品同様,ボトムス,ブラウン,春夏,6551,6551,6551,5951,0,0,600,
10000466,5/22/23 22:15,2023/05/22,22:15,大阪府,大阪市浪速区,新品同様/スペッチオ SPECCHIO プリーツスカート 表記 40号 11号 相当 黒 ブラック 艶感 ロング丈 お食事会 春夏秋 ボトムス レディース,スペッチオ,新品同様,ボトムス,ブラック,春夏,11330,11330,11330,11330,0,0,0,
10000465,5/22/23 1:43,2023/05/22,01:43,山梨県,北杜市,M美品/組曲 KUMIKYOKU 素敵ワンピース 表記3号(11号/40号/L相当) 紺/ネイビー 半袖 薄手ウール素材 伸縮 ゆったり感 春夏向け レディース,組曲,美品,ワンピース,ネイビー,春夏,4700,4700,4700,4100,0,0,600,
10000464,5/21/23 16:46,2023/05/21,16:46,新潟県,新潟市東区,新品同様/へっぽこ先生 カーディガン 11号 L 大きい 13号 LL 相当 黒 ブラック 7分袖 レース 刺繍 透け感 花柄 春 夏 トップス レディース,へっぽこ先生,新品同様,トップス,ブラック,夏,25300,23800,23800,11000,0,-1500,0,
10000464,5/21/23 16:46,2023/05/21,16:46,新潟県,新潟市東区,美品/へっぽこ先生 フレアスカート 11号 L 相当 紫 パープル 刺繍 カットワークレース お食事 パーティー 春夏 ボトムス レディース,へっぽこ先生,美品,ボトムス,パープル,春夏,25300,23800,23800,14300,0,-1500,0,
10000463,5/19/23 7:25,2023/05/19,07:25,埼玉県,さいたま市桜区,美品/アンタイトル UNTITLED カットソー 大きいサイズ 表記 44号 3L 相当 古着 ワインレッド系 レディース 春 夏 トップス 7分袖 シンプル,アンタイトル,美品,トップス,レッド,夏,7200,7200,7200,6600,0,0,600,
10000462,5/17/23 15:34,2023/05/17,15:34,石川県,金沢市,M美品/レリアン Leilian 美編サマーニット 大きいサイズ 表記13号(42号/LL相当) ブルーグレー 5分袖 透け感 春夏向け トップス レディース,レリアン,美品,トップス,グレー,春夏,7585,7585,7585,6985,0,0,600,
10000461,5/15/23 23:55,2023/05/15,23:55,東京都,北区,新品/レイビームス Ray BEAMS プリーツワンピース 表記 フリー 11号～13号 相当 黒 ブラック 綿 コットン シンプル 無地 春秋 レディース,レイビームス,新品,ワンピース,ブラック,春秋,9400,9400,9400,8800,0,0,600,
10000460,5/15/23 15:46,2023/05/15,15:46,兵庫県,芦屋市,新品同様/アルマーニエクスチェンジ A/X ARMANI EXCHANGE シフォンブラウス 11号 L 相当 ピンク モダン幾何学柄 春夏 トップス レディース,アルマーニエクスチェンジ,新品同様,トップス,ピンク,春夏,11880,11880,11880,11880,0,0,0,
10000459,5/15/23 12:07,2023/05/15,12:07,愛知県,名古屋市北区,美品/レリアン Leilian カーディガン 大きいサイズ 表記15号 3L相当 ベージュ系 綿100 コットン 総レース 半袖 春 夏 トップス レディース,レリアン,美品,トップス,ベージュ,夏,14520,13794,13794,14520,0,-726,0,
10000458,5/14/23 23:43,2023/05/14,23:43,神奈川県,川崎市高津区,美品/ドゥクラッセ DoCLASSE シャツ ブラウス 小さいサイズ 表記7号 S相当 古着 ブルー レディース 春 夏 トップス 5分袖 薄手 ストライプ,ドゥクラッセ,美品,トップス,ブルー,夏,7200,6200,6200,6600,0,-1000,600,
10000457,5/12/23 5:40,2023/05/12,05:40,大阪府,箕面市小野原東,新品同様/クードシャンス COUP DE CHANCE ロングスカート フレアスカート 表記40号 11号 相当 オリーブグリーン レディース 春夏 ボトムス,クードシャンス,新品同様,ボトムス,グリーン,春夏,8300,8300,8300,7700,0,0,600,
10000455,5/9/23 12:28,2023/05/09,12:28,山口県,防府市,新品同様/ニューヨーカー NEW YORKER タイトスカート 9号 M 相当 グレー 膝丈 シンプル 薄手 通勤 オフィス 春 夏 ボトムス レディース,ニューヨーカー,新品同様,ボトムス,グレー,夏,6100,6100,6100,5500,0,0,600,
10000454,5/8/23 14:51,2023/05/08,14:51,愛媛県,松山市,美品/ナラカミーチェ NARACAMICIE 美形ジャケット 小さいサイズ 表記0号(7号/S相当) ベージュ系 7分袖 綿混 春夏向け アウター レディース,ナラカミーチェ,美品,アウター,ベージュ,春夏,13200,13200,13200,13200,0,0,0,
10000453,5/8/23 13:14,2023/05/08,13:14,京都府,京都市左京区,美品/レリアン Leilian 美揺プリーツスカート 小さいサイズ 表記7号(S相当) グレー シフォン素材 レオパード柄風 春夏 ボトムス レディース,レリアン,美品,ボトムス,グレー,春夏,17820,17820,17820,17820,0,0,0,
10000452,5/8/23 0:41,2023/05/08,00:41,神奈川県,横浜市港北区富士塚,M美品/クレージュ courreges チェック柄カーディガン 表記9号(38号/M相当) 茶/ブラウン 7分袖 伸縮 薄手 春夏秋向け トップス レディース,クレージュ,美品,トップス,ブラウン,春夏,4100,4100,4100,4100,0,0,0,
10000451,5/7/23 23:40,2023/05/07,23:40,神奈川県,横浜市港北区富士塚,M美品/エル ELLE 軽やかコットン系ジャケット 表記40号(11号/L相当) 紺/ネイビー 7分袖 ロールアップ袖 通勤 春夏向け アウター レディース,エル,美品,アウター,ネイビー,春夏,7585,7585,7585,6985,0,0,600,
10000450,5/7/23 17:15,2023/05/07,17:15,福岡県,福岡市東区,A新品同様*GREDEグレード*グレー*アンゴラ混*美形コート11,グレード,新品同様,アウター,グレー,,12800,12800,12800,12800,0,0,0,
10000449,5/7/23 16:15,2023/05/07,16:15,千葉県,いすみ市,A美品/Valenza po Sports バレンザポースポーツ/黒/定番ロゴワッペン/美形ハーフパンツ40/11,バレンザポースポーツ,美品,ボトムス,黒,,7600,7600,7600,7000,0,0,600,
10000448,5/4/23 10:57,2023/05/04,10:57,東京都,練馬区,美品/ ピンクハウス PINK HOUSE ふっくら花柄ワンピース (11号/Lサイズ相当) 赤/レッド すずらん柄 綿100％ 春夏向け レディース,ピンクハウス,美品,ワンピース,レッド,春夏,24300,24300,24300,24300,0,0,0,
10000447,5/3/23 20:31,2023/05/03,20:31,愛媛県,松山市,美品/レリアン Leilian フレアスカート 表記11号 L相当 黒 ブラック レース 刺繍 花柄 フラワー ミモレ丈 薄手 春 夏 ボトムス レディース,レリアン,美品,ボトムス,ブラック,夏,16500,16500,16500,16500,0,0,0,
10000446,5/3/23 20:16,2023/05/03,20:16,神奈川県,藤沢市石川,H美品/レリアン Leilian 美脚ストレッチパンツ 表記11号(Lサイズ相当) 黒/ブラック 春秋向け お出掛け オフィス ボトムス レディース,レリアン,美品,ボトムス,ブラック,春秋,12800,12800,12800,12800,0,0,0,
10000445,5/1/23 21:48,2023/05/01,21:48,埼玉県,所沢市,A新品同様/オッズオネスト OZZ ONESTE 優雅なフレアスカート 小さいサイズ (7号/S相当) 黒/ブラック 美花柄レース 春夏向け ボトムス,オッズオネスト,新品同様,ボトムス,ブラック,春夏,5590,5590,5590,4990,0,0,600,
10000444,4/30/23 11:21,2023/04/30,11:21,山口県,防府市,S美品【マックスマーラ】青*ステッチ*美脚パンツ*大きいサイズ42,マックスマーラ,美品,ボトムス,青,,12799,12599,12599,12799,0,-200,0,
10000443,4/29/23 9:03,2023/04/29,09:03,福岡県,久留米市,H新品同様/BEAUTY&YOUTH ビューティー&ユース ユナイテッドアローズ 美形ジャケット (9号Mサイズ相当) 紺 春夏向け トップス レディース,ビューティー&ユース,新品同様,トップス,紺,春夏,4710,4510,4510,4110,0,-200,600,
10000442,4/24/23 11:05,2023/04/24,11:05,東京都,国立市,新品同様/スペッチオ SPECCHIO プリーツカットソー 表記 40号 11号 相当 黒 ブラック 半袖 プリーツ お食事会 トップス 春夏 レディース,スペッチオ,新品同様,トップス,ブラック,春夏,12430,12430,12430,12430,0,0,0,
10000441,4/21/23 23:41,2023/04/21,23:41,福井県,南条郡南越前町,M美品/フェンディ FENDI 大人ロングワンピース イタリア製 9号/38号/M相当 茶/ブラウン 麻リネン混 半袖 クラシカル 春夏向け レディース,フェンディ,美品,ワンピース,ブラウン,春夏,38401,38401,38401,38401,0,0,0,
10000440,4/21/23 22:52,2023/04/21,22:52,埼玉県,入間市,Ａ新品/コムサマチュア Comme ca Mature 美揺れフレアスカート 小さいサイズ 表記F号(7号/9号/11号相当) 黒 青 リバーシブル 春夏 ボトムス,コムサマチュア,新品,ボトムス,黒,春夏,8400,8400,8400,7800,0,0,600,
10000439,4/16/23 6:59,2023/04/16,06:59,東京都,中央区,A美品/commuun コムーン お洒落チュニック 羽織り 小さいサイズ 36号(7号/S相当) 白×黒 綿コットン100％ 五分袖 微小幾何学柄 春夏向け,コムーン,美品,トップス,黒,春夏,6500,6389,6389,5900,0,-111,600,
10000438,4/15/23 21:19,2023/04/15,21:19,東京都,豊島区,美品*バーバリーゴルフ*白×赤チェック*ロゴ刺繍*カットソーL,バーバリーゴルフ,美品,トップス,白,,5899,5899,5899,5299,0,0,600,
10000437,4/15/23 20:31,2023/04/15,20:31,宮城県,名取市,新品同様/セオリー Theory ゆったりロングパンツ 表記2号(9号/M相当) ピンク 薄手 伸縮素材 シンプル お出掛け 春夏向 ボトムス レディース,セオリー,新品同様,ボトムス,ピンク,春夏,14300,14300,14300,14300,0,0,0,
10000436,4/15/23 18:28,2023/04/15,18:28,東京都,八王子市,H新品同様/NEW YORKER ニューヨーカー 上質コットン100%7分袖カーディガン 表記Mサイズ(9号相当) 紺/ネイビー 春夏秋 アウター レディース,ニューヨーカー,新品同様,アウター,ネイビー,春夏,6100,6100,6100,5500,0,0,600,
10000435,4/13/23 22:52,2023/04/13,22:52,長崎県,長崎市,美品/INGEBORG/インゲボルグ/青/金ボタン×リボン仕立て/ふっくらツイード/お洒落ジャケット/M(9号相当)春秋冬/レディース,インゲボルグ,美品,アウター,青,秋冬,19600,19600,19600,19600,0,0,0,
10000434,4/12/23 21:56,2023/04/12,21:56,山形県,山形市蔵王温泉,新品/eliane gigi チェスターコート 表記F フリー 大きいサイズ 13号 LL相当 グレー ロング 千鳥格子 ウール 秋 冬 アウター レディース,エリアーヌジジ,新品,アウター,グレー,秋,11000,11000,11000,11000,0,0,0,
10000433,4/10/23 21:36,2023/04/10,21:36,青森県,十和田市大字藤島字小山,H新品同様/キヨコタカセ K.T 変形おしゃれストレッチパンツ 表記9号(Mサイズ相当) 黒/ブラック 春秋向け 伸縮 ボトムス レディース,キヨコタカセ,新品同様,ボトムス,ブラック,春秋,6551,6551,6551,5951,0,0,600,
10000432,4/10/23 16:09,2023/04/10,16:09,山形県,新庄市常葉町,H美品/バンベール VINVERT おしゃれプリーツベスト 大きいサイズ表記F号(9~15号M~3Lサイズ相当) グレー 春夏向け アウター レディース,バンベール,美品,アウター,グレー,春夏,7390,7390,7390,6790,0,0,600,
10000431,4/10/23 3:29,2023/04/10,03:29,福井県,福井市,Ａ新品同様/スペッチオ SPECCHIO 大人な美形ジャケット 大きいサイズ 表記44号(13号/LL相当) ベージュ お食事会 春秋 アウター レディース,スペッチオ,新品同様,アウター,ベージュ,春秋,12799,12799,12799,12799,0,0,0,
10000430,4/10/23 0:31,2023/04/10,00:31,神奈川県,鎌倉市今泉,H美品/プリマティーボ ハナエモリ スポーツ 美揺花柄フレアスカート 表記40号(11号Lサイズ相当) 茶/ブラウン 春夏向け ボトムス レディース,プリマティーボ,美品,ボトムス,ブラウン,春夏,7399,7399,7399,6799,0,0,600,
10000429,4/6/23 23:27,2023/04/06,23:27,長野県,長野市,美品/ポールスチュアート Paul Stuart スカートスーツ 9号 M相当 紺 ネイビー レディース 春夏秋 セットアップ 2点セット ストライプ,ポールスチュアート,美品,スーツ,ネイビー,春夏,23430,22430,22430,23430,0,-1000,0,
10000428,4/5/23 15:52,2023/04/05,15:52,東京都,杉並区,H新品同様/ギャバジンK.T Gabardine K.T 美揺プリーツカーディガン 表記9号(Mサイズ相当) 黒/ブラック 春秋向け トップス レディース,ギャバジンK.T,新品同様,トップス,ブラック,春秋,4710,4710,4710,4110,0,0,600,
10000427,4/4/23 8:00,2023/04/04,08:00,東京都,江東区有明,新品同様/スローブイエナ SLOBE IENA ドット柄プリーツスカート 9号～11号相当 黒/ブラック シフォン素材 春夏向け ボトムス レディース,スローブイエナ,新品同様,ボトムス,ブラック,春夏,7200,7200,7200,6600,0,0,600,
10000426,4/3/23 0:05,2023/04/03,00:05,熊本県,荒尾市,新品同様/ビースリー B3 ストレッチパンツ 表記 30号 7号 相当 黒 ブラック 伸縮性 シンプル 無地 オフィス 春秋 ボトムス レディース,ビースリー,新品同様,ボトムス,ブラック,春秋,8520,8520,8520,7920,0,0,600,
10000425,3/28/23 22:15,2023/03/28,22:15,東京都,目黒区,新品同様/クラセリア Craselia スカートスーツ 大きい 表記 17号 4L 相当 黒 ピンストライプ柄 オフィス 春秋 セットアップ レディース,クラセリア,新品同様,スーツ,黒,春秋,19030,18078,18078,19030,0,-952,0,
10000424,3/28/23 18:04,2023/03/28,18:04,大阪府,豊中市,新品同様/シャミー Chamois ニットチュニック 大きいサイズ 表記F フリー 15号 相当 ピンク系 毛 ウール 暖かい 秋 冬 トップス レディース,シャミー,新品同様,トップス,ピンク,秋,9730,9730,9730,9130,0,0,600,
10000423,3/26/23 12:44,2023/03/26,12:44,福岡県,北九州市戸畑区,セール★S新品同様【madam Jocondeマダムジョコンダ】美彩*透け感*素敵な花柄シフォンブラウス/11号L相当/レディース/値下9396→6480,マダムジョコンダ,新品同様,トップス,,,6080,6080,6080,5480,0,0,600,
10000422,3/26/23 12:09,2023/03/26,12:09,千葉県,松戸市,H美品/ROPE ロペ 大人シフォンカットソー 大きいサイズ表記EX3号(3Lサイズ15号相当) 紺/ネイビー 春夏 トップス ラインストーン レディース,ロペ,美品,トップス,ネイビー,春夏,6080,6080,6080,5480,0,0,600,
10000421,3/26/23 0:24,2023/03/26,00:24,東京都,練馬区,新品同様/かまくら辻ヶ花 高級ちりめん素材ジャケット 大きいサイズ 13号/LL相当 紺/ネイビー 花柄 60代 70代 春秋向 アウター レディース,かまくら辻ヶ花,新品同様,アウター,ネイビー,春秋,17820,17820,17820,17820,0,0,0,
10000420,3/25/23 21:14,2023/03/25,21:14,神奈川県,伊勢原市,美品/エムズグレイシー M'S GRACY シャツワンピース 大きいサイズ 表記42号 LL相当 古着 黒 ブラック レディース 春 夏 半袖 水玉 前開き,エムズグレイシー,美品,ワンピース,ブラック,夏,19800,18810,18810,19800,0,-990,0,
10000419,3/24/23 23:51,2023/03/24,23:51,東京都,板橋区,美品/キヨコタカセ KIYOKO TAKASE K.T ワンピース 表記9号 M相当 黒 ブラック 麻100 リネン ノースリーブ スリップ付き 春 夏 レディース,キヨコタカセ,美品,ワンピース,ブラック,夏,7860,7860,7860,7260,0,0,600,
10000418,3/23/23 11:05,2023/03/23,11:05,神奈川県,愛甲郡愛川町三増,H新品同様/VINVERT バンベール 美形ジャケット 大きいサイズ表記15ABR号(3Lサイズ相当) 黒/ブラック 春秋向 冠婚葬祭 アウター レディース,バンベール,新品同様,アウター,ブラック,春秋,12900,12900,12900,12900,0,0,0,
10000417,3/23/23 10:27,2023/03/23,10:27,栃木県,宇都宮市鶴田町,新品同様/インディヴィ INDIVI カットソー 大きいサイズ 表記48号 17号 4L相当 黒 ブラック 緑系 薄手 3分袖 春 夏 トップス レディース,インディヴィ,新品同様,トップス,ブラック,夏,8300,8300,8300,7700,0,0,600,
10000416,3/23/23 7:58,2023/03/23,07:58,大阪府,門真市,A美品/ 高級オーダー品 美彩なロングワンピース (9号/M相当) 青/ブルー ちりめん素材 モダンなデザイン パーティー 春夏向け レディース,高級オーダー品,美品,ワンピース,ブルー,春夏,12900,12900,12900,12900,0,0,0,
10000415,3/22/23 21:56,2023/03/22,21:56,千葉県,市原市,美品/ドゥクラッセ DoCLASSE お洒落チュニック/ワンピース 表記L(11号相当) 黒/ブラック ベージュ系 長袖 春秋冬向け トップス レディース,ドゥクラッセ,美品,トップス,ブラック,秋冬,7750,7750,7750,7150,0,0,600,
10000414,3/22/23 13:24,2023/03/22,13:24,東京都,墨田区,新品同様/ドゥクラッセ DoCLASSE コート ジャケット 大きいサイズ 表記15号 3L相当 濃紺 羽織 薄手 ストレッチ 春 秋 アウター レディース,ドゥクラッセ,新品同様,アウター,紺,秋,12760,12649,12649,12760,0,-111,0,
10000413,3/20/23 20:55,2023/03/20,20:55,東京都,世田谷区上野毛,S美【essentielヒロコビス】微艶ベージュ*美脚ストレッチパンツ9,ヒロコビス,,ボトムス,ベージュ,,3810,3810,3810,3210,0,0,600,
10000412,3/20/23 14:00,2023/03/20,14:00,東京都,世田谷区赤堤,A美品/ リスペック RESPEC グラン山貴 お洒落なチュニック 小さいサイズ 表記1号(7号相当) 茶/ブラウン 麻リネン混 ピンタック 春夏向け,リスペック,美品,トップス,ブラウン,春夏,6100,6100,6100,5500,0,0,600,
10000411,3/20/23 13:29,2023/03/20,13:29,島根県,松江市,Ａ新品同様/ビースリー B3 美脚ストレッチパンツ 表記34号(9号/M相当) 茶色/ブラウン お出掛け 春夏向け ボトムス レディース,ビースリー,新品同様,ボトムス,ブラウン,春夏,6100,6100,6100,5500,0,0,600,
10000410,3/19/23 22:59,2023/03/19,22:59,大阪府,東大阪市近江堂,A美品*ZARAザラ*黒*ヒョウ柄*美脚パンツ*小さいサイズ34/5,ザラ,美品,ボトムス,黒,,6799,6799,6799,6199,0,0,600,
10000409,3/18/23 11:20,2023/03/18,11:20,京都府,京都市左京区,美品/ヒロコビス HIROKO BIS デニムジャケット ジャケット 表記 11号 L 相当 青 ブルー 綿 コットン お出掛け 春秋 アウター レディース,ヒロコビス,美品,アウター,ブルー,春秋,15620,15620,15620,15620,0,0,0,
10000408,3/17/23 19:57,2023/03/17,19:57,愛知県,豊橋市,M新品/トランスワーク TRANS WORK 美揺ティアードスカート 表記38号(M相当) 白/ホワイト 綿コットン100% レース 春夏 ボトムス レディース,トランスワーク,新品,ボトムス,ホワイト,春夏,12900,12900,12900,12900,0,0,0,
10000407,3/17/23 11:29,2023/03/17,11:29,東京都,昭島市,美品/only M 銀座マギー GINZA MAGGY 大人プリーツスカート 表記40号(11号/L相当) 黒/ブラック チェック柄 春秋向け ボトムス レディース,銀座マギー,美品,ボトムス,ブラック,春秋,9400,9400,9400,8800,0,0,600,
10000406,3/16/23 14:22,2023/03/16,14:22,神奈川県,川崎市中原区,M美品/昭和レトロワンピース 表記9号(38号/M相当) オレンジ 綿&麻リネン素材 伸縮 チェック柄 格子柄 クラシカル 5分袖 春夏向 レディース,花柄ワンピース,美品,ワンピース,オレンジ,春夏,19690,19690,19690,12900,0,0,0,
10000406,3/16/23 14:22,2023/03/16,14:22,神奈川県,川崎市中原区,M美品/花柄ワンピース 表記9号(38号/M相当) 多彩 7分袖 さらり軽やか素材 リボン 膝丈 昭和レトロ クラシカル 春夏向け レディース,ノーブランド,美品,ワンピース,,春夏,19690,19690,19690,6790,0,0,0,
10000405,3/15/23 17:41,2023/03/15,17:41,愛知県,名古屋市天白区御幸山,H美品/CINQ サンク 上質カシミア100％ロングコート 表記9号(Mサイズ相当) 紫/パープル 秋冬向け アウター お出かけ レディース,サンク,美品,アウター,パープル,秋冬,17800,16300,16300,17800,0,-1500,0,
10000404,3/15/23 12:53,2023/03/15,12:53,神奈川県,川崎市中原区,M美品/ラーム LAME シフォンワンピース 9号/M相当 オレンジ 青 プリーツ仕立 透け感 長袖 昭和レトロ エスニック柄 春夏向け レディース,ラーム,美品,ワンピース,青,春夏,12800,12800,12800,12800,0,0,0,
10000403,3/14/23 18:20,2023/03/14,18:20,福岡県,北九州市若松区,A新品同様/パウエルホロン Powal Holon 大人ブラックフォーマル ワンピーススーツ 表記11号(L相当) 黒/ブラック 冠婚葬祭 春夏レディース,パウエルホロン,新品同様,スーツ,ブラック,春夏,17900,17900,17900,17900,0,0,0,
10000402,3/14/23 10:47,2023/03/14,10:47,鹿児島県,鹿児島市,A美品/laura ashley/ローラアシュレイ/ストレッチ素材/ロングデニムスカート/9号/春秋,ローラアシュレイ,美品,ボトムス,,春秋,5580,5469,5469,4980,0,-111,600,
10000401,3/12/23 22:53,2023/03/12,22:53,静岡県,掛川市,M美品/レキップ ヨシエイナバ L'EQUIPE YOSHIE INABA 美揺フレアスカート 表記9号(38号/M相当) 赤 艶感 春夏向け ボトムス レディース,レキップ,美品,ボトムス,赤,春夏,5595,5595,5595,4995,0,0,600,
10000400,3/12/23 12:22,2023/03/12,12:22,千葉県,千葉市花見川区,新品同様/ヒロコビス HIROKO BIS フレアスカート ロングスカート 表記9号 M相当 古着 グレー 紫系 レディース 春 夏 ボトムス 薄手 ゴム,ヒロコビス,新品同様,ボトムス,グレー,夏,8520,8520,8520,7920,0,0,600,
10000399,3/11/23 17:27,2023/03/11,17:27,山梨県,笛吹市,新品同様/アポロベリー Applo berry 東京ソワール フォーマル ワンピース 大きいサイズ 15号 3L相当 黒 ブラック 単品 春 夏 レディース,アポロベリー,新品同様,ワンピース,ブラック,夏,17820,16929,16929,17820,0,-891,0,
10000398,3/10/23 14:35,2023/03/10,14:35,愛知県,東海市,美品/クリッツィア EVEX by KRIZIA フード付きジャケット 表記40号 9号相当 古着 黒 ブラック レディース イタリア製地 春 秋 アウター,クリッツィア,美品,アウター,ブラック,秋,18480,18369,18369,18480,0,-111,0,
10000397,3/10/23 6:17,2023/03/10,06:17,茨城県,つくば市,美品/アンテイラー ANN TAYLOR 比翼ジャケット 小さいサイズ 表記0号(XS相当) 黒/ブラック 毛ウール100% 春秋冬向け アウター レディース,アンテイラー,美品,アウター,ブラック,秋冬,12320,11320,11320,12320,0,-1000,0,
10000396,3/9/23 23:29,2023/03/09,23:29,東京都,新宿区若葉,美品/ハロッズ Harrods 上品ワンピーススーツ 小さいサイズ 表記1号(7号/S相当) クリーム系 毛ウール100% 春夏秋 セットアップ レディース,ハロッズ,美品,スーツ,クリーム,春夏,24200,23700,23700,24200,0,-500,0,
10000395,3/8/23 16:21,2023/03/08,16:21,岩手県,紫波郡矢巾町,美品/東京ソワール SOIR BENIR ブラックフォーマルワンピーススーツ 大きいサイズ 表記13号(LL相当) 黒 春夏 透感 セットアップ レディース,東京ソワール,美品,スーツ,ブラック,春夏,19800,19800,19800,19800,0,0,0,
10000394,3/8/23 14:43,2023/03/08,14:43,岩手県,紫波郡矢巾町大字室岡,A新品同様/ダーマコレクション DAMA collection ノースリーブワンピース 表記9号(M相当) ツイード素材 抽象デザイン モダン幾何学柄 春夏,ダーマコレクション,新品同様,ワンピース,,春夏,12800,12800,12800,12800,0,0,0,
10000393,3/6/23 22:46,2023/03/06,22:46,東京都,八王子市,新品同様/イッセイミヤケ ISSEY MIYAKE ロングコート 表記 9号 M 相当 オレンジ 艶感 変形デザイン お出掛け 春秋 アウター レディース,イッセイミヤケ,新品同様,アウター,オレンジ,春秋,71500,71500,71500,71500,0,0,0,
10000392,3/6/23 22:02,2023/03/06,22:02,神奈川県,横浜市中区,M新品同様/ナチュラルビューティー NATURAL BEAUTY フリンジ付きジャケット 大きいサイズ 表記17号(4L相当) 青 春秋向 アウター レディース,ナチュラルビューティー,新品同様,アウター,青,春秋,4700,4700,4700,4100,0,0,600,
10000391,3/6/23 6:06,2023/03/06,06:06,愛知県,丹羽郡大口町,Ａ美品/バレンザ スポーツ VALENZA SPORTS 大人な半袖ニット 大きいサイズ 表記48号(13号/15号相当) グレー 黒 ボーダー 秋冬 トップス,バレンザ,美品,トップス,黒,秋冬,10401,10401,10401,9801,0,0,600,
10000389,3/3/23 9:33,2023/03/03,09:33,大阪府,岸和田市上松町,H美品/Burberrys バーバリー ふっくら柔らかニットベスト 表記38号(9号Mサイズ相当) 赤/レッド 秋冬向け カシミア混 トップス レディース,バーバリー,美品,トップス,レッド,秋冬,12800,12800,12800,12800,0,0,0,
10000388,3/3/23 8:25,2023/03/03,08:25,沖縄県,国頭郡恩納村,新品同様/SEVENTY ワンピース イタリア製 9号 M相当 黒 ブラック 白 ホワイト ジャージ素材 ストレッチ 半袖 Vネック 春 夏 レディース,セブンティ,新品同様,ワンピース,ブラック,夏,10280,10280,10280,9680,0,0,600,
10000387,2/25/23 20:11,2023/02/25,20:11,岩手県,紫波郡紫波町,美品/ハナエモリ HANAE MORI ベロアスカート 表記M 9号相当 黒 ブラック 膝丈 シンプル 美艶 フレア ストレッチ 秋 冬 ボトムス レディース,ハナエモリ,美品,ボトムス,ブラック,秋,9400,8696,8696,8800,0,-704,600,
10000385,2/20/23 10:37,2023/02/20,10:37,滋賀県,米原市,H新品同様/Brillage ブリアージュ 美形ジャケット 表記11号(13号Lサイズ相当) 黒/ブラック ツイード 秋冬向け 卒業式 アウター レディース,ブリアージュ,新品同様,アウター,ブラック,秋冬,6100,6100,6100,5500,0,0,600,
10000384,2/20/23 5:23,2023/02/20,05:23,東京都,豊島区,A美品/CIVIDINI/チヴィディーニ/黒/艶感/イタリア製/しわ感素材/美脚ストレッチパンツ/I40号/9号(M*38号相当)春夏/レディース,チヴィディーニ,美品,ボトムス,黒,春夏,10399,10399,10399,9799,0,0,600,
10000383,2/20/23 2:53,2023/02/20,02:53,茨城県,水戸市,☆新同ソニアリキエル♪濃グレー♪ファー付き*素敵ジャケット38,ソニアリキエル,新同,アウター,グレー,,3900,3900,3900,3300,0,0,600,
10000382,2/19/23 23:55,2023/02/19,23:55,東京都,小金井市,H美品/モガ MOGA おしゃれ大人ジャケット 大きいサイズ表記17号(4Lサイズ相当) 黒/ブラック ストレッチ 伸縮 春秋向け アウター レディース,モガ,美品,アウター,ブラック,春秋,10580,9781,9781,9980,0,-799,600,
10000381,2/19/23 7:49,2023/02/19,07:49,千葉県,船橋市,M美品*スペッチオ/SPECCHIO*ベージュ*伸縮*繊細プリーツスカート*40/11,スペッチオ,美品,ボトムス,ベージュ,,5600,5200,5200,5000,0,-400,600,
10000380,2/17/23 15:52,2023/02/17,15:52,千葉県,香取市,マックスマーラ Max Mara Mixツイードジャケット 表記IJ44号(11号～大きいサイズ13号相当) 黒系×ベージュ系 秋冬向け アウター レディース,マックスマーラ,,アウター,黒,秋冬,9400,9400,9400,8800,0,0,600,
10000379,2/16/23 15:54,2023/02/16,15:54,大阪府,大阪市住吉区,美品*NARACAMICIEナラ カミーチェ*紺×艶*美形ジャケット？,ナラカミーチェ,美品,ボトムス,紺,,17900,17900,17900,17900,0,0,0,
10000378,2/13/23 10:51,2023/02/13,10:51,東京都,足立区西新井栄町,M美品【リヴォレ】黒♪プリーツ×シフォン*可憐とろみブラウス*9,リヴォレ,美品,トップス,黒,,3581,3581,3581,2981,0,0,600,
10000377,2/12/23 23:32,2023/02/12,23:32,茨城県,龍ケ崎市,Ａ新品/ 23区 素敵なジャケット 大きいサイズ 表記50号(6Lサイズ/21号相当) 紺/ネイビー ピンストライプ柄 オフィス 春秋 アウター,23区,新品,アウター,ネイビー,春秋,10399,9419,9419,9799,0,-980,600,
10000376,2/12/23 22:09,2023/02/12,22:09,神奈川県,横浜市中区,M新品同様/デプレ DES PRES 羽織系カーディガン 小さいサイズ 7号/S相当 茶/ブラウン 総透け感 7分袖 伸縮 春夏向け トップス レディース,デブレ,新品同様,トップス,ブラウン,春夏,16050,14445,14445,5500,0,-1605,0,
10000376,2/12/23 22:09,2023/02/12,22:09,神奈川県,横浜市中区,M新品同様*プロポーションボディドレッシング*シフォンブラウス3,プロポーションボディドレッシング,新品同様,トップス,,,16050,14445,14445,4950,0,-1605,0,
10000376,2/12/23 22:09,2023/02/12,22:09,神奈川県,横浜市中区,M新品同様/ダーマコレクション DAMA collection 美脚スキニーパンツ 小さいサイズ7号(36号 S相当) グレー 迷彩柄 春秋 ボトムス レディース,ダーマコレクション,新品同様,ボトムス,グレー,春秋,16050,14445,14445,5600,0,-1605,0,
10000375,2/12/23 12:02,2023/02/12,12:02,東京都,日野市,美品/マーティンキッドマン Martin Kidman 美揺スカート 英国製 M相当 ボルドー 変形裾 綿100%コーデュロイ素材 秋冬 ボトムス レディース,マーティンキッドマン,美品,ボトムス,,秋冬,12870,12870,12870,12870,0,0,0,
10000374,2/8/23 17:29,2023/02/08,17:29,東京都,多摩市一ノ宮,美品/シビラ Sybilla ニット 表記M 9号相当 古着 黒 ブラック レディース 秋 冬 トップス 長袖 7分袖 刺繍 花柄 ウール スリム,シビラ,美品,トップス,ブラック,秋,8080,8080,8080,7480,0,0,600,
10000373,2/5/23 15:05,2023/02/05,15:05,長崎県,長崎市,Ａ新品同様/レキップ Deux cle L'EQUIPE お洒落ジャケット 表記40号(11号相当) 青/ブルー ゆったりデザイン 春秋 アウター レディース,レキップ,新品同様,アウター,ブルー,春秋,10401,9420,9420,9801,0,-981,600,
10000372,2/5/23 11:28,2023/02/05,11:28,大阪府,大阪市中央区,美品/アツロウタヤマ ATSURO TAYAMA A/T 柔スウェード素材コート 裏総ボア 表記L(11号相当) グレー フード付 秋冬向け アウター レディース,アツロウタヤマ,美品,アウター,グレー,秋冬,22000,19800,19800,22000,0,-2200,0,
10000371,1/30/23 18:58,2023/01/30,18:58,愛知県,尾張旭市井田町,美品/辻ヶ花 大人なロングコート 大きいサイズ (11号～13号相当) 黒/ブラック カシミヤ100％ フォーマルにも 秋冬向け アウター レディース,辻ヶ花,美品,アウター,ブラック,秋冬,29480,29480,29480,29480,0,0,0,
10000370,1/29/23 23:30,2023/01/29,23:30,沖縄県,沖縄市,Ａ美品/ トゥーシー TWO:C 素敵なニットカーディガン 表記40号(11号相当) ベージュ お出掛け 春秋向け トップス レディース,トゥーシー,美品,トップス,ベージュ,春秋,6800,6800,6800,6200,0,0,600,
10000369,1/28/23 19:31,2023/01/28,19:31,東京都,江東区,新品同様/コントワーデコトニエ COMPTOIR DES COTONNIERS メルトンコート 小さい 表記5号(XS相当) グレー 秋冬向け アウター レディース,コントワーデコトニエ,新品同様,アウター,グレー,秋冬,19800,19800,19800,19800,0,0,0,
10000368,1/27/23 22:42,2023/01/27,22:42,京都府,西京区,M美品/エル ELLE 美形テーラードジャケット ダブル 38号(9号/M相当) 茶 ブラウン ウール100 ストライプ柄 通勤 春秋冬 アウター レディース,エル,美品,アウター,ブラウン,秋冬,12800,12800,12800,12800,0,0,0,
10000367,1/27/23 17:31,2023/01/27,17:31,東京都,板橋区,H新品同様/COUP DE CHANCE クードシャンス 美脚パンツ 小さめ表記36号(7号Sサイズ相当) グレー ウール混 秋冬向け ボトムス レディース,クードシャンス,新品同様,ボトムス,グレー,秋冬,6080,6080,6080,5480,0,0,600,
10000366,1/23/23 20:09,2023/01/23,20:09,神奈川県,横浜市西区,新品同様/バーバリー BURBERRYS ダブルボタンジャケット 大きめ 表記15号(３L相当) グレー ウール カシミヤ混 オフィス 秋冬向け アウター,バーバリー,新品同様,アウター,グレー,秋冬,65010,65010,65010,65010,0,0,0,
10000365,1/23/23 13:45,2023/01/23,13:45,大阪府,堺市 南区,新品同様/伊太利屋 GK カットソー 表記9号 M相当 茶 ブラウン 異素材 長袖 チュール ストレッチ 透け感 薄手 春 夏 トップス レディース,伊太利屋,新品同様,トップス,ブラウン,夏,7200,7200,7200,6600,0,0,600,
10000364,1/23/23 11:37,2023/01/23,11:37,神奈川県,横浜市西区,M美/レリアン Leilian ウールジャケット 大きいサイズ13号(LL相当) モスグリーン 仏WURMSER社 ダブルテーラード 秋冬 アウター レディース,レリアン,,アウター,グリーン,秋冬,86110,86110,86110,5500,0,0,0,
10000364,1/23/23 11:37,2023/01/23,11:37,神奈川県,横浜市西区,M美品/レリアン Leilian 美形テーラードジャケット 高級ドイツ製生地 大きいサイズ 表記17号(4L相当) ベージュ 春秋向 アウター レディース,レリアン,美品,アウター,ベージュ,春秋,86110,86110,86110,4950,0,0,0,
10000364,1/23/23 11:37,2023/01/23,11:37,神奈川県,横浜市西区,M美品/レリアン Leilian イタリア製ウールジャケット 大きいサイズ 表記13号(LL相当) グレー グレンチェック柄 春夏 アウター レディース,レリアン,美品,アウター,グレー,春夏,86110,86110,86110,5600,0,0,0,
10000363,1/22/23 23:53,2023/01/22,23:53,東京都,目黒区五本木,新品同様/スコッチハウス THE SCOTCH HOUSE フレアスカート 表記38号 9号 M相当 グレー 毛 ウール シンプル 春 秋 ボトムス レディース,スコッチハウス,新品同様,ボトムス,グレー,秋,8300,8300,8300,7700,0,0,600,
10000362,1/22/23 20:52,2023/01/22,20:52,神奈川県,鎌倉市,新品同様/エジェリ EGERIE ジャージ素材ワンピース フランス製 9号/Ｍ相当 多彩マルチカラー とろみ感 幾何学柄 半袖 春夏向け レディース,エジェリ,新品同様,ワンピース,,春夏,8300,8300,8300,7700,0,0,600,
10000361,1/22/23 18:26,2023/01/22,18:26,東京都,武蔵野市,M美品*伊太利屋*青*ピンタック*GKデザイン*美脚デニムパンツ*9,伊太利屋,美品,ボトムス,青,,10401,10401,10401,9801,0,0,600,
10000360,1/22/23 9:25,2023/01/22,09:25,新潟県,新潟市中央区万代,A新品同様*ラルフローレン*グレー*ふっくら美脚ウールパンツ9,ラルフローレン,新品同様,ボトムス,グレー,,6100,5900,5900,5500,0,-200,600,
10000359,1/19/23 21:55,2023/01/19,21:55,三重県,津市久居野村町,セオリー Theory パンツ ワイドパンツ 表記P 小さいサイズ 5号 XS 7号 S相当 オフホワイト クリーム色系 ウール 春 夏 ボトムス レディース,セオリー,,ボトムス,ホワイト,夏,8300,8300,8300,7700,0,0,600,
10000358,1/19/23 18:32,2023/01/19,18:32,島根県,松江市,M美品/ダックス DAKS 杉綾柄ロングパンツ 大きいサイズ 表記42号(13号/LL相当) 黒/ブラック 炭黒色系 ウール混 秋冬向 ボトムス レディース,ダックス,美品,ボトムス,ブラック,秋冬,10990,8792,8792,10990,0,-2198,0,
10000357,1/16/23 21:11,2023/01/16,21:11,東京都,世田谷区,A美品/BANANA　REPUBLIC/バナナリパブリック/グレー/イタリア製生地/ふっくらツイード素材/美形ノーカラージャケット/6号(L*11号相当)春夏,バナナリパプリック,美品,アウター,グレー,春夏,6100,5900,5900,5500,0,-200,600,
10000356,1/16/23 8:46,2023/01/16,08:46,神奈川県,海老名市,M新品*トランテアン31SonsDEmode*黒♪オールインワン*小さい36/7,トランテアン,新品,ワンピース,黒,,5900,5900,5900,5300,0,0,600,
10000355,1/14/23 22:47,2023/01/14,22:47,神奈川県,横浜市,美品*TABASA*タバサ*黒*ニット素材*美揺れスカート9,タバサ,美品,ボトムス,黒,,7400,7400,7400,6800,0,0,600,
10000354,1/14/23 21:27,2023/01/14,21:27,兵庫県,神戸市西区,Ａ新品同様/レキップ ヨシエイナバ L'EQUIPE YOSHIE INABA 上品ラップスカート 表記9号(38号/M相当) 黒 プリーツ 春夏 ボトムス レディース,レキップ,新品同様,ボトムス,黒,春夏,6900,6900,6900,6300,0,0,600,
10000353,1/9/23 23:03,2023/01/09,23:03,千葉県,柏市亀甲台町,M新品同様/BELLA DONNA 美黒ベロアジャケット イタリア製生地 表記40号(11号/L相当) 黒/ブラック ふっくら 秋冬向け アウター レディース,ベラドンナ,新品同様,アウター,ブラック,秋冬,24800,23300,23300,24800,0,-1500,0,
10000352,1/9/23 11:48,2023/01/09,11:48,青森県,八戸市新井田西,M美品/マックスマーラ Max Mara WEEKEND ウール系ツイードパンツ 表記40号(11号相当) グレー ゆったり 伸縮 秋冬向け ボトムス レディース,マックスマーラ,美品,ボトムス,グレー,秋冬,16900,16700,16700,16900,0,-200,0,
10000351,1/7/23 13:45,2023/01/07,13:45,東京都,台東区,美品/伊太利屋 GK ロングスカート 表記11号 L相当 こげ茶 濃茶 ウエストゴム ストレッチ ビジュー マーメイド風 春 夏 ボトムス レディース,伊太利屋,美品,ボトムス,茶,夏,22990,22990,22990,7480,0,0,0,
10000351,1/7/23 13:45,2023/01/07,13:45,東京都,台東区,美品/伊太利屋 GK フレアスカート 大きいサイズ 表記15号 3L相当 黒 ブラック GK柄 膝下丈 薄地 大人 シンプル 春夏 ボトムス レディース,伊太利屋,美品,ボトムス,ブラック,春夏,22990,22990,22990,7590,0,0,0,
10000351,1/7/23 13:45,2023/01/07,13:45,東京都,台東区,新品/Fitme Moi ジュニアー プリーツスカート 大きいサイズ 表記EL 15号 3L相当 ワイン ボルドー ロング丈 艶感 春 夏 ボトムス レディース,フィットミーモア,新品,ボトムス,,夏,22990,22990,22990,7920,0,0,0,
10000350,1/6/23 15:30,2023/01/06,15:30,大阪府,柏原市,M新品同様/東京ソワール/黒/ブラック/美レース&フリル&シフォン/7分袖/フォーマルブラウス/トップス/9号（38号/М相当）/春夏/レディース,東京ソワール,新品同様,トップス,ブラック,春夏,6100,6100,6100,5500,0,0,600,
10000349,1/6/23 10:56,2023/01/06,10:56,沖縄県,糸満市,A新品同様/ リフレクト Reflect 素敵なチュニック 表記9号(M相当) シフォン素材 美彩なペイズリー柄 春夏向け トップス レディース,リフレクト,新品同様,トップス,,春夏,6080,6080,6080,5480,0,0,600,
10000348,1/5/23 13:48,2023/01/05,13:48,千葉県,君津市,美品/23区 清楚レースワンピース 大きいサイズ 表記48号(17号相当) ベージュ系 1分袖 お出掛け お呼ばれ 異素材 春夏向け レディース,23区,美品,ワンピース,ベージュ,春夏,16720,16720,16720,16720,0,0,0,
10000347,1/4/23 22:16,2023/01/04,22:16,埼玉県,さいたま市緑区,美品/23区 ノーカラージャケット 大きいサイズ 表記46号(15号相当) 濃紺/ネイビー 綿コットン フレア袖 比翼 春夏向け アウター レディース,23区,美品,アウター,ネイビー,春夏,11000,11000,11000,11000,0,0,0,
10000346,12/31/22 21:22,2022/12/31,21:22,奈良県,奈良市,M美品/ミスクロエ miss chloe ツイードスカート 表記40号(11号/L相当) ピンク 麻リネン&綿コットン素材 伸縮 春秋冬 ボトムス レディース,ミスクロエ,美品,ボトムス,ピンク,秋冬,10100,10100,10100,6200,0,0,600,
10000346,12/31/22 21:22,2022/12/31,21:22,奈良県,奈良市,☆新同レコパン♪イタリア製*霜降グレー♪美脚ツイードパンツ40,レコパン,新同,ボトムス,グレー,,10100,10100,10100,3300,0,0,600,
10000345,12/31/22 11:03,2022/12/31,11:03,広島県,福山市明王台,A新品同様/UNTITLED/アンタイトル/黒/ストレッチ素材/美脚スリムパンツ/小さいサイズ/1号/7号/春夏秋,アンタイトル,新品同様,ボトムス,黒,春夏,7390,7390,7390,6790,0,0,600,
10000344,12/30/22 22:36,2022/12/30,22:36,大阪府,池田市,新品同様/レリアン Leilian 大人ロングパンツ 表記9号(M相当) 黒/ブラック シンプル 伸縮 薄地 通勤 オフィス 春夏向 ボトムス レディース,レリアン,新品同様,ボトムス,ブラック,春夏,18700,18700,18700,18700,0,0,0,
10000343,12/29/22 17:06,2022/12/29,17:06,大阪府,箕面市,M美品*ピッコーネ/PICONE*黒*美脚ストレッチパンツ*40/11,ピッコーネ,美品,ボトムス,黒,,6200,6200,6200,5600,0,0,600,
10000342,12/27/22 9:58,2022/12/27,09:58,兵庫県,神戸市東灘区,新品同様/ドゥクラッセ DoCLASSE 暖かチェスターコート 大きいサイズ 表記13号(LL相当) グレー 圧縮ウール系 秋冬向け アウター レディース,ドゥクラッセ,新品同様,アウター,グレー,秋冬,11000,11000,11000,11000,0,0,0,
10000341,12/26/22 22:36,2022/12/26,22:36,広島県,広島市南区,A美品/オフオン OFUON 軽やかなふっくらダウンコート 表記40号(11号 L相当) ベージュ ラクーンファー お出掛け 秋冬向け アウター,オフオン,美品,アウター,ベージュ,秋冬,4700,4589,4589,4100,0,-111,600,
10000340,12/26/22 22:24,2022/12/26,22:24,兵庫県,芦屋市,A美品*BURBERRY*バーバリー*紺*ウール100％*美形スカート9,バーバリー,美品,ボトムス,紺,,11286,11286,11286,11286,0,0,0,
10000339,12/24/22 23:39,2022/12/24,23:39,東京都,足立区,H美品/オネイロス ONEIROS 美形ジャケット 表記11号(Lサイズ相当) 白/オフホワイト 春秋向け 学校行事 入学 オフィス トップス レディース,オネイロス,美品,トップス,ホワイト,春秋,38500,38500,38500,6210,0,0,0,
10000339,12/24/22 23:39,2022/12/24,23:39,東京都,足立区,M美品/スペッチオ SPECCHIO プリーツ素材カーディガン 表記40号(11号/L相当) グレー 羽織 伸縮 ビーズ 春夏向け トップス レディース,スペッチオ,美品,トップス,グレー,春夏,38500,38500,38500,5500,0,0,0,
10000339,12/24/22 23:39,2022/12/24,23:39,東京都,足立区,H美品/イエナスローブ IENA SLOBE おしゃれプリーツカットソー 表記F号(9~11号M~L相当) 茶/ブラウン 春秋向け トップス レディース,イエナスローブ,美品,トップス,ブラウン,春秋,38500,38500,38500,7000,0,0,0,
10000339,12/24/22 23:39,2022/12/24,23:39,東京都,足立区,M新品同様/スマートピンク smart pink 素敵ストライプ柄ブラウス 表記40号(11号/L相当) 深緑 カーキ 長袖 春夏秋向け トップス レディース,スマートピンク,新品同様,トップス,緑,春夏,38500,38500,38500,6200,0,0,0,
10000339,12/24/22 23:39,2022/12/24,23:39,東京都,足立区,M美品*シリリュス*黒*ボリューム袖*素敵コットンブラウス*I46/11,シリリュス,美品,トップス,黒,,38500,38500,38500,6790,0,0,0,
10000339,12/24/22 23:39,2022/12/24,23:39,東京都,足立区,M美品/フレイアイディー FRAY I.D ふっくらニットベスト 表記F/フリー(9号/M/11号/L相当) カーキ×黒/ブラック 秋冬 トップス レディース,フレイアイディー,美品,トップス,ブラック,秋冬,38500,38500,38500,6800,0,0,0,
10000338,12/24/22 19:38,2022/12/24,19:38,岐阜県,本巣市,Ａ美品/Pierre cardin ピエールカルダン 美形ノースリーブチュニック (9号/M相当) 綿100％ 美彩な格子柄 昭和レトロ 春夏向け トップス,ピエールカルダン,美品,トップス,,春夏,7399,7288,7288,6799,0,-111,600,
10000337,12/23/22 10:25,2022/12/23,10:25,東京都,港区,美品/ダーマコレクション DAMA collection 絹シルク100%素材トレンチコート 表記M(9号相当) 黒/ブラック ドット 春秋 アウター レディース,ダーマコレクション,美品,アウター,ブラック,春秋,15180,14421,14421,15180,0,-759,0,
10000336,12/22/22 21:32,2022/12/22,21:32,東京都,豊島区,新品/アーバンリサーチ URBAN RESEARCH ショートコート 9号～11号相当 黒/ブラック ウール混 メルトン素材 秋冬向け アウター レディース,アーバンリサーチ,新品,アウター,ブラック,秋冬,20020,20020,20020,20020,0,0,0,
10000335,12/22/22 19:03,2022/12/22,19:03,福島県,福島市,美品/ スキャパ SCAPA 美彩レザースカート 表記40号(11号/Lサイズ相当) グレー ペーズリー柄 豚革 秋冬向け ボトムス レディース,スキャパ,美品,ボトムス,グレー,秋冬,15899,15899,15899,15899,0,0,0,
10000334,12/22/22 15:48,2022/12/22,15:48,大阪府,大阪市中央区内本町,M新品/ザラ ZARA 変形ニットスカート 小さいサイズ 表記S号(7号 36号相当) 黒 ブラック 麻リネン混 伸縮 ラップ風 秋冬 ボトムス レディー,アイシービー,新品,ボトムス,ブラック,秋冬,8400,8400,8400,7800,0,0,600,
10000333,12/22/22 0:33,2022/12/22,00:33,東京都,足立区,M新品同様/TRANS WARK/トランスワーク/黒/ブラック/微ラメ/7分袖ニット/40/11,ザラ,新品同様,トップス,ブラック,,10310,10310,10310,5500,0,0,600,
10000333,12/22/22 0:33,2022/12/22,00:33,東京都,足立区,H美品/アイシービー iCB 華やかカーディガン 表記Lサイズ(11号相当) 黒/ブラック 春夏向け スパンコール お出掛け トップス レディース,トランスワーク,美品,トップス,ブラック,春夏,10310,10310,10310,4210,0,0,600,
10000332,12/19/22 17:17,2022/12/19,17:17,広島県,広島市安佐南区,Ａ美品/ブルーレーベルクレストブリッジ BLUE LABEL CRESTBRIDGE プリーツスカート 小さめ 表記36号(7号/S相当) チェック柄 春夏 ボトムス,ブルーレーベルクレストブリッジ,美品,ボトムス,ブルー,春夏,12900,12900,12900,12900,0,0,0,
10000331,12/18/22 23:05,2022/12/18,23:05,北海道,函館市元町,新品同様/パリエンヌ PARIENNE ジャケット ジップアップ 表記11号 L相当 赤 レッド 裏起毛 暖かい ダイヤ柄 秋 冬 アウター レディース,パリエンヌ,新品同様,アウター,レッド,秋,11550,10972,10972,11550,0,-578,0,
10000330,12/15/22 6:47,2022/12/15,06:47,東京都,豊島区,新品同様/セオリー Theory ニット タートルネック カシミヤ100 表記 S 9号 M 相当 グレー 長袖 シンプル 薄手 秋 冬 トップス レディース,セオリー,新品同様,トップス,グレー,秋,8300,8300,8300,7700,0,0,600,
10000329,12/13/22 13:50,2022/12/13,13:50,高知県,高知市,H新品同様/エル・ジュネ Ell Gune 極柔カシミア100%ニット 表記Mサイズ(9号相当) 黒/ブラック 秋冬向け お出掛け トップス レディース,エル・ジュネ,新品同様,トップス,ブラック,秋冬,6810,6499,6499,6210,0,-311,600,
10000328,12/12/22 9:45,2022/12/12,09:45,東京都,新宿区,Ａ美品/銀座和光 WAKO 大人な美的タイトスカート 表記9号(38号相当) ベージュ 微小格子デザイン お食事会 春春 ボトムス レディース,銀座和光,美品,ボトムス,ベージュ,春,12800,12160,12160,12800,0,-640,0,
10000327,12/12/22 8:07,2022/12/12,08:07,千葉県,習志野市,M美品/リフレクト Reflect 美揺プリーツスカート 表記11号(40号/L相当) こげ茶 極柔スウェード素材 微艶感 秋冬向け ボトムス レディース,リフレクト,美品,ボトムス,茶,秋冬,6551,6551,6551,5951,0,0,600,
10000325,12/10/22 20:18,2022/12/10,20:18,千葉県,市原市,H美品/INDIVI インディヴィ 重ね着風おしゃれプルオーバーニットシャツ (9号Mサイズ相当) 青/ブルー 秋冬向け 異素材 トップス レディース,インディヴィ,美品,トップス,ブルー,秋冬,6100,6100,6100,5500,0,0,600,
10000324,12/10/22 1:35,2022/12/10,01:35,大阪府,大阪市,A新品同様/UNTITLED/アンタイトル/紺/ピンストライプ地柄/ストレッチ素材/大人ジャケット/大きいサイズ/44号(15号*3Ｌ相当)春秋/レディース,アンタイトル,新品同様,アウター,紺,春秋,7390,7390,7390,6790,0,0,600,
10000323,12/8/22 8:25,2022/12/08,08:25,東京都,江東区,美品/ボディドレッシングデラックス BODY DRESSING Deluxe ダウンジャケット 表記38号(9号相当) グレー フォックスファー 秋冬 アウター,ボディドレッシングデラックス,美品,アウター,グレー,秋冬,17600,17600,17600,17600,0,0,0,
10000322,12/7/22 0:39,2022/12/07,00:39,福岡県,北九州市八幡東区,A美品*GEIGER*ガイガー*ふっくらウールジャケット38/9,ガイガー,美品,アウター,,,12900,12900,12900,12900,0,0,0,
10000321,12/6/22 12:27,2022/12/06,12:27,東京都,板橋区,A美品*THE SCOTCH HOUSE/スコッチハウス/キャメル/上質ウール素材/ロゴ釦/素敵コート/40号(11号/L相当) 秋冬向け/レディース,スコッチハウス,美品,トップス,キャメル,秋冬,6080,6080,6080,5480,0,0,600,
10000320,12/5/22 23:05,2022/12/05,23:05,東京都,世田谷区,S新同*ユーバイウンガロ*モヘヤ混*ふんわり*華やかカーディガンM,ユーバイウンガロ,,トップス,,,16610,15779,15779,16610,0,-831,0,
10000319,12/5/22 15:54,2022/12/05,15:54,神奈川県,海老名市,☆美品ローラアシュレイ♪濃茶*花刺繍♪素敵ニットカーディガンM,ローラアシュレイ,美品,トップス,茶,,6199,5999,5999,5599,0,-200,600,
10000318,12/5/22 8:10,2022/12/05,08:10,東京都,板橋区,新品同様/タケオニシダ TAKEO NISHIDA ジャケット 表記11号 L相当 グレー 毛 ウール ノーカラー ラメ ロング 秋 冬 アウター レディース,タケオニシダ,新品同様,アウター,グレー,秋,17490,17490,17490,17490,0,0,0,
10000317,12/3/22 19:58,2022/12/03,19:58,愛知県,一宮市今伊勢町本神戸字上町,A美品/ピノーレ PRESSE ふっくらロングコート 表記38号(11号/L相当) 紺/ネイビー 絹シルク アンゴラ アウター お出掛け 秋冬 レディース,ピノーレ,美品,アウター,ネイビー,秋冬,15799,15599,15599,15799,0,-200,0,
10000316,12/3/22 3:00,2022/12/03,03:00,埼玉県,ふじみ野市,美品/ヴォイスメール VOICE MAIL テーラードジャケット 小さいサイズ 表記USA4号(7号/S相当) 黒/ブラック 毛100% 秋冬 アウター レディース,ヴォイスメール,美品,アウター,ブラック,秋冬,8300,8300,8300,7700,0,0,600,
10000315,11/30/22 9:03,2022/11/30,09:03,埼玉県,川越市,美品/オサムマエダ OSAMU MAEDA ふっくらウール100%コート 11号(Lサイズ相当) 黒/ブラック 秋冬 カシミア混 ポンチョ アウター レディース,オサムマエダ,美品,アウター,ブラック,秋冬,15400,14400,14400,15400,0,-1000,0,
10000314,11/28/22 23:06,2022/11/28,23:06,東京都,世田谷区南烏山,M美品/Chamois V シャミーヴィ ざっくり美編ニット トップス 9号(38号/М相当) ベージュ 透け感 伸縮 春秋向け レディース,ラルフローレン,美品,トップス,ベージュ,春秋,16590,15760,15760,5600,0,-830,0,
10000314,11/28/22 23:06,2022/11/28,23:06,東京都,世田谷区南烏山,M新品同様/シャミー Chamois モヘア混ニットカーディガン 表記9号(38号/M相当) 白 クリーム色 金&ビジュー付釦 秋冬向 トップス レディース,シャミーヴィ,新品同様,トップス,白,秋冬,16590,15760,15760,4200,0,-830,0,
10000314,11/28/22 23:06,2022/11/28,23:06,東京都,世田谷区南烏山,M美品/Chamois V/シャミーヴィ/グレー/薄地ウール素材/お洒落デザインニット/40号（11号/L相当）/春秋冬/レディース,シャミーヴィ,美品,トップス,グレー,秋冬,16590,15760,15760,6790,0,-830,0,
10000313,11/27/22 7:51,2022/11/27,07:51,神奈川県,海老名市,M美品/RALPH LAUREN ラルフローレン カシミヤ混ふっくらカーディガン トップス L(11号/40号相当) 黒/ブラック 伸縮 秋冬向け レディース,シャミー,美品,トップス,ブラック,秋冬,11000,11000,11000,11000,0,0,0,
10000312,11/26/22 0:09,2022/11/26,00:09,栃木県,大田原市,S美品*コムサデモード*グレー系*綺麗ヘリンボーン柄*美脚パンツL,コムサデモード,美品,ボトムス,グレー,,5899,5899,5899,5299,0,0,600,
10000311,11/25/22 17:48,2022/11/25,17:48,富山県,射水市,S新同【マークバイマークジェイコブス】花柄チュニック*大きめ13,マークバイマークジェイコブス,,トップス,,,6200,6200,6200,5600,0,0,600,
10000310,11/24/22 21:40,2022/11/24,21:40,山梨県,甲斐市,A美品*銀座マギーMAGGY*茶色*お洒落ストレッチパンツ38/9,銀座マギー,美品,ボトムス,茶,,6800,6800,6800,6200,0,0,600,
10000309,11/22/22 21:27,2022/11/22,21:27,広島県,東広島市,H美品/リフレクト Reflect 美揺フレアスカート 表記11号(Lサイズ相当) 黒/ブラック/チェック柄 春秋向け お食事会 ボトムス レディース,リフレクト,美品,ボトムス,ブラック,春秋,5590,5590,5590,4990,0,0,600,
10000308,11/20/22 22:21,2022/11/20,22:21,東京都,葛飾区,M美品/イヴサンローラン YVESSAINTLAURENT 高級ロングジャケット 11号/40号/L相当 茶/ブラウン ウール系素材 秋冬向け アウター レディース,イヴサンローラン,美品,アウター,ブラウン,秋冬,34800,34800,34800,34800,0,0,0,
10000307,11/19/22 10:32,2022/11/19,10:32,愛知県,名古屋市昭和区,新品同様/ふっくら極暖ダウンベスト ダウン90% 表記38号(9号/Ｍ相当) グレー フード付 アウトドア シンプル 秋冬向け トップス レディース,ノーブランド,新品同様,トップス,グレー,秋冬,7200,7200,7200,6600,0,0,600,
10000306,11/17/22 1:01,2022/11/17,01:01,神奈川県,相模原市南区,Ａ美品/ダックス DAKS 高級な美形スカートスーツ 表記9号(M相当) ベージュ ウール100％ 金ロゴ釦 ビジネス オフィス 春秋向け レディース,ダックス,美品,スーツ,ベージュ,春秋,15810,15810,15810,15810,0,0,0,
10000305,11/16/22 16:41,2022/11/16,16:41,兵庫県,加西市東横田町,Ａ美品/プラステ PLST ふっくらダウンコート 小さいサイズ 表記0号(5号/XS相当) グレー 比翼仕立て お出掛け 秋冬向け アウター レディース,プラステ,美品,アウター,グレー,秋冬,12900,12900,12900,12900,0,0,0,
10000304,11/15/22 20:15,2022/11/15,20:15,茨城県,常陸太田市,M美品/ユナイテッドカラーズオブベネトン BENETTON ニットジャケット 表記M(9号相当) 茶/ブラウン モヘア混 秋冬向け アウター レディース,ユナイテッドカラーズオブベネトン,美品,アウター,ブラウン,秋冬,7600,7600,7600,7000,0,0,600,
10000303,11/13/22 6:54,2022/11/13,06:54,佐賀県,佐賀市,新品同様/コムサデモード COMME CA DU MODE プリーツスカート 表記11号 L相当 グレー 毛100 ウール 膝丈 柄 秋冬 ボトムス レディース,コムサデモード,新品同様,ボトムス,グレー,秋冬,5880,5880,5880,5280,0,0,600,
10000302,11/11/22 6:35,2022/11/11,06:35,大阪府,寝屋川市,新品同様/セオリー theory 美形ジャケット 表記4号(9～11号/ML相当) 黒 ピンスト柄 ビジネス 春秋冬向け アウター レディース,セオリー,新品同様,アウター,黒,秋冬,12800,12800,12800,12800,0,0,0,
10000301,11/10/22 21:58,2022/11/10,21:58,神奈川県,横浜市神奈川区,新品同様/チャコット Chacott ノースリーブカットソー/ベスト  表記M(9号相当) 黒/ブラック 刺繍 レース 綿100% 春夏 トップス レディース,チャコット,新品同様,トップス,ブラック,春夏,6100,6100,6100,5500,0,0,600,
10000300,11/9/22 22:05,2022/11/09,22:05,静岡県,静岡市駿河区鎌田,A新品同様*MODEX*美花柄総レース*上品カットソー*大きいサイズ13,モデックス,新品同様,トップス,,,8899,8899,8899,8299,0,0,600,
10000299,11/9/22 11:07,2022/11/09,11:07,愛知県,名古屋市東区,新品同様/詩仙堂 ヒトシタムラ ベスト ちりめん 9号 M 11号 L 相当 炭黒色 前開き 羽織 和柄 ゆったり 春 夏 トップス レディース,詩仙堂,新品同様,トップス,黒,夏,14520,14520,14520,14520,0,0,0,
10000298,11/9/22 11:00,2022/11/09,11:00,東京都,大田区,A美品/COP.COPINE/コップコピーヌ/黒/フランス製/ストレッチ素材/ゆったりロングパンツ/38号/9号/春秋,コップコピーヌ,美品,ボトムス,黒,春秋,7390,7390,7390,6790,0,0,600,
10000297,11/8/22 6:03,2022/11/08,06:03,岡山県,岡山市北区,M美品/Retined 極柔カシミヤ100% ふっくらニット 表記L(11号/40号相当) 赤/レッド 長袖 シンプル ハイネック 秋冬向け トップス レディース,Retined,美品,トップス,レッド,秋冬,4800,3800,3800,4200,0,-1000,600,
10000296,11/8/22 5:47,2022/11/08,05:47,千葉県,成田市,H美品/組曲 KUMIKYOKU 上品ウール混コート 表記3号(11号Lサイズ相当) ベージュ 秋冬向け お出掛け ピーコート アウター レディース,組曲,美品,アウター,ベージュ,秋冬,4700,4700,4700,4100,0,0,600,
10000295,11/7/22 22:35,2022/11/07,22:35,東京都,練馬区,新品同様/レリアン Leilian ワンピース 表記9号 M相当 黒 ブラック ノースリーブ ミモレ丈 ゆったり ストレッチ vネック 春秋冬 レディース,レリアン,新品同様,ワンピース,ブラック,秋冬,25080,23580,23580,25080,0,-1500,0,
10000294,11/7/22 10:42,2022/11/07,10:42,東京都,世田谷区,新品同様/23区 ワンピース ニットワンピース 表記38号 9号 M相当 グレー ロング 毛100 ウール シンプル vネック リブ編み 秋 冬 レディース,23区,新品同様,ワンピース,グレー,秋,9290,9290,9290,8690,0,0,600,
10000293,11/6/22 21:00,2022/11/06,21:00,東京都,板橋区,新品同様/ヨウジヤマモト Ys yohji yamamoto 異素材ロングフレアスカート 表記1号(9～11号/Ｍ～Ｌ相当) 黒/ブラック 春秋冬向け レディース,ヨウジヤマモト,新品同様,ボトムス,ブラック,秋冬,10401,10201,10201,9801,0,-200,600,
10000292,11/5/22 15:30,2022/11/05,15:30,岡山県,岡山市北区,A美品/Liliane Burty リリアンビューティ/グレー×艶感/絹シルク混/ツイード素材/微小幾何学柄/美形タイトスカート11,リリアンビューティ,美品,ボトムス,グレー,,5800,5800,5800,5200,0,0,600,
10000291,11/4/22 0:12,2022/11/04,00:12,神奈川県,茅ヶ崎市柳島,A新品同様/ロペ ROPE 大人な美形コート ジャケット 小さいサイズ 表記7号(S相当) ブラウン 微小な幾何学柄 春秋向け アウター レディース,ロペ,新品同様,アウター,ブラウン,春秋,12800,12800,12800,12800,0,0,0,
10000290,11/3/22 17:49,2022/11/03,17:49,東京都,江戸川区清新町,A新品同様/ミス パリス miss paris ？ 高級テーラードジャケット 表記11号(40号/L相当) 黒/ブラック ベロア素材 秋冬 アウター レディース,ミスパリス,新品同様,アウター,ブラック,秋冬,12800,12800,12800,12800,0,0,0,
10000289,11/1/22 12:37,2022/11/01,12:37,愛知県,名古屋市千種区鹿子町,M美品/美形ステンカラーコート 高級カシミヤ100% 表記9号(38号/M相当) 黒/ブラック シンプル ロング丈 通勤 秋冬向け アウターレディース,ノーブランド,美品,アウター,ブラック,秋冬,17900,17900,17900,17900,0,0,0,
10000288,11/1/22 10:59,2022/11/01,10:59,奈良県,大和郡山市,新品同様/チュマンドール chumandor 極暖ダウンジャケット Ｌサイズ(11号相当) 秋冬向け お出かけ グレー アウター レディース,チュマンドール,新品同様,アウター,グレー,秋冬,10390,10390,10390,9790,0,0,600,
10000287,10/31/22 16:59,2022/10/31,16:59,京都府,京都市西京区,新品同様/ミラショーン mila schon テーラードジャケット ベロア 表記40号 11号 L相当 黒系 ブラック ふっくら 秋 冬 アウター レディース,ミラショーン,新品同様,アウター,ブラック,秋,14300,14300,14300,14300,0,0,0,
10000286,10/31/22 8:30,2022/10/31,08:30,大阪府,吹田市,M美品/クリッツィア EVEX by KRIZIA プリーツスカート 表記42号(11号 L相当) グレー ウール素材 しわ感デザイン 春秋 ボトムス レディース,クリッツィア,美品,ボトムス,グレー,春秋,5590,5390,5390,4990,0,-200,600,
10000285,10/31/22 1:47,2022/10/31,01:47,千葉県,柏市,H美品/STATE OF CLAUDE MONTANA クロードモンタナ 美脚フレアパンツ 表記40号(9号Mサイズ相当) 黒 毛100% 秋冬向け ボトムス レディース,クロードモンタナ,美品,ボトムス,黒,秋冬,8399,8399,8399,7799,0,0,600,
10000284,10/30/22 20:19,2022/10/30,20:19,富山県,射水市,H美品/UNTITLED アンタイトル ふんわり美揺プリーツスカート (9号Mサイズ相当) オレンジ/ベージュ 春秋向け お花見 ボトムス レディース,アンタイトル,美品,ボトムス,ベージュ,春秋,6800,6800,6800,6200,0,0,600,
10000283,10/28/22 23:19,2022/10/28,23:19,神奈川県,海老名市,A美品/CORDIER/コルディア/黒×艶感/上質ウール・アンゴラ混/軽やか美形ジャケット/40号(11号*L相当)秋冬/レディース,コルディア,美品,アウター,黒,秋冬,6100,6100,6100,5500,0,0,600,
10000282,10/28/22 9:24,2022/10/28,09:24,東京都,新宿区中町,M美品/自由区 羽織系カーディガン 表記38号(9号/M相当) グレー ウール100％ 伸縮 7分袖 シンプルデザイン 春秋冬向け トップス レディース,自由区,美品,トップス,グレー,秋冬,6080,6080,6080,5480,0,0,600,
10000281,10/26/22 22:21,2022/10/26,22:21,大阪府,大阪市福島区,美品/レキップヨシエイナバ L'EQUIPE YOSHIE INABA 素敵な美形カットソー 表記9号(M相当) 黒 ジャージ素材 ロゴデザイン 春秋向け トップス,レキップヨシエイナバ,美品,トップス,黒,春秋,6100,6100,6100,5500,0,0,600,
10000280,10/26/22 21:21,2022/10/26,21:21,埼玉県,所沢市,美品/バーバリー BURBERRY 素敵なコットンチュニック 大きいサイズ 表記48号(13号/15号相当) 白/ホワイト 美花柄 春夏向け トップス,バーバリー,美品,トップス,ホワイト,春夏,20020,20020,20020,20020,0,0,0,
10000279,10/26/22 14:31,2022/10/26,14:31,京都府,京都市下京区,Ａ新品同様/ボッシュ BOSCH 上品なドレスワンピース 表記Mサイズ(9号相当) 黒/ブラック 艶感 高級ベロア素材 パーティ 秋冬 レディース,ボッシュ,新品同様,ワンピース,ブラック,秋冬,15799,15009,15009,15799,0,-790,0,
10000278,10/25/22 9:59,2022/10/25,09:59,東京都,練馬区,Ａ美品/スキャパ SCAPA 大人なプリーツスカート 表記38号(9号/M相当) 黒/ブラック ウール100％ ピンストライプ柄 秋冬 ボトムス レディース,スキャパ,美品,ボトムス,ブラック,秋冬,7400,7400,7400,6800,0,0,600,
10000277,10/25/22 1:52,2022/10/25,01:52,東京都,北区,M美品*伊太利屋/青×茶/定番アニマル柄/ストレッチ/軽やか/ゆったりパンツ/11,伊太利屋,美品,ボトムス,茶,,12800,12800,12800,12800,0,0,0,
10000276,10/25/22 0:23,2022/10/25,00:23,東京都,町田市,Ａ新品同様/グリーンレーベルリラクシング GREEN LABEL RELAXING お洒落なカットソー (9号相当) キャメル ウール100 秋冬 トップス,グリーンレーベルリラクシング,新品同様,トップス,グリーン,秋冬,5799,5599,5599,5199,0,-200,600,
10000275,10/24/22 20:24,2022/10/24,20:24,千葉県,千葉市,H美品/タルボット Talbots 美形大人ジャケット 大きいサイズ表記14号(15号3Lサイズ相当) 春秋向け 毛混 紺/ネイビー アウター レディース,タルボット,美品,アウター,ネイビー,春秋,12810,12169,12169,12810,0,-641,0,
10000274,10/24/22 10:05,2022/10/24,10:05,東京都,新宿区,M美品/マックスアズリア BCBG MAXAZRIA お洒落チュニック 小さい 表記S(7号相当) 黒 グレー 5分袖 ジャージ素材 春夏 トップス レディース,マックスアズリア,美品,トップス,黒,春夏,17200,17200,17200,17200,0,0,0,
10000273,10/22/22 15:07,2022/10/22,15:07,北海道,札幌市東区,A美品/スマートピンク smart pink 美形テーラードジャケット 表記40号(9号/M相当) 茶/ブラウン オフィス お出掛け 秋冬 アウター,スマートピンク,美品,アウター,ブラウン,秋冬,10401,10401,10401,9801,0,0,600,
10000272,10/22/22 14:16,2022/10/22,14:16,京都府,京都市上京区山本町,美品/ニナリッチ NINA RICCI フォーマル ジャケット 大きいサイズ 13号 LL相当 黒 ブラック 単品 ノーカラー 春 夏 秋 アウター レディース,ニナリッチ,美品,アウター,ブラック,夏,35750,35750,35750,35750,0,0,0,
10000271,10/22/22 10:26,2022/10/22,10:26,大阪府,池田市,M美品/ジャンニロジュディチェ GIANNI LO GIUDICE 極柔カシミヤニット 小さいサイズ 表記36号(7号相当) 赤 7分袖 秋冬 ボトムス レディース,ジャンニロジュディチェ,美品,ボトムス,赤,秋冬,6799,6799,6799,6199,0,0,600,
10000270,10/22/22 2:51,2022/10/22,02:51,東京都,世田谷区,新品同様/ランバン LANVIN レリアン ワンピース 表記38号 9号相当 ベージュ系 シャンパンゴールド系 プリーツ仕立 ロング 春 夏 レディース,ランバン,新品同様,ワンピース,ベージュ,夏,33000,31500,31500,33000,0,-1500,0,
10000269,10/21/22 19:11,2022/10/21,19:11,兵庫県,神戸市中央区,A美品/BODY DRESSING Deluxe ボディドレッシングデラックス 極柔カシミヤ タートルニット 9号(38号/M相当) グレー 秋冬向け レディース,ボディドレッシングデラックス,美品,トップス,グレー,秋冬,5799,5799,5799,5199,0,0,600,
10000268,10/21/22 16:50,2022/10/21,16:50,大阪府,高槻市,S美品【ユキコハナイ】濃茶*立体ライン柄*さらり美的スカート*11,ユキコハナイ,美品,ボトムス,茶,,7400,7400,7400,6800,0,0,600,
10000267,10/20/22 23:21,2022/10/20,23:21,東京都,江東区,H美品/ドゥクラッセ DoCLASSE ストレッチカットソー 表記Lサイズ(11号相当) 紺/ネイビー 春秋向け 七分丈 ハイネック トップス レディース,ドゥクラッセ,美品,トップス,ネイビー,春秋,6080,6080,6080,5480,0,0,600,
10000266,10/19/22 21:51,2022/10/19,21:51,東京都,世田谷区,美品/マリココウガ MARIKO KOHGA 大人タートルニット 小さいサイズ 7号～9号相当 黒/ブラック 毛ウール100% 秋冬向け トップス レディース,マリココウガ,美品,トップス,ブラック,秋冬,9730,9730,9730,9130,0,0,600,
10000265,10/17/22 20:13,2022/10/17,20:13,兵庫県,南あわじ市,新品同様バナナリパブリック*茶*圧縮ウール*美形スカート2,バナナリパブリック,新品同様,ボトムス,茶,,6100,6100,6100,5500,0,0,600,
10000264,10/17/22 10:16,2022/10/17,10:16,東京都,港区,美品【セリーヌ】仏製*美彩ツイード*高級ジャケット*小さい36/7,セリーヌ,美品,アウター,,,34800,34800,34800,34800,0,0,0,
10000263,10/16/22 20:57,2022/10/16,20:57,大阪府,豊能町,M美品*23区*グレー*大人シンプル*上品ロングスカート*大きいサイズ46/15,23区,美品,ボトムス,グレー,,7400,7200,7200,6800,0,-200,600,
10000262,10/15/22 20:29,2022/10/15,20:29,北海道,中川郡幕別町札内西町,Ａ美品/ギャラリービスコンティ GALLERY VISCONTI 七分丈ストレッチパンツ 表記2号(9号/Ｍ相当) キャメル 春夏 ボトムス レディース,ギャラリービスコンティ,美品,ボトムス,キャメル,春夏,5800,5600,5600,5200,0,-200,600,
10000261,10/15/22 12:33,2022/10/15,12:33,福岡県,北九州市戸畑区,H美品/Part2 ジュンコシマダ 極柔おしゃれニットチュニック 大きめ表記LL号(13号相当) グレー/千鳥格子 秋冬向け トップス レディース,ジュンコシマダ,美品,トップス,グレー,秋冬,6800,6800,6800,6200,0,0,600,
10000260,10/10/22 22:21,2022/10/10,22:21,宮城県,仙台市宮城野区宮城野区,新品同様/ハーモニカ HARMONICA 美艶フォーマルジャケット 表記L(11号相当) 黒/ブラック 櫛引柄 ノーカラー 春夏秋向 アウター レディース,ハーモニカ,新品同様,アウター,ブラック,春夏,14850,14850,14850,14850,0,0,0,
10000259,10/10/22 12:36,2022/10/10,12:36,東京都,世田谷区,M美品*セシオセラ*茶*フード付*ふっくら暖ダウンジャケット*38/9,セシオセラ,美品,アウター,茶,,4710,4710,4710,4110,0,0,600,
10000258,10/10/22 12:22,2022/10/10,12:22,愛媛県,松山市,A美品*ボディードレッシングデラックス*スカート*小さいサイズ7,ボディードレッシングデラックス,美品,ボトムス,,,5595,5595,5595,4995,0,0,600,
10000257,10/10/22 6:30,2022/10/10,06:30,大阪府,吹田市,M新品同様/23区 繊細ツイードスカート 大きいサイズ 表記46号(15号相当) グレー×輝きラメ シルク混 セレモニー 春秋 ボトムス レディース,23区,新品同様,ボトムス,グレー,春秋,6551,6351,6351,5951,0,-200,600,
10000256,10/7/22 17:29,2022/10/07,17:29,福井県,福井市,新品同様/ヒロココシノ HIROKO KOSHINO スカート 表記40号 11号 L相当 ベージュ 絹混 張り感 ミモレ丈 フレア 春 夏 ボトムス レディース,ヒロココシノ,新品同様,ボトムス,ベージュ,夏,8300,8300,8300,7700,0,0,600,
10000255,10/5/22 17:16,2022/10/05,17:16,広島県,東広島市,美品/オットーコレクション Otto Collection ワンピース チュニック 大きいサイズ 表記3L 15号相当 ベージュ フロッキー 春秋冬 レディース,オットーコレクション,美品,ワンピース,ベージュ,秋冬,15620,14839,14839,15620,0,-781,0,
10000254,10/4/22 9:49,2022/10/04,09:49,大阪府,大阪市住之江区,セール★A美品/courreges クレージュ/グレー/圧縮ウール/定番ロゴワッペン/美形スカート/38号(9号/M相当) 秋冬向け/値下12000→8800,クレージュ,美品,ボトムス,グレー,秋冬,6080,6080,6080,5480,0,0,600,
10000253,10/3/22 14:09,2022/10/03,14:09,奈良県,奈良市,新品同様/サンフェルメールSt.VERMEER 美揺プリーツスカート 9号(Mサイズ相当) 黒/ブラック 春夏向け お出かけ 食事会 ボトムス レディース,サンフェルメール,新品同様,ボトムス,ブラック,春夏,8300,8000,8000,7700,0,-300,600,
10000252,10/3/22 12:55,2022/10/03,12:55,大阪府,岸和田市上松町,M新品同様/RALPH LAUREN ラルフローレン 暖かニットベスト トップス L(11号/40号相当) グレー ロゴ刺繍 ノースリーブ 秋冬向け レディース,ラルフローレン,新品同様,トップス,グレー,秋冬,10599,10599,10599,9999,0,0,600,
10000251,10/2/22 22:16,2022/10/02,22:16,石川県,金沢市赤土町ワ,Ａ新品同様/ランバンスポーツ LANVIN SPORT ハーフジップアップカットソー 表記40号(11号相当) 紺 白 ストライプ柄 ゴルフ 春秋 トップス,ランバンスポーツ,新品同様,トップス,白,春秋,8599,8399,8399,7999,0,-200,600,
10000250,10/1/22 2:20,2022/10/01,02:20,福岡県,福岡市西区,A美品/SPECCHIO　スペッチオ/グレー/ウール混/ストレッチ素材/素敵パンツスーツ40/11,スペッチオ,美品,スーツ,グレー,,12800,12800,12800,12800,0,0,0,
10000249,9/29/22 21:11,2022/09/29,21:11,奈良県,奈良市,美品/ダナパリス DANAPARIS 異素材ワンピース 小さいサイズ 表記S(7号相当) 黒/ブラック 艶感 ベロア 極小ドット柄 長袖 秋冬向 レディース,ダナパリス,美品,ワンピース,ブラック,秋冬,11000,11000,11000,11000,0,0,0,
10000248,9/25/22 22:19,2022/09/25,22:19,鹿児島県,鹿児島市,美品/23区 異素材ワンピース 表記38号 9号 M相当 黒 ブラック ノーカラー ゆったり 毛 ウール シンプル 薄地 ひざ丈 長袖 春秋 レディース,23区,美品,ワンピース,ブラック,春秋,13420,12749,12749,13420,0,-671,0,
10000247,9/23/22 20:27,2022/09/23,20:27,東京都,杉並区,M美品/レリアン Leilian シルバータグ タートルニット/チュニック 表記11号(L相当) 紺 長袖 柔ウール100% 春秋冬向け トップス レディース,レリアン,美品,トップス,紺,秋冬,19811,19811,19811,19811,0,0,0,
10000246,9/22/22 21:57,2022/09/22,21:57,福岡県,遠賀郡,H美品/ピンクハウス PINK HOUSE 上質シルク混フリルカットソー 表記Lサイズ(11号相当) 黒/ブラック 春秋向け レース トップス レディース,ピンクハウス,美品,トップス,ブラック,春秋,4810,4810,4810,4210,0,0,600,
10000245,9/20/22 13:48,2022/09/20,13:48,神奈川県,横須賀市,美品/ヴェルサーチ VERSACE 大人なタイトワンピース イタリア製 小さいサイズ 表記I26/40(7号相当) 黒/ブラック 定番ロゴ釦 パーティー,ヴェルサーチ,美品,ワンピース,ブラック,,24750,24750,24750,24750,0,0,0,
10000244,9/19/22 23:19,2022/09/19,23:19,神奈川県,藤沢市,M新品同様/SANS FIN 上品フォーマルワンピース 大きいサイズ 表記17号(4L相当) 黒/ブラック レース 7分袖 結婚式 ロング丈 春夏 レディース,サンファン,新品同様,ワンピース,ブラック,春夏,12800,12600,12600,12800,0,-200,0,
10000243,9/19/22 20:34,2022/09/19,20:34,大阪府,大阪市中央区内本町,美品/コーザノストラ COSA-NOSTRA 大人カーディガン 40号(11号Lサイズ相当) 黒/ブラック/グレー 秋冬向け お出かけ トップス レディース,コーザノストラ,美品,トップス,ブラック,秋冬,16500,16500,16500,16500,0,0,0,
10000242,9/19/22 15:06,2022/09/19,15:06,青森県,八戸市,美品*grape・グレープ横浜元町*ふっくらツイード*Aラインジャケット*大きいサイズ13,グレープ元町,美品,アウター,グレー,,10399,10399,10399,9799,0,0,600,
10000241,9/18/22 23:18,2022/09/18,23:18,奈良県,奈良市,Ａ美品/ビースリー B3 素敵な美脚ストレッチパンツ 小さいサイズ 表記30号(7号/S相当) チェック柄 ロゴ釦 春夏秋向け ボトムス レディース,ビースリー,美品,ボトムス,,春夏,6899,6899,6899,6299,0,0,600,
10000240,9/17/22 15:17,2022/09/17,15:17,神奈川県,横浜市中区山手町,M美*IENA/イエナ/グレー×黄/絹シルク＆麻リネン混/ツイード/羽織ジャケット/小さいサイズ5,イエナ,,アウター,グレー,,7600,7600,7600,7000,0,0,600,
10000239,9/17/22 12:18,2022/09/17,12:18,兵庫県,川西市,新品同様/アリスバーリー Aylesbury ロングワンピース 表記9号 M相当 黒 ブラック 長袖 花柄 シフォン素材 襟付き 薄手 春 夏 レディース,アリスバーリー,新品同様,ワンピース,ブラック,夏,9070,9070,9070,8470,0,0,600,
10000238,9/12/22 9:16,2022/09/12,09:16,東京都,港区,Ａ美品/アルマーニ ARMANI COLLEZIONI ツイードジャケット 小さいサイズ 表記40号(7号/S相当) グレー ウール素材 秋冬 アウター レディース,アルマーニ,美品,アウター,グレー,秋冬,24899,23399,23399,24899,0,-1500,0,
10000237,9/11/22 15:50,2022/09/11,15:50,東京都,足立区,M/Burberrys バーバリー アンゴラ混ニット М(9号/38号相当) 黒/ブラック 柔ウール ポロシャツ風デザイン トップス 秋冬向け レディース,バーバリー,,トップス,ブラック,秋冬,6810,6810,6810,6210,0,0,600,
10000236,9/11/22 15:07,2022/09/11,15:07,京都府,京都市中京区蟷螂山町,新品同様/レリアン Leilian フレアスカート 大きいサイズ 表記13号 LL相当 茶 ブラウン シンプル ミモレ丈 伸縮 春 夏 ボトムス レディース,レリアン,新品同様,ボトムス,ブラウン,夏,19690,19690,19690,19690,0,0,0,
10000235,9/7/22 15:35,2022/09/07,15:35,茨城県,水戸市,Ａ美品/バーバリー BURBERRY 素敵ニットカーディガン 表記38号(9号/M相当) 黒/ブラック アンゴラ カシミヤ混 チェック柄 秋冬 トップス,バーバリー,美品,トップス,ブラック,秋冬,17300,17300,17300,17300,0,0,0,
10000234,9/7/22 6:31,2022/09/07,06:31,岡山県,岡山市南区,H美品/ジュンアシダ jun ashida 上品ブラックフォーマルワンピース 表記9号(Mサイズ相当) 黒/ブラック 春秋向け 冠婚葬祭 レディース,ジュンアシダ,美品,ワンピース,ブラック,春秋,16200,16200,16200,16200,0,0,0,
10000232,9/5/22 0:08,2022/09/05,00:08,千葉県,市原市,美品/インゲボルグ INGEBORG 美揺れフレアスカート 小さいサイズ (7号相当) 白 黒 ドット柄 お出掛け 春夏向け ボトムス レーディス,インゲボルグ,美品,ボトムス,黒,春夏,18150,17242,17242,18150,0,-908,0,
10000231,9/4/22 22:02,2022/09/04,22:02,愛知県,名古屋市,M美品/東京ソワール SOIR PRINTEMPS ブラックフォーマルワンピーススーツ 表記11号(40号/L相当) 黒 冠婚葬祭 喪服 春夏秋向け レディース,東京ソワール,美品,スーツ,ブラック,春夏,17900,17900,17900,17900,0,0,0,
10000230,9/4/22 13:34,2022/09/04,13:34,宮城県,仙台市太白区,新品同様/セオリー Theory テーラードジャケット 表記40号 L相当 黒 ブラック ロング丈 ストレッチ ゆったり 春 秋 アウター レディース,セオリー,新品同様,アウター,ブラック,秋,23760,22260,22260,23760,0,-1500,0,
10000229,9/4/22 13:33,2022/09/04,13:33,神奈川県,横浜市青葉区,A新品同様/COMPTOIR DES COTONNIERS コントワーデコトニエ 羽織りウールカーディガン 9号(38号/Ｍ相当) ネイビー 秋冬向け レディース,コントワーデコトニエ,新品同様,トップス,ネイビー,秋冬,6200,5700,5700,5600,0,-500,600,
10000228,9/1/22 12:03,2022/09/01,12:03,岩手県,盛岡市,H新品同様/ダックス DAKS 美脚ストレッチパンツ 表記40号(11号Lサイズ相当) グレー 秋冬向け お出掛け オフィス 伸縮 ボトムス レディース,ダックス,新品同様,ボトムス,グレー,秋冬,12800,12800,12800,12800,0,0,0,
10000227,8/31/22 14:32,2022/08/31,14:32,神奈川県,横浜市戸塚区,美品/ ハナエモリ HANAE MORI VIVID 蝶柄プリーツスカート 表記9号(Mサイズ相当) 緑/グリーン 光沢 ＨＭ地柄 春夏向け ボトムス レディース,ハナエモリ,美品,ボトムス,グリーン,春夏,5810,5810,5810,5210,0,0,600,
10000226,8/30/22 17:56,2022/08/30,17:56,兵庫県,芦屋市,M美品/ピエールカルダン pierre cardin ブラックフォーマルワンピース 表記11号(40号/L相当) 黒 冠婚葬祭 喪服 半袖 春夏向け レディース,ピエールカルダン,美品,ワンピース,ブラック,春夏,12810,12810,12810,12810,0,0,0,
10000225,8/28/22 23:29,2022/08/28,23:29,埼玉県,草加市,新品同様/ハナエモリ HANAE MORI 美彩カットソー チュニック 表記M号(9号相当) 白 蝶＆花 ストレッチ 春夏向け トップス レディース,ハナエモリ,新品同様,トップス,白,春夏,4810,4810,4810,4210,0,0,600,
10000224,8/27/22 22:54,2022/08/27,22:54,宮城県,仙台市太白区袋原,新品/ロイスクレヨン Lois CRAYON 美揺フレアスカート 表記M(9号相当) グレー チェック柄 薄手ウール素材 春夏向け ボトムス レディース,ロイスクレヨン,新品,ボトムス,グレー,春夏,13200,12540,12540,13200,0,-660,0,
10000223,8/27/22 18:46,2022/08/27,18:46,宮城県,名取市,A美品/SOIR BENIR 東京ソワール 大人なブラックフォーマルワンピーススーツ 表記9号(M相当) 黒 冠婚葬祭 喪服 礼服 春秋向け レディース,東京ソワール,美品,スーツ,ブラック,春秋,12900,12900,12900,12900,0,0,0,
10000222,8/27/22 12:30,2022/08/27,12:30,東京都,杉並区,A美品/Viaggio Blu/ ビアッジョブルー/麻リネン混/ツイード/煌びやかビジュー/ノーカラージャケット/小さいサイズ/0号（5号*SSサイズ）春秋,ビアッジョブルー,美品,アウター,ブルー,春秋,7600,7400,7400,7000,0,-200,600,
10000221,8/24/22 13:05,2022/08/24,13:05,香川県,丸亀市綾歌町富熊,新品同様/HIGH CLASSIC 住商オットー クラシカルワンピース 大きいサイズ 表記13号(LL相当) 濃紺 ドット柄 3分袖 半袖 春夏向 レディース,オットー,新品同様,ワンピース,紺,春夏,9180,9180,9180,8580,0,0,600,
10000220,8/17/22 22:46,2022/08/17,22:46,新潟県,新潟市東区,Ａ新品同様/リニア LINEAR 大人フレアスカート 大きいサイズ 表記46号(17号/4L相当) 黒/ブラック 伸縮性素材 春夏向け ボトムス レディース,リニア,新品同様,ボトムス,ブラック,春夏,5600,5600,5600,5000,0,0,600,
10000219,8/14/22 23:52,2022/08/14,23:52,京都府,京都市上京区相生町,新品同様*フランコフェラーロ*FRANCO FERRARO*グリーン*たっぷりフリルニットスカート*小さいサイズ1/7,フランコフェラーロ,新品同様,ボトムス,グリーン,,5595,5595,5595,4995,0,0,600,
10000218,8/14/22 17:09,2022/08/14,17:09,大阪府,大阪市西区本田,S美品【シャレブラン】ベージュ♪上品美デザインコート*小さめ*7,シャレブラン,美品,アウター,ベージュ,,4400,4400,4400,3800,0,0,600,
10000217,8/13/22 22:21,2022/08/13,22:21,千葉県,市原市,美品*OXFORD QUINCY・クインシー* 紺*リボン*異素材トリム*お洒落ワンピース*小さいサイズ7,クインシー,美品,ワンピース,紺,,5799,5599,5599,5199,0,-200,600,
10000216,8/12/22 21:28,2022/08/12,21:28,香川県,綾歌郡綾川町,A美品/ザラ ZARA 可憐なノースリーブブラウス 小さいサイズ 表記S(7号相当) 白/ホワイト 繊細ピンタック 春夏向け トップス レディース,ザラ,美品,トップス,ホワイト,春夏,6080,6080,6080,5480,0,0,600,
10000215,8/7/22 22:34,2022/08/07,22:34,静岡県,富士市川成島,M新品同様/ピンキー&ダイアン Pinky&Dianne 美的ワンピース 表記38号(9号/М相当) 黒/ブラック レース フォーマル 結婚式 春夏 レディース,ピンキー&ダイアン,新品同様,ワンピース,ブラック,春夏,7385,7185,7185,6785,0,-200,600,
10000214,8/7/22 9:50,2022/08/07,09:50,東京都,豊島区,新品/ドルチェアンドガッバーナ DOLCE GABBANA  イタリア製デニムチューブトップ 表記XS(5号相当) 濃紺 春夏秋 トップス レディース,ドルチェアンドガッバーナ,新品,トップス,紺,春夏,17160,17160,17160,17160,0,0,0,
10000213,7/31/22 13:43,2022/07/31,13:43,京都府,京都市右京区,美品/パティオウェア PATIO WEAR クラシカルワンピース 小さいサイズ 表記7号(S相当) 紺/ネイビー シフォン素材 長袖 春夏向け レディース,パティオウェア,美品,ワンピース,ネイビー,春夏,9400,7900,7900,8800,0,-1500,600,
10000212,7/30/22 14:10,2022/07/30,14:10,北海道,中川郡幕別町,美品/東京ソワール TOKYO PERLE 大人なブラックフォーマルワンピーススーツ 大きいサイズ 表記17号(４L相当) 冠婚葬祭 喪服 礼服 春秋向け,東京ソワール,美品,スーツ,ブラック,春秋,30140,29140,29140,30140,0,-1000,0,
10000211,7/27/22 13:15,2022/07/27,13:15,愛媛県,新居浜市一宮町,美品/ザラ ZARA BASIC ビーズ付フォーマルジャケット 表記L(11号～13号相当) 黒/ブラック 総レース ノーカラー 春夏向 アウター レディース,ザラ,美品,アウター,ブラック,春夏,14080,14080,14080,14080,0,0,0,
10000210,7/26/22 9:22,2022/07/26,09:22,大阪府,大阪市北区,M美品/クリスチャンディオールスポーツ Christian Dior SPORTS ボーダー柄ニットカットソー 表記M(9号相当) 薄手 春秋 トップス レディース,クリスチャンディオールスポーツ,美品,トップス,,春秋,4700,4700,4700,4100,0,0,600,
10000209,7/26/22 0:25,2022/07/26,00:25,福岡県,北九州市小倉北区,新品同様/センソユニコ Senso unico チュニック ブラウス 大きいサイズ 13号 15号相当 茶 ブラウン しわ感 長袖 春 夏 トップス レディース,センソユニコ,新品同様,トップス,ブラウン,夏,18480,18480,18480,18480,0,0,0,
10000208,7/23/22 23:58,2022/07/23,23:58,福岡県,福岡市東区舞松原,A新品同様*UNTITLED*アンタイトル*黒*七分袖カーディガン3/11,アンタイトル,新品同様,トップス,黒,,10399,10399,10399,9799,0,0,600,
10000207,7/23/22 14:53,2022/07/23,14:53,大阪府,門真市脇田町,S美品【ドルチェ＆ガッバーナ】伊製*お洒落カットソー*小さめ*XS,ドルチェ＆ガッバーナ,美品,トップス,,,4400,4400,4400,3800,0,0,600,
10000206,7/22/22 23:02,2022/07/22,23:02,東京都,世田谷区,M新品同様/萩の杜 Saraku 和柄風大人スカート 大きいサイズ13号/LL相当 カーキ×グレー 絹シルク使い 伸縮 春夏向け ボトムス レディース,Saraku,新品同様,ボトムス,グレー,春夏,12800,12800,12800,12800,0,0,0,
10000205,7/22/22 20:23,2022/07/22,20:23,岡山県,岡山市北区,M美品/berenouveler 上品ブラックフォーマルワンピース 大きいサイズ 表記17号(46号/4L相当) 黒 7分袖 冠婚葬祭 喪服 春夏向け レディース,berenouveler,美品,ワンピース,ブラック,春夏,10401,10401,10401,9801,0,0,600,
10000204,7/22/22 17:20,2022/07/22,17:20,東京都,北区,M美品/ウナパルテ UNA PARTE ワールド カシミヤ混ニット 表記40号(11号/L相当) グレー ミンクファー ラメ 長袖 秋冬 トップス レディース,ウナパルテ,美品,トップス,グレー,秋冬,6800,6800,6800,6800,0,0,0,
10000203,7/22/22 12:07,2022/07/22,12:07,東京都,北区,M美品【セシオセラ】黒*絹100♪抽象柄*素敵な透け感カットソー9,セシオセラ,美品,トップス,黒,,5600,5600,5600,5600,0,0,0,
10000202,7/20/22 22:59,2022/07/20,22:59,東京都,中野区,A美品/パターントルソ patterntorso 素敵なプリーツワンピース (9号相当) グレー 透け感素材 モダン美柄 パーティー 春夏向け レディース,パターントルソ,美品,ワンピース,グレー,春夏,12800,12800,12800,12800,0,0,0,
10000201,7/20/22 8:05,2022/07/20,08:05,佐賀県,鳥栖市,美品/ヒロコビス HIROKO BIS 大判花柄ワンピース 表記11号(40号/L相当) 白 綿コットン100％素材 ノースリーブ 変形裾 春夏向け レディース,ヒロコビス,美品,ワンピース,白,春夏,16280,16280,16280,16280,0,0,0,
10000200,7/19/22 23:43,2022/07/19,23:43,栃木県,宇都宮市,美品/ドゥクラッセ DoCLASSE ワンピース 表記11号  L相当 黒 ブラック 麻100 リネン ゆったり シンプル 半袖 襟付き 春 夏 レディース,ドゥクラッセ,美品,ワンピース,ブラック,夏,8080,8080,8080,7480,0,0,600,
10000199,7/18/22 23:47,2022/07/18,23:47,鹿児島県,日置市,M美品/東京イギン TOKYO IGIN 上品ブラックフォーマルワンピーススーツ 表記11号(40号/L相当) 黒 冠婚葬祭 喪服 春夏向け レディース,東京イギン,美品,スーツ,ブラック,春夏,17900,16800,16800,17900,0,-1100,0,
10000198,7/18/22 23:03,2022/07/18,23:03,埼玉県,吉川市,極美品/ローラアシュレイ LAURA ASHLEY 花柄ワンピース 小さいサイズ 表記7号(S相当) 紺/ネイビー 綿コットン100% 春夏向け レディース,ローラアシュレイ,美品,ワンピース,ネイビー,春夏,16500,16500,16500,16500,0,0,0,
10000197,7/18/22 16:50,2022/07/18,16:50,東京都,世田谷区南烏山,Ａ美品/バンベール VINVERT プリーツカットソー 大きいサイズ 表記F号(9号～13号相当) モダンな総柄 お出掛け 春夏 トップス レディース,バンベール,美品,トップス,,春夏,6100,5900,5900,5500,0,-200,600,
10000196,7/18/22 16:48,2022/07/18,16:48,東京都,世田谷区南烏山,Ａ新品同様/ ロザース ROSACE 素敵なふっくらコート 表記9号(38号相当) 茶/ブラウン カシミヤ アンゴラ混 秋冬 アウター レディース,ロザース,新品同様,アウター,ブラウン,秋冬,12800,12160,12160,12800,0,-640,0,
10000195,7/18/22 11:48,2022/07/18,11:48,神奈川県,秦野市,美品/トッカ TOCCA 令嬢ワンピース 表記2号(9号/M相当) ベージュ 黒/ブラック 刺繍 リボン ノースリーブ 綿コットン混 春夏向け レディース,トッカ,美品,ワンピース,ブラック,春夏,29700,29700,29700,29700,0,0,0,
10000194,7/18/22 11:08,2022/07/18,11:08,東京都,大田区,美品/スペッチオ SPECCHIO プリーツ素材カーディガン 表記40号(11号/L相当) 黒/ブラック 羽織 伸縮 長袖 春夏向け トップス レディース,スペッチオ,美品,トップス,ブラック,春夏,11000,10000,10000,11000,0,-1000,0,
10000193,7/18/22 0:04,2022/07/18,00:04,千葉県,習志野市,S美品【ジャンニロジュディチェ】フレアスカート*大きいサイズ13,ジャンニロジュディチェ,美品,ボトムス,,,5595,5595,5595,4995,0,0,600,
10000192,7/17/22 6:49,2022/07/17,06:49,広島県,福山市,新品同様/ニューヨーカー NEW YORKER ワンピース 表記9号 Ｍ相当 紺 ネイビー チェック柄 プリーツ 半袖 透け感 膝丈 薄手 春夏 レディース,ニューヨーカー,新品同様,ワンピース,ネイビー,春夏,12430,11430,11430,12430,0,-1000,0,
10000191,7/16/22 22:40,2022/07/16,22:40,東京都,港区,M新品同様/フィフィーユ FIFILLES 美的ワンピース 表記T2号(11号/L相当) 茶 フランス製 ジャージ素材 7分袖 とろみ感 春夏向け レディース,フィフィーユ,新品同様,ワンピース,茶,春夏,5899,5599,5599,5299,0,-300,600,
10000190,7/16/22 15:24,2022/07/16,15:24,神奈川県,三浦郡葉山町,M美品/ヴィアファブリカ Via Faburrica 豹柄チュニック/ブラウス 表記M～L(9号～11号相当) 茶 ノースリーブ 透け感 春夏 トップス レディ,ヴィアファブリカ,美品,トップス,茶,春夏,6100,6100,6100,5500,0,0,600,
10000189,7/15/22 12:49,2022/07/15,12:49,群馬県,高崎市,新品同様/ローラアシュレイ LAURA ASHLEY ワンピース シフォン 大きいサイズ 表記13号 LL相当 黒 ブラック 半袖 ドット柄 春 夏 レディース,ローラアシュレイ,新品同様,ワンピース,ブラック,夏,18150,17242,17242,18150,0,-908,0,
10000188,7/11/22 16:16,2022/07/11,16:16,千葉県,八千代市,Ａ美品/バジーレ28 BASILE28 お洒落なリネンジャケット表記42号 (11号相当) カーキー 麻100 春夏向け アウター レディース,バジーレ28,美品,アウター,カーキ,春夏,4710,4510,4510,4110,0,-200,600,
10000187,7/11/22 16:07,2022/07/11,16:07,福岡県,北九州市八幡西区,M新品同様/Mプルミエ M-PREMIER 上品カーディガン 表記38号(9号/M相当) 黒/ブラック 伸縮 7分袖 ベル袖 春夏秋向け トップス レディース,プルミエ,新品同様,トップス,ブラック,春夏,7600,7400,7400,7000,0,-200,600,
10000186,7/11/22 9:56,2022/07/11,09:56,大阪府,大阪市北区,Ａ美品/ジバンシイ GIVENCHY お洒落なコート 表記9号(11号/L相当) 黒/ブラック ウール100％ ミリタリー風 秋冬向け アウター レディース,ジバンシイ,美品,アウター,ブラック,秋冬,15899,15899,15899,15899,0,0,0,
10000185,7/10/22 22:34,2022/07/10,22:34,神奈川県,大和市福田,M美品*CHRISTIAN AUJARD/クリスチャンオジャール/茶×艶感/素敵ジャケット/9,クリスチャンオジャール,美品,アウター,茶,,6100,6100,6100,5500,0,0,600,
10000184,7/10/22 17:31,2022/07/10,17:31,東京都,足立区,美品/トランスワーク TRANS WORK 上品ワンピース 表記38号(9号/M相当) ベージュ 7分袖 綿/コットン混 麻/リネン混 伸縮 春夏秋 レディース,トランスワーク,美品,ワンピース,ベージュ,春夏,11000,10700,10700,11000,0,-300,0,
10000183,7/9/22 11:38,2022/07/09,11:38,広島県,福山市,エムズグレイシー M'S GRACY ワンピース 表記40号 11号 L相当 白 ホワイト レース 花柄風 ノーカラー 膝丈 半袖 日本製 春 夏 レディース,エムズグレイシー,,ワンピース,ホワイト,夏,11000,11000,11000,11000,0,0,0,
10000182,7/9/22 6:20,2022/07/09,06:20,長野県,佐久市,美品/ポールスチュアート Paul Stuart きれいめ フレアスカート 表記8号 11号 相当 黒 ブラック ひざ丈 透け感 春 夏 ボトムス レディース,ポールスチュアート,美品,ボトムス,ブラック,夏,15730,15730,15730,15730,0,0,0,
10000181,7/6/22 22:40,2022/07/06,22:40,東京都,江東区,美品/イエガー JAEGER 透け感ロングカーディガン 大きいサイズ(9～13号相当) 黒/輝ラメ チェック柄 春夏秋向け アウター レディース,イエガー,美品,アウター,黒,春夏,12800,12700,12700,12800,0,-100,0,
10000180,7/5/22 0:37,2022/07/05,00:37,東京都,世田谷区南烏山,美品/キヨコタカセ KIYOKO TAKASE K.T カットワークレースセットアップ 小さいサイズ 7号(S相当) グレー 圧縮ウール素材 秋冬向 レディース,キヨコタカセ,美品,スーツ,グレー,秋冬,14300,13585,13585,14300,0,-715,0,
10000179,7/3/22 22:47,2022/07/03,22:47,広島県,安芸郡坂町横浜中央,H美品/ラルフローレン RALPH LAUREN 美形グレンチェックパンツ 表記9号(Mサイズ相当) グレー/茶 秋冬向け ウール100% ボトムス レディース,ラルフローレン,美品,ボトムス,グレー,秋冬,6551,6351,6351,5951,0,-200,600,
10000178,6/30/22 19:41,2022/06/30,19:41,東京都,町田市小山ヶ丘,美品/クリスチャンディオール Christian Dior SPORTS ラップスカート 表記M(9号相当) オレンジレッド 綿&amp;麻 春夏 ボトムス レディース,クリスチャンディオール,美品,ボトムス,レッド,春夏,11000,11000,11000,11000,0,0,0,
10000177,6/30/22 19:02,2022/06/30,19:02,長野県,北安曇郡白馬村,新品同様/ザラベーシック ZARA BASIC ワンピース 表記L 11号 大きいサイズ 13号相当 クリーム色 春 夏 7分袖 花柄 薄手 膝丈 レディース,ザラベーシック,新品同様,ワンピース,クリーム,夏,7090,7090,7090,6490,0,0,600,
10000176,6/30/22 15:47,2022/06/30,15:47,東京都,大田区,S美【ナルシソロドリゲス】伊製♪柔らか美形ジャケット♪小さめ7,ナルシソロドリゲス,,アウター,,,6200,6200,6200,5600,0,0,600,
10000175,6/29/22 14:50,2022/06/29,14:50,福岡県,北九州市八幡東区,美品*EVEXクリッツィア*ふんわりシフォン*美揺スカート*大きい42,エヴェックス バイ クリツィア,美品,ボトムス,,,7390,7290,7290,6790,0,-100,600,
10000174,6/29/22 11:15,2022/06/29,11:15,北海道,岩見沢市,Ａ新品同様/スペッチオ SPECCHIO 大人プリーツカットソー 表記40号(11号/L相当) 黒/ブラック お出掛け 春夏向け トップス レディース,スペッチオ,新品同様,トップス,ブラック,春夏,5600,5600,5600,5000,0,0,600,
10000173,6/27/22 17:21,2022/06/27,17:21,東京都,小平市,Ａ美品/ドゥクラッセ DoCLASSE 涼しげなワンピース 大きいサイズ 表記13号(LL相当) 紫/パープル 麻リネン100％ お出掛け 春夏 レディース,ドゥクラッセ,美品,ワンピース,パープル,春夏,7400,7200,7200,6800,0,-200,600,
10000172,6/25/22 20:02,2022/06/25,20:02,東京都,目黒区,A新品同様/伊太利屋 七分袖カットソー 9号(38号/M相当) 茶×グレー 伸縮性素材 ヒョウ柄 アニマル柄 耀きビジュー 春夏向け レディース,伊太利屋,新品同様,トップス,グレー,春夏,10401,10401,10401,9801,0,0,600,
10000171,6/24/22 18:45,2022/06/24,18:45,千葉県,木更津市八幡台,美品/横浜元町フクゾー FUKUZO ブラウス 表記36 小さい 7号 S相当 白 ホワイト カットワークレース 7分袖 綿100 春 夏 トップス レディース,横浜元町フクゾー,美品,トップス,ホワイト,夏,5880,5880,5880,5280,0,0,600,
10000170,6/24/22 3:30,2022/06/24,03:30,千葉県,柏市,新品タグ【モスキーノ】伊製*夜空刺繍ジャケット*大きいサイズ13,モスキーノ,新品,アウター,,,17210,17210,17210,17210,0,0,0,
10000169,6/24/22 0:25,2022/06/24,00:25,千葉県,市原市,M美品*ハロッズHarrods♪純白×微艶♪伸縮*令嬢スカート*小さめ7,ハロッズ,美品,ボトムス,白,,12800,12800,12800,12800,0,0,0,
10000168,6/23/22 6:49,2022/06/23,06:49,千葉県,市原市,S美*ハロッズ/Harrods*クリーム色*可憐な美形ワンピース*小さめ5,ハロッズ,,ワンピース,クリーム,,8600,8600,8600,8000,0,0,600,
10000167,6/21/22 7:03,2022/06/21,07:03,千葉県,四街道市,美品/セオリー theory 美的ノースリーブワンピース 表記2号(9号/M相当) グレー 薄手 毛ウール混 シンプル ロング丈 春夏向け レディース,セオリー,美品,ワンピース,グレー,春夏,16280,16280,16280,16280,0,0,0,
10000166,6/20/22 0:57,2022/06/20,00:57,千葉県,鎌ケ谷市,M美/昭和レトロ/紺/可憐な小花柄/透け感/ノースリーブワンピース/9号（38号/М相当）/春夏/レディース,ノーブランド,,ワンピース,紺,春夏,6100,6000,6000,5500,0,-100,600,
10000165,6/19/22 22:25,2022/06/19,22:25,山梨県,南都留郡忍野村忍草,M新品同様/アンタイトル UNTITLED 美揺ボックスプリーツスカート 表記2号(9号/M相当) 茶/ブラウン 綿100％ 春夏向け ボトムス レディース,アンタイトル,新品同様,ボトムス,ブラウン,春夏,6551,6351,6351,5951,0,-200,600,
10000164,6/19/22 3:38,2022/06/19,03:38,静岡県,静岡市葵区,美品/ナラカミーチェ NARACAMICIE チュニック カットソー イタリア製 9号 Ｍ相当 白 ホワイト レース 綺麗め 春 夏 トップス レディース,ナラカミーチェ,美品,トップス,ホワイト,夏,7200,7000,7000,6600,0,-200,600,
10000163,6/15/22 19:11,2022/06/15,19:11,兵庫県,豊岡市,新品同様/ソレイアード SOULEIAD トゥモローランド スカート 小さい 36号 7号 S相当 紫 シフォン素材 ロング丈 春 夏 ボトムス レディース,ソレイアード,新品同様,ボトムス,紫,夏,9400,9400,9400,8800,0,0,600,
10000162,6/14/22 14:37,2022/06/14,14:37,鹿児島県,出水市,M美品/ワオスクチュール whaos COUTURE 薄手ジャケット 表記48号(11号相当) ベージュ イタリア製 麻混&綿混 春夏向け アウター レディース,ワオスクチュール,美品,アウター,ベージュ,春夏,12810,12810,12810,12810,0,0,0,
10000161,6/13/22 22:40,2022/06/13,22:40,千葉県,柏市,S新同【LIMI feuリミフゥ】黒*チェック柄スカート*大きいサイズF,リミフゥ,,ボトムス,黒,,5580,5580,5580,4980,0,0,600,
10000160,6/12/22 15:08,2022/06/12,15:08,神奈川県,足柄下郡箱根町,M美品【ドロテビス】美彩*可憐フリル*素敵セットアップスカート9,ドロテビス,美品,スーツ,,,4400,4300,4300,3800,0,-100,600,
10000159,6/12/22 9:31,2022/06/12,09:31,東京都,北区,美品*伊太利屋*茶*レオパード美柄*素敵シフォンワイドパンツ9,伊太利屋,美品,ボトムス,茶,,6499,6499,6499,5899,0,0,600,
10000158,6/11/22 22:27,2022/06/11,22:27,東京都,府中市,M美品/B3/ビースリー/ピンクベージュ/ストレッチ/魔法の美脚パンツ/32/9/春秋,ビースリー,美品,ボトムス,ベージュ,春秋,4810,4610,4610,4210,0,-200,600,
10000157,6/10/22 20:32,2022/06/10,20:32,石川県,金沢市,美品/ロートレアモン LAUTRE AMONT 美形ストレッチスカート 3号表記(11号Lサイズ相当) 茶/ブラウン 春秋向け 伸縮 ボトムス レディース,ロートレアモン,美品,ボトムス,ブラウン,春秋,12430,12430,12430,7150,0,0,0,
10000157,6/10/22 20:32,2022/06/10,20:32,石川県,金沢市,新品同様/ビースリー B-Three B3 クロップドパンツ 表記36号 W69～72 11号相当 黒系 ブラック ストレッチ 薄手 春 夏 ボトムス レディース,ビースリー,新品同様,ボトムス,ブラック,夏,12430,12430,12430,5280,0,0,0,
10000156,6/9/22 13:16,2022/06/09,13:16,神奈川県,横浜市青葉区,美品/BC/ビスケー/ベージュ/ドルマン/半袖ニットカーディガン9,ビスケー,美品,トップス,ベージュ,,6080,6080,6080,5480,0,0,600,
10000155,6/8/22 17:55,2022/06/08,17:55,広島県,広島市西区己斐東,M美品/昭和レトロ/茶/大人抽象柄/透け感/ゆったりワンピース/11号（40号/Ｌ相当）/春夏/レディース,ノーブランド,美品,ワンピース,茶,春夏,4710,4710,4710,4110,0,0,600,
10000154,6/7/22 1:53,2022/06/07,01:53,静岡県,裾野市,M美品/ヨシエイナバ L'EQUIPE YOSHIE INABA ゆったりロングパンツ 表記9号(38号/M相当) 黒/ブラック 薄手 春夏向け ボトムス レディース,ヨシエイナバ,美品,ボトムス,ブラック,春夏,5800,5600,5600,5200,0,-200,600,
10000153,6/5/22 11:16,2022/06/05,11:16,熊本県,上益城郡益城町,美品/アリスバーリー Aylesbury ワンピース 表記11号 L相当 黒系 黒 ブラック シフォン 7分袖 透け感 ノーカラー 膝丈 春 夏 レディース,アリスバーリー,美品,ワンピース,ブラック,夏,9400,9400,9400,8800,0,0,600,
10000152,6/5/22 1:18,2022/06/05,01:18,兵庫県,神戸市兵庫区,美品/インディヴィ INDIVI 美形スカートスーツ 表記40号(L相当) 炭黒色系 ストライプ柄 薄手ウール 通勤 春秋向け セットアップ レディース,インディヴィ,美品,スーツ,黒,春秋,16500,16500,16500,16500,0,0,0,
10000151,6/4/22 22:15,2022/06/04,22:15,茨城県,古河市,M美品/ロイスクレヨン Lois CRAYON 花柄フレアスカート 大きいサイズ13号(LL相当) 黒/ブラック 絹シルク100% 春夏向け ボトムス レディース,ロイスクレヨン,美品,ボトムス,ブラック,春夏,6899,6899,6899,6299,0,0,600,
10000150,6/4/22 21:59,2022/06/04,21:59,東京都,足立区,M美品/ローラアシュレイ LAURA ASHLEY 麻スカート 大きいサイズ表記13号(LL相当) ベージュ カットワークレース 春夏向 ボトムス レディース,ローラアシュレイ,美品,ボトムス,ベージュ,春夏,7900,7900,7900,7300,0,0,600,
10000149,6/3/22 17:29,2022/06/03,17:29,大阪府,門真市脇田町,S美品【バレンシアガ】ブラウン系*透け感*リボンカーディガン*38,バレンシアガ,美品,トップス,ブラウン,,4400,4400,4400,3800,0,0,600,
10000148,6/3/22 7:06,2022/06/03,07:06,愛知県,名古屋市,新品同様/ビースリー B3 美脚ストレッチパンツ 表記2号(9号/M相当) グレー ジグザグ柄 お出掛け 春夏向け ボトムス レディース,ビースリー,新品同様,ボトムス,グレー,春夏,8520,8520,8520,7920,0,0,600,
10000147,6/2/22 10:56,2022/06/02,10:56,富山県,富山市,A美品/ロシャス ROCHAS レリアン 素敵なスカートスーツ 大きいサイズ 表記13号(LL相当) ベージュ ウール素材 美レース 秋冬向け レディース,ロシャス,美品,スーツ,ベージュ,秋冬,24800,24800,24800,24800,0,0,0,
10000146,6/1/22 17:07,2022/06/01,17:07,埼玉県,さいたま市大宮区,H美品/23区 大人シフォンプリーツカットソー 表記40号(11号Lサイズ相当) オフホワイト 春夏向け 透け感 お食事会 トップス レディース,23区,美品,トップス,ホワイト,春夏,6100,6100,6100,5500,0,0,600,
10000145,6/1/22 12:05,2022/06/01,12:05,大阪府,門真市脇田町,Ａ美品/プランテーション Plantation お洒落なフレアスカート 表記M(9号相当) 茶色/ブラウン 繊細プリーツ 春夏向け ボトムス レディース,プランテーション,美品,ボトムス,ブラウン,春夏,6100,6100,6100,5500,0,0,600,
10000144,5/31/22 7:36,2022/05/31,07:36,愛知県,名古屋市北区,新品同様/バナナリパブリック BANANA REPUBLIC 大人なシャツワンピース 表記2号(9号相当) 黒 白 美花柄 お出掛け 春夏向け レディース,バナナリパブリック,新品同様,ワンピース,黒,春夏,11330,11130,11130,11330,0,-200,0,
10000143,5/30/22 12:49,2022/05/30,12:49,東京都,品川区,美品/J.プレス J PRESS ワンピース 表記9号 M相当 紺 ネイビー レース 綿100 コットン 半袖 前開き 襟付き クラシカル 春 夏 レディース,J.プレス,美品,ワンピース,ネイビー,夏,8520,8520,8520,7920,0,0,600,
10000142,5/29/22 22:50,2022/05/29,22:50,福島県,いわき市,M美品/Rene/ルネ/グレー/リボン/薄地/ウール/美形スカート/38/11/春夏,ルネ,美品,ボトムス,グレー,春夏,5595,5395,5395,4995,0,-200,600,
10000141,5/29/22 13:06,2022/05/29,13:06,千葉県,成田市,A美品*TALBOTS*タルボット*白*美形コットンカットソーL,タルボット,美品,トップス,白,,1599,1599,1599,999,0,0,600,
10000140,5/27/22 13:57,2022/05/27,13:57,茨城県,ひたちなか市,M美品/マンシングウエア Munsingwear 美脚ストレッチパンツ 表記11号(L相当) 黒/ブラック 艶感 ペンギン刺繍 春秋冬向 ボトムス レディース,マンシングウエア,美品,ボトムス,ブラック,秋冬,6600,6600,6600,6000,0,0,600,
10000139,5/26/22 21:42,2022/05/26,21:42,東京都,文京区,M新品/ピッコーネ PICONE 美脚ストレッチパンツ 表記40号(11号/L相当) アイボリー 通勤 シンプル ロゴ入釦 秋冬向け ボトムス レディース,ピッコーネ,新品,ボトムス,アイボリー,秋冬,6900,6700,6700,6300,0,-200,600,
10000138,5/23/22 22:55,2022/05/23,22:55,長野県,南佐久郡小海町,M新品同様/ハナエモリ HANAE MORI 上品ブラウス 小さいサイズ 表記7号(36号/S相当) 黒/ブラック リボン 長袖 春秋向け トップス レディース,ハナエモリ,新品同様,トップス,ブラック,春秋,4810,4810,4810,4210,0,0,600,
10000137,5/23/22 16:39,2022/05/23,16:39,福岡県,京都郡苅田町,美品/スペッチオ SPECCHIO ロングコート 表記40号 11号 L相当 黒 ブラック 中綿入 しわ感 ふっくら 軽い 暖かい 秋 冬 アウター レディース,スペッチオ,美品,アウター,ブラック,秋,22000,20500,20500,22000,0,-1500,0,
10000136,5/22/22 14:36,2022/05/22,14:36,大阪府,大阪市都島区都島本通,美品/ボールジー Ballsey 美揺フレアスカート 小さいサイズ 表記32号(XXS相当) ブラウンベージュ系 シンプル 春夏秋向 ボトムス レディース,ボールジー,美品,ボトムス,ベージュ,春夏,8300,8300,8300,7700,0,0,600,
10000135,5/21/22 23:53,2022/05/21,23:53,埼玉県,川越市,美品/ジュンアシダ jun ashida ワンピース 表記11号 L相当 青緑 青系 ブルー 半袖 綿100 コットン クラシカル ノーカラー 春 夏 レディース,ジュンアシダ,美品,ワンピース,ブルー,夏,19800,19800,19800,19800,0,0,0,
10000134,5/19/22 21:07,2022/05/19,21:07,神奈川県,川崎市宮前区小台,新品同様/ハナホウ Hanahou 大人ムームードレス 大きめ表記L号(11号/13号相当) 茶/ブラウン リゾート着 フラダンス 春夏向け レディース,ハナホウ,新品同様,ワンピース,ブラウン,春夏,6100,6100,6100,5500,0,0,600,
10000133,5/19/22 11:13,2022/05/19,11:13,愛知県,名古屋市東区,Ａ新品同様/詩仙堂 ヒトシタムラ 上品なチュニック ブラウス (11号相当) 赤/レッド ちりめん素材 古風なデザイン 美花柄 春夏 トップス,詩仙堂,新品同様,トップス,レッド,春夏,15800,15800,15800,15800,0,0,0,
10000132,5/19/22 4:29,2022/05/19,04:29,東京都,新宿区西新宿,新品同様*アルドリッジ*黒*フード付ロングニットカーディガン38,アルドリッジ,新品同様,トップス,黒,,7400,7400,7400,6800,0,0,600,
10000131,5/18/22 22:56,2022/05/18,22:56,東京都,江東区,A美品/モガ MOGA 大人シフォンワンピース 表記2号(9号/M相当) 白 黒 ボタニカル柄 美フリル お出掛け お食事会 春夏向け レディース,モガ,美品,ワンピース,黒,春夏,6100,6100,6100,5500,0,0,600,
10000130,5/18/22 16:56,2022/05/18,16:56,福島県,福島市,H美品/ジェイアンドアール J&R 優雅上質ウール100%ジャケット 表記36号(9号Ｍ相サイズ当) 黒/ブラック 秋冬向け アウター レディース,ジェイアンドアール,美品,アウター,ブラック,秋冬,26800,26800,26800,26800,0,0,0,
10000129,5/17/22 20:59,2022/05/17,20:59,新潟県,魚沼市,M新品同様/お洒落リバーシブルスカート 表記M(9号/38号相当) 黒/ブラック 繊細プリーツ加工 シフォン素材 春夏向け ボトムス レディース,お洒落リバーシブルスカート,新品同様,ボトムス,ブラック,春夏,6100,6100,6100,5500,0,0,600,
10000128,5/17/22 5:23,2022/05/17,05:23,富山県,富山市,M新品同様/マーガレットハウエル MARGARET HOWELL デニム調スカート 小さいサイズ 表記1号(7号/S相当) 毛&麻素材 春秋 ボトムス レディース,マーガレットハウエル,新品同様,ボトムス,,春秋,12111,12111,12111,12111,0,0,0,
10000127,5/17/22 5:16,2022/05/17,05:16,千葉県,大網白里市季美の森南,Ａ新品同様/ハーモニカ HARMONICA 清楚な美揺れフレアスカート 表記M号(9号相当) オフ白 シフォン素材 美花柄 春夏 ボトムス レディース,ハーモニカ,新品同様,ボトムス,白,春夏,7400,7400,7400,6800,0,0,600,
10000126,5/17/22 1:03,2022/05/17,01:03,東京都,世田谷区南烏山,Ａ美品/シャミーロイヤル chamois Royal 素敵なウールニット 表記9号(38号/Ｍ相当) グレー アンゴラ混 ブロック柄 ラメ入り 秋冬 トップス,シャミーロイヤル,美品,トップス,グレー,秋冬,6800,6800,6800,6200,0,0,600,
10000125,5/16/22 20:48,2022/05/16,20:48,千葉県,木更津市,M美品*NOVESPAZIO/ノーベスパジオ/黒/ブラック/ピンストライプ/上品ロングスカート/38/小さいサイズ7/9,ノーベスパジオ,美品,ボトムス,ブラック,,5600,5600,5600,5000,0,0,600,
10000124,5/15/22 17:25,2022/05/15,17:25,埼玉県,さいたま市岩槻区,美品/アマカ AMACA 花柄ロングブラウス/チュニック 表記38号(9号/M相当) 白/ホワイト系 綿コットン100% 長袖 春夏向 トップス レディース,アマカ,美品,トップス,ホワイト,春夏,8300,8300,8300,7700,0,0,600,
10000123,5/15/22 0:10,2022/05/15,00:10,福岡県,福岡市博多区,美品/ザラ ZARA 美揺フレアスカート 表記S(小さいサイズ7号～9号相当) 白/ホワイト 花柄 綿コットン素材 春夏秋向け ボトムス レディース,ザラ,美品,ボトムス,ホワイト,春夏,7750,7750,7750,7150,0,0,600,
10000122,5/12/22 11:08,2022/05/12,11:08,山形県,山形市,美品/ジュンアシダ jun ashida 大人ジャケット 大きいサイズ 表記13号(LL相当) 黒/ブラック 絹シルク 毛ウール 春秋向 アウター レディース,ジュンアシダ,美品,アウター,ブラック,春秋,19800,19800,19800,19800,0,0,0,
10000121,5/12/22 7:30,2022/05/12,07:30,長野県,佐久市,新品同様/スペッチオ SPECCHIO 大人な変形ブラウス 表記40号(11号相当) 黒/ブラック 総プリーツ お出掛け 春夏向け トップス レディース,スペッチオ,新品同様,トップス,ブラック,春夏,11550,11550,11550,11550,0,0,0,
10000120,5/10/22 16:26,2022/05/10,16:26,神奈川県,横浜市中区,新品同様/イッセイミヤケ ISSEY MIYAKE 大人タイトスカート 小さいサイズ 表記S(7号相当) グレー 総プリーツ 春夏向け ボトムス レディース,イッセイミヤケ,新品同様,ボトムス,グレー,春夏,22550,22550,22550,22550,0,0,0,
10000119,5/2/22 10:42,2022/05/02,10:42,神奈川県,横浜市栄区,美品/バーニーズニューヨーク BARNEYS NEWYORK ロング ワンピース 9号 M相当 黒 ブラック ノーカラー 長袖 薄手 シンプル 春 夏 レディース,バーニーズニューヨーク,美品,ワンピース,ブラック,夏,12650,12650,12650,12650,0,0,0,
10000118,4/28/22 23:46,2022/04/28,23:46,千葉県,千葉市若葉区,美品/セオリー theory 美形タイトスカート 表記2号(9号/M相当) 黒/ブラック 薄手ウール混 シンプル 膝丈 春夏向け ボトムス レディース,セオリー,美品,ボトムス,ブラック,春夏,14080,14080,14080,14080,0,0,0,
10000117,4/25/22 14:23,2022/04/25,14:23,東京都,町田市高ケ坂,新品同様/ハーモニカ HARMONICA カットワークレースワンピース 大きいサイズ 表記XL(13号相当) 黒/ブラック ノースリーブ 春夏 レディース,ハーモニカ,新品同様,ワンピース,ブラック,春夏,13200,12540,12540,13200,0,-660,0,
10000116,4/16/22 15:06,2022/04/16,15:06,東京都,練馬区,美品/ボールジー Ballsey 美揺フレアスカート 小さいサイズ 表記32号(XXS相当) 黒/ブラック シンプル 春夏秋向け ボトムス レディース,ボールジー,美品,ボトムス,ブラック,春夏,8300,8300,8300,7700,0,0,600,
10000115,4/13/22 12:46,2022/04/13,12:46,京都府,宇治市,美品/バーニーズニューヨーク BARNEYS NEWYORK 美脚クロップドパンツ 表記38号(M相当) 白/ホワイト 綿コットン混 春夏 ボトムス レディース,バーニーズニューヨーク,美品,ボトムス,ホワイト,春夏,8300,8100,8100,7700,0,-200,600,
10000114,4/11/22 23:26,2022/04/11,23:26,神奈川県,横浜市緑区,美品/ナラカミーチェ NARACAMICIE ブラウス 表記1号 Ｍ相当 パープルピンク系 シフォン 透け感 長袖 リボン 比翼 春夏 トップス レディース,ナラカミーチェ,美品,トップス,ピンク,春夏,7200,7200,7200,6600,0,0,600,
10000113,4/7/22 22:45,2022/04/07,22:45,北海道,札幌市厚別区,新品/コムサイズム COMME CA ISM 素敵フリンジ付スカートスーツ 表記L(11号相当) 黒 白 毛ウール100% 秋冬向け セットアップ レディース,コムサイズム,新品,スーツ,黒,秋冬,15400,14630,14630,15400,0,-770,0,
10000112,4/7/22 15:41,2022/04/07,15:41,東京都,多摩市聖ヶ丘,新品同様/シビラ Sybilla お洒落ウールコート 表記M(9号相当) 黒/ブラック お花デザイン トグルボタン お出掛け 秋冬 アウター レディース,シビラ,新品同様,アウター,ブラック,秋冬,20680,20680,20680,20680,0,0,0,
10000111,4/6/22 20:47,2022/04/06,20:47,静岡県,浜松市浜北区小松,新品/ヴィアファブリカ Via Faburrica カットソー 表記M～L 9号 11号相当 黒 ブラック 総レース 花柄 透け感 春 夏 トップス レディース,ヴィアファブリカ,新品,トップス,ブラック,夏,6100,6100,6100,5500,0,0,600,
10000110,3/29/22 14:36,2022/03/29,14:36,東京都,日野市,美品/クリッツィア EVEX by KRIZIA スカート 表記42号 11号 L相当 ベージュ しわ感 フレア グラデーション 薄手 春 夏 ボトムス レディース,クリッツィア,美品,ボトムス,ベージュ,夏,8080,8080,8080,7480,0,,600,
10000109,3/28/22 23:14,2022/03/28,23:14,千葉県,船橋市,美品/プリーツプリーズ PLEATS PLEASE イッセイミヤケ 襟付き ブラウス プリーツ素材 表記3号 L相当 黒 ブラック 春夏 トップス レディース,プリーツプリーズ,美品,トップス,ブラック,春夏,21450,21450,21450,21450,0,0,0,
10000108,3/28/22 23:13,2022/03/28,23:13,千葉県,船橋市,美品/プリーツプリーズ PLEATS PLEASE イッセイミヤケ カットソー プリーツ素材 表記3号 L相当 黒 ブラック 春夏 長袖 トップス レディース,プリーツプリーズ,美品,トップス,ブラック,春夏,20900,20900,20900,20900,0,0,0,
10000107,3/27/22 18:48,2022/03/27,18:48,茨城県,つくばみらい市,美品/シャレブラン Chalet Blanc 花柄ワンピース 軽やかシフォン素材 表記9号(38号/M相当) 黒/ブラック 透け感 長袖 春夏向け レディース,シャレブラン,美品,ワンピース,ブラック,春夏,9400,9400,9400,8800,0,,600,
10000106,3/26/22 23:46,2022/03/26,23:46,東京都,目黒区,新品同様/自由区 大人パンツ 表記42号(11号～大きいサイズ13号相当) 紺/ネイビー 薄手素材 通勤 シンプル 春夏向け ボトムス レディース,自由区,新品同様,ボトムス,ネイビー,春夏,9620,8922,9620,9020,698,0,600,
10000105,3/26/22 10:54,2022/03/26,10:54,茨城県,水戸市,美品/Plein de vie ダウンジャケット ダウン90% 表記11号 L相当 グレー 艶感 ブルーフォックスファー フード付 秋 冬 アウター レディース,プランドヴィー,美品,アウター,グレー,秋,26620,24620,24620,26620,0,-2000,0,
10000104,3/26/22 0:38,2022/03/26,00:38,兵庫県,たつの市,美品/アイシービー iCB スカートスーツ 表記11号 L相当 濃紺 ネイビー 通勤 オフィス 薄手 ピンストライプ 春夏 セットアップ レディース,アイシービー,美品,スーツ,ネイビー,春夏,20900,18900,18900,20900,0,-2000,0,
10000103,3/23/22 10:35,2022/03/23,10:35,千葉県,千葉市中央区,美品/十仁プラザ Jujin Plaxa ツイード ワンピース 大きいサイズ 表記 42号 13号 LL 相当 ベージュ フリンジ 7分袖 春 秋 冬 レディース,十仁プラザ,美品,ワンピース,ベージュ,秋,11000,11000,11000,11000,0,0,0,
10000102,3/21/22 19:51,2022/03/21,19:51,埼玉県,北本市,美品/銀座マギー maggy 大人な美的タイトワンピース 表記40号(9号/M相当) 黒 青 格子柄 ベロア生地 パーティー 春夏向け レディース,銀座マギー,美品,ワンピース,黒,春夏,18150,18150,18150,18150,0,,0,
10000101,3/20/22 17:34,2022/03/20,17:34,茨城県,水戸市,美品/ユキトリイ YUKI TORII ブラックフォーマル ワンピーススーツ 表記11号 L相当 黒 冠婚葬祭 春 秋冬 セットアップ レディース,ユキトリイ,美品,スーツ,ブラック,秋冬,30800,29800,29800,30800,0,-1000,0,
10000100,3/14/22 1:25,2022/03/14,01:25,大阪府,東大阪市近江堂,美品/ナラカミーチェ NARACAMICIE カーディガン ミドル丈 表記1号 9号 相当 グレー ウール混  vネック 長袖 春 夏 秋 トップス レディース,ナラカミーチェ,美品,トップス,グレー,夏,8520,8420,8420,7920,0,-100,600,
10000099,2/28/22 22:47,2022/02/28,22:47,高知県,高知市唐人町,美品/23区 美揺フレアスカート 大きいサイズ 表記48号(17号相当) 黒/ブラック 白/ホワイト シフォン素材 透け感 春夏 ボトムス レディース,23区,美品,ボトムス,ブラック,春夏,13200,9240,9240,13200,0,-3960,0,
10000098,2/26/22 23:27,2022/02/26,23:27,群馬県,前橋市,美品/ローラアシュレイ LAURA ASHLEY 素敵な美形スカートスーツ 表記9号(M相当) 黄色/イエロー ウール100％ オフィス 春夏秋 レディース,ローラアシュレイ,美品,スーツ,イエロー,春夏,21120,14784,14784,21120,0,-6336,0,
10000097,2/26/22 1:06,2022/02/26,01:06,東京都,世田谷区南烏山,美品/ラピカ LAPICA ラピーヌ お洒落クラシカルワンピース 表記11号(40号/L相当) ベージュ 半袖 薄地 透け感 春夏向け レディース,ラピカ,美品,ワンピース,ベージュ,春夏,7200,7200,7200,6600,0,0,600,
10000096,2/23/22 22:24,2022/02/23,22:24,佐賀県,佐賀市,美品/ミスアシダ miss ashida ニットワンピース 小さいサイズ 表記7号 S相当 カーキグリーン系 ブラウン系 毛 ウール 膝丈 秋冬 レディース,ミスアシダ,美品,ワンピース,ブラウン,秋冬,11000,7700,7700,11000,0,-3300,0,
10000095,2/23/22 21:15,2022/02/23,21:15,福岡県,太宰府市,美品/マークジェイコブス MARC JACOBS 絹シルク100%カットソー/ブラウス 表記4号(9号相当) ベージュ 花柄風 春夏向け トップス レディース,マークジェイコブス,美品,トップス,ベージュ,春夏,11000,11000,11000,11000,0,0,0,
10000094,2/22/22 22:44,2022/02/22,22:44,長野県,塩尻市,新品同様/インディヴィ INDIVI 美形プリーツスカート 表記40号(11号相当) 黒/ブラック オフィス お出掛け ボトムス 春夏秋 レディース,インディヴィ,新品同様,ボトムス,ブラック,春夏,12650,12550,12550,12650,0,-100,0,
10000093,2/22/22 21:59,2022/02/22,21:59,福岡県,行橋市南大橋,美品/ハーディエイミス HARDY AMIES 2P風ブラックフォーマルワンピース 表記11号(L相当) 黒/ブラック 冠婚葬祭 春夏向け レディース,ハーディエイミス,美品,ワンピース,ブラック,春夏,19800,13860,13860,19800,0,-5940,0,
10000092,2/14/22 13:53,2022/02/14,13:53,静岡県,沼津市,新品同様/銀座マギー フレアスカート 小さいサイズ 7号 S相当 黒 ブラック ハイヒール柄 膝丈 膝下丈 伸縮 春夏秋 ボトムス レディース,銀座マギー,新品同様,ボトムス,ブラック,春夏,14770,14770,14770,14520,0,,0,
10000091,2/9/22 8:10,2022/02/09,08:10,大阪府,大阪市平野区喜連西,美品/カオリーヌ KAORYINU 極暖ダウンコート 表記40号(11号/L相当) 黒/ブラック お出掛け 秋冬向け アウター レディース,カオリーヌ,美品,アウター,ブラック,秋冬,17050,11930,11930,17050,0,-5115,0,
10000090,2/4/22 10:04,2022/02/04,10:04,埼玉県,北本市,新品同様/スペッチオ SPECCHIO お洒落なチュニック 表記40号(11号相当) 白 黒 ボーダー柄 総プリーツ 春夏向け トップス レディース,スペッチオ,新品同様,トップス,黒,春夏,13420,9394,9394,13420,0,-4026,0,
10000089,1/30/22 20:20,2022/01/30,20:20,長崎県,長崎市,美品/ギビー Givy 美彩ブラウス 11号/40号/L相当 青緑系 ブルー グリーン ポップな大判花柄 長袖 春夏向け トップス レディース,ギビー,美品,トップス,ブルー,春夏,7750,5605,5605,7150,0,-2145,600,
10000088,1/29/22 23:49,2022/01/29,23:49,神奈川県,川崎市高津区下作延,美品/J.プレス J PRESS お洒落ピーコート/ジャケット 表記M(9号/38号相当) グレー 暖かメルトン生地 通勤 秋冬向け アウター レディース,J.プレス,美品,アウター,グレー,秋冬,11000,7700,7700,11000,0,-3300,0,
10000087,1/29/22 22:10,2022/01/29,22:10,広島県,広島市安佐北区,新品同様/J.プレス J PRESS アンサンブルニット 表記M(9号/38号相当) 青/ブルー 毛ウール100% セットアップ 春秋冬向 トップス レディース,J.プレス,新品同様,トップス,ブルー,秋冬,8300,8100,8100,7700,0,-200,600,
10000086,1/29/22 22:05,2022/01/29,22:05,広島県,広島市安佐北区,新品同様/ハナエモリ HANAE MORI カーディガン 表記M 9号相当 紺 ネイビー 羽織 ブローチ 毛100 ウール シンプル 春秋 トップス レディース,ハナエモリ,新品同様,トップス,ネイビー,春秋,13640,9548,9548,13640,0,-4092,0,
10000085,1/28/22 20:15,2022/01/28,20:15,大阪府,大阪市東淀川区,美品/ユキトリイ YUKI TORII ワンピーススーツ 表記38号 M相当 白 ホワイト 紺 ネイビー 薄手 セレモニー 春夏秋 セットアップ レディース,ユキトリイ,美品,スーツ,ホワイト,春夏,20460,14217,14322,20460,105,-6138,0,
10000084,1/27/22 20:46,2022/01/27,20:46,埼玉県,川口市,美品/ナチュラルビューティー NATURAL BEAUTY カシミヤ混ウールコート 小さいサイズ表記36号(S相当) 黒/ブラック 秋冬 アウター レディース,ナチュラルビューティー,美品,アウター,ブラック,秋冬,19800,19800,19800,19800,0,,0,
10000083,1/25/22 22:11,2022/01/25,22:11,福岡県,大川市,美品/コムサデモード COMME CA DU MODE 7分袖チュニック/ワンピース 大きい 表記44号(LL相当) 紫 メルトン地 春秋冬向 トップス レディース,コムサデモード,美品,トップス,紫,秋冬,7750,5605,5605,7150,0,-2145,600,
10000082,1/22/22 16:04,2022/01/22,16:04,東京都,足立区,美品/ハーディエイミス HARDY AMIES ブラックフォーマル ワンピース 大きいサイズ 15号 3L相当 黒 喪服 ノーカラー 春夏秋冬 レディース,ハーディエイミス,美品,ワンピース,ブラック,春夏,34100,34100,34100,34100,0,,0,
10000081,1/20/22 7:49,2022/01/20,07:49,愛知県,一宮市,美品/東京モード Tokyo Mode 大人な美形チェスターコート 大きめ 表記9号(11号～13号相当) 黒/ブラック カシミヤ フォーマル 秋冬 アウター,東京ソワール,美品,アウター,ブラック,秋冬,18150,12705,12705,18150,0,-5445,0,
10000080,1/19/22 10:58,2022/01/19,10:58,東京都,江戸川区,美品/ふっくら極暖ダウンコート ダウン90％ 表記L(11号/40号相当) ピンク 軽量 へちま襟 膝丈 シンプル 秋冬向け アウター レディース,ノーブランド,美品,アウター,ピンク,秋冬,16500,11550,11550,16500,0,-4950,0,
10000079,1/18/22 8:44,2022/01/18,08:44,北海道,札幌市北区,美品/マーガレットハウエル MARGARET HOWELL 大人なフレアワンピース 表記1号(7号相当) 紺/ネイビー カシミヤ混 お食事会 秋冬向け,マーガレットハウエル,美品,ワンピース,ネイビー,秋冬,18480,12936,12936,18480,0,-5544,0,
10000078,1/17/22 11:26,2022/01/17,11:26,東京都,国分寺市,美品/ジバンシイ GIVENCHY 上品ジャケット 表記10号(11号/L相当) ベージュ 豪華釦 ワッフル地 毛ウール混 秋冬向け アウター レディース,ジバンシイ,美品,アウター,ベージュ,秋冬,27500,19250,19250,27500,0,-8250,0,
10000077,1/16/22 21:20,2022/01/16,21:20,神奈川県,大和市,美品/ジュンアシダ jun ashida 大人テーラードジャケット 表記9号(M相当) 青緑 クラシカル 毛ウール素材 1釦 秋冬向け アウター レディース,ジュンアシダ,美品,アウター,青,秋冬,25080,25080,25080,25080,0,,0,
10000076,1/12/22 21:52,2022/01/12,21:52,愛知県,名古屋市千種区御棚町,美品/ポールスチュアート Paul Stuart 大人なフレアスカート 表記4号(9号相当) 黒/ブラック 艶感 オフィス お食事会 春夏秋向け ボトムス,ポールスチュアート,美品,ボトムス,ブラック,春夏,13750,13750,13750,13750,0,,0,
10000075,1/12/22 7:13,2022/01/12,07:13,愛知県,豊川市,美品/ラルフローレン RALPH LAUREN 杉綾柄ロングパンツ 表記11号(40号/L相当) 茶/ブラウン 毛ウール100% 秋冬向け ボトムス レディース,ラルフローレン,美品,ボトムス,ブラウン,秋冬,12100,12100,12100,12100,0,,0,
10000074,1/10/22 19:24,2022/01/10,19:24,東京都,渋谷区,美品/タルボット Talbots スカートスーツ 大きいサイズ 上12号/15号相当 下16号/19号相当 グレー 毛100% 秋冬向 セットアップ レディース,タルボット,美品,スーツ,グレー,秋冬,12980,9030,9086,12980,56,-3894,0,
10000073,1/9/22 15:31,2022/01/09,15:31,神奈川県,横浜市鶴見区,美品/23区 ふっくらニットワンピース 表記38号(9号/M相当) グレー 毛ウール100％ フレアデザイン お出掛け 秋冬向け レディース,23区,美品,ワンピース,グレー,秋冬,15730,11011,11011,15730,0,-4719,0,
10000072,1/7/22 23:29,2022/01/07,23:29,福岡県,糟屋郡,新品同様/スピックアンドスパン Spick＆Span プリーツスカート 表記36号(小さいサイズS相当) ブラウン系 ラップ風 変形裾 春夏向 ボトムス,スピックアンドスパン,新品同様,ボトムス,ブラウン,春夏,8300,7323,7500,7700,177,-800,600,
10000071,12/30/21 11:07,2021/12/30,11:07,埼玉県,さいたま市岩槻区,新品同様/キャラオクルス CARA O CRUZ レリアン 美揺ニットスカート 表記11号(40号相当) 黒/ブラック 毛100% 秋冬向け ボトムス レディース,キャラオクルス,新品同様,ボトムス,ブラック,秋冬,16500,16200,16200,16500,0,-300,0,
10000070,12/26/21 20:32,2021/12/26,20:32,東京都,北区上中里,新品同様/エスタコット ESTACOT  ふっくらウール混Pコート 紺/ネイビー 秋冬 オフィス 通勤 通学 お出かけ アウター レディース,エスタコット,新品同様,アウター,ネイビー,秋冬,11000,7700,7700,11000,0,-3300,0,
10000069,12/20/21 2:11,2021/12/20,02:11,大阪府,豊中市豊原町,新品同様/ローラアシュレイ LAURA ASHLEY お洒落ラップ/巻きワンピース 9号/M相当 ボルドー系 ジャージ素材 長袖 春夏秋向け レディース,ローラアシュレイ,新品同様,ワンピース,,春夏,18700,18500,18500,18700,0,-200,0,
10000068,12/17/21 12:58,2021/12/17,12:58,奈良県,北葛城郡広陵町,新品同様/シャミー Chamois ざっくり編ニットカーディガン 表記40号(11号/L相当) 群青色 グラデーション 半袖 秋冬向 トップス レディース,シャミー,新品同様,トップス,青,秋冬,8300,5990,5990,7700,0,-2310,600,
10000067,12/14/21 0:50,2021/12/14,00:50,愛知県,日進市,美品/ピエールカルダン pierre cardin スカートスーツ 表記9号(M相当) 紺/ネイビー 毛100% 卒業式 入学式 春秋向 セットアップ レディース,ピエールカルダン,美品,スーツ,ネイビー,春秋,18700,13033,13090,18700,57,-5610,0,
10000066,12/13/21 9:04,2021/12/13,09:04,東京都,江戸川区春江町,新品同様/ドゥクラッセ Do CLASSE お洒落バイカラーワンピース 表記11号(40号/L相当) 黒/ブラック ベージュ 長袖 伸縮 春秋冬向 レディース,ドゥクラッセ,新品同様,ワンピース,ブラック,秋冬,9070,6529,6529,8470,0,-2541,600,
10000065,12/10/21 12:52,2021/12/10,12:52,京都府,向日市,美品/モガ MOGA 上品ニットカーディガン 表記2号(9号/38号/M相当) グレー 毛ウール100% 羽織系 フリル風仕立 春秋向け トップス レディース,モガ,美品,トップス,グレー,春秋,8300,5900,5990,7700,90,-2310,600,
10000064,12/9/21 22:51,2021/12/09,22:51,愛媛県,松山市,美品/バナナリパブリック BANANA REPUBLIC ツイードジャケット 小さいサイズ 表記0号(7号相当) ベージュ 毛混 秋冬向 アウター レディース,バナナリパブリック,美品,アウター,ベージュ,秋冬,11440,11340,11340,11440,0,-100,0,
10000063,12/9/21 12:35,2021/12/09,12:35,大阪府,豊中市,美品/ビースリー B3 大人な美脚ストレッチパンツ 表記32号(9号/M相当) 黒/ブラック ロゴ釦 お出掛け 春夏秋向け ボトムス レディース,ビースリー,美品,ボトムス,ブラック,春夏,8080,5836,5836,7480,0,-2244,600,
10000062,12/7/21 23:57,2021/12/07,23:57,京都府,京都市中京区蟷螂山町,美品/レリアン Leilian 高級ウール100%カーディガン イタリア製糸 大きいサイズ 表記13号(LL相当) 深緑 刺繍 秋冬向け トップス レディース,レリアン,美品,トップス,緑,秋冬,26070,26070,26070,26070,0,,0,
10000061,12/7/21 21:39,2021/12/07,21:39,東京都,渋谷区,美品/ミスアシダ miss ashida 上品ワンピース 小さいサイズ 表記7号(S相当) 水色 毛ウール混 半袖 微ラメ チェック柄 春秋向け レディース,ミスアシダ,美品,ワンピース,水色,春秋,11000,11000,11000,11000,0,,0,
10000060,12/5/21 12:48,2021/12/05,12:48,京都府,京都市中京区蟷螂山町,美品/レリアン Leilian カーディガン 大きいサイズ 13号 LL 相当 黒 ブラック イタリア製 ウール ビーズ 長袖 秋 冬 トップス レディース,レリアン,美品,トップス,ブラック,秋,17600,17600,17600,17600,0,,0,
10000059,12/4/21 15:47,2021/12/04,15:47,愛知県,名古屋市緑区,美品/ホワイトイタリヤード WHITE ITARIYARD ふっくら美編タートルニット 起毛仕立 11号/L相当 青緑 ウール混 秋冬向 トップス レディース,ホワイトイタリヤード,美品,トップス,ホワイト,秋冬,8080,5836,5836,7480,0,-2244,600,
10000058,12/3/21 12:10,2021/12/03,12:10,東京都,小平市,新品同様/マリクレール marie claire ツイード スーツ 表記11号 40号 L相当 紺 ネイビー ノーカラー 長袖 秋冬 セットアップ レディース,マリクレール,新品同様,スーツ,ネイビー,秋冬,19800,13769,13860,19800,91,-5940,0,
10000057,12/3/21 0:03,2021/12/03,00:03,茨城県,水戸市,美品/ポールスチュアート Paul Stuart お洒落ガウチョパンツ/スカンツ 表記6号(細め9号/M相当) 茶/ブラウン 秋冬向け ボトムス レディース,ポールスチュアート,美品,ボトムス,ブラウン,秋冬,16280,16280,16280,16280,0,,0,
10000056,11/30/21 8:28,2021/11/30,08:28,東京都,板橋区,美品/インタープラネット INTER PLANET 極柔カシミヤ100%コート 表記40号(9号/M相当) 黒/ブラック 比翼 通勤 秋冬向け アウター レディース,インタープラネット,美品,アウター,ブラック,秋冬,16500,16500,16500,16500,0,,0,
10000055,11/27/21 12:40,2021/11/27,12:40,大阪府,寝屋川市,美品/優雅ミンクコート 大きいサイズ 13号/LL相当 茶/ブラウン 美艶 高級毛皮 美しい毛並み シンプル 秋冬向け アウター レディース,ノーブランド,美品,アウター,ブラウン,秋冬,24200,23700,23700,24200,0,-500,0,
10000054,11/27/21 9:12,2021/11/27,09:12,佐賀県,鳥栖市,新品同様/ニューヨーカー NEW YORKER ツイードカットソー 大きいサイズ13号(LL相当) 茶/ブラウン カシミヤ混 春秋向 トップス レディース,ニューヨーカー,新品同様,トップス,ブラウン,春秋,9180,9180,9180,8580,0,,600,
10000053,11/22/21 23:39,2021/11/22,23:39,滋賀県,草津市,美品/エムズグレイシー M'sGRACY コーデュロイスカート 表記9号(小さいサイズS～細めM相当) 紺/ネイビー系 秋冬向け ボトムス レディース,エムズグレイシー,美品,ボトムス,ネイビー,秋冬,14630,14630,14630,14630,0,,0,
10000052,11/17/21 9:33,2021/11/17,09:33,東京都,目黒区,美品/ピエールカルダン pierre cardin 美形スカート 表記11号(L相当) グレー 毛ウール カシミヤ混 シンプル 春秋冬向 ボトムス レディース,ピエールカルダン,美品,ボトムス,グレー,秋冬,9290,9290,9290,8690,0,,600,
10000051,11/14/21 10:18,2021/11/14,10:18,兵庫県,淡路市斗ノ内,美品/ハーディエイミス HARDY AMIES ブラックフォーマル ワンピーススーツ 大きいサイズ 15号 3L 相当 黒 喪服 日本製 春夏秋冬 レディース,ハーディエイミス,美品,スーツ,ブラック,春夏,38500,38500,38500,38500,0,,0,
10000050,11/13/21 13:21,2021/11/13,13:21,京都府,相楽郡精華町祝園西,新品同様/アクアスキュータム Aquascutum 美揺プリーツスカート 表記9号(M相当) グレー チェック柄 毛ウール100% 秋冬 ボトムス レディース,アクアスキュータム,新品同様,ボトムス,グレー,秋冬,15070,13570,14370,15070,800,-700,0,
10000049,11/10/21 10:32,2021/11/10,10:32,東京都,日野市,美品/オッズオネスト OZZ ONESTE おしゃれコーデュロイコート 小さめ(7号Sサイズ相当) 茶/ブラウン 秋冬 ファー付き アウター レディース,オッズオネスト,美品,アウター,ブラウン,秋冬,19800,19800,19800,19800,0,,0,
10000048,10/29/21 23:23,2021/10/29,23:23,長崎県,長崎市,美品/レリアン Leilian 上質ウール100%大人タイトスカート 9号(Ｍサイズ相当) 黒/ブラック オフィス 冠婚葬祭 ボトムス レディース,レリアン,美品,ボトムス,ブラック,,16500,16500,16500,16500,0,,0,
10000047,10/26/21 17:52,2021/10/26,17:52,埼玉県,大里郡寄居町,新品同様/セキネ sekine 美舞ロングスカート 社交ダンス 表記11号(40号/L相当) 緑/グリーン サテン 美艶感 春夏秋冬向 ボトムス レディース,セキネ,新品同様,ボトムス,グリーン,春夏,13200,11931,12200,13200,269,-1000,0,
10000046,10/18/21 23:42,2021/10/18,23:42,東京都,世田谷区南烏山,新品同様/ハーモニカ HARMONICA 優美ワンピース 表記F(9号/M相当) 黒/ブラック 花柄 しわ感 異素材 半袖 シンプル 春夏向け レディース,ハーモニカ,新品同様,ワンピース,ブラック,春夏,11880,11286,11286,11880,0,-594,0,
10000045,10/15/21 10:01,2021/10/15,10:01,宮崎県,宮崎市,新品同様/レステラ LESTERA レナウン 異素材ワンピース 表記40号(11号/L相当) 黒/ブラック 毛ウール混 7分袖 ノーカラー 春秋冬 レディース,レステラ,新品同様,ワンピース,ブラック,秋冬,15950,15950,15950,15950,0,,0,
10000044,10/8/21 17:45,2021/10/08,17:45,東京都,福生市,美品/ザラ ZARA チェック柄スカート 小さいサイズ 表記XS(5号～7号相当) 赤/レッド 黒/ブラック ロングタイト 春夏秋 ボトムス レディース,ザラ,美品,ボトムス,ブラック,春夏,7750,7750,7750,7150,0,,600,
10000043,10/1/21 1:19,2021/10/01,01:19,神奈川県,横浜市鶴見区,美品/ティエリーミュグレー Thierry Mugler ラップスカート チューリップ 表記60-88 Ｓ 相当 赤 ベロア ミニ丈 秋 冬 ボトムス レディース,ティエリーミュグレー,美品,ボトムス,グレー,秋,7420,7420,7420,6820,0,,600,
10000042,9/16/21 17:22,2021/09/16,17:22,東京都,世田谷区南烏山,美品/ジェラールダレル GERARD DAREL 上質アンゴラ混ロングコート 黒/ブラック ファー付き ウール混 お出かけ 秋冬 アウター レディース,ジェラールダレル,美品,アウター,ブラック,秋冬,25300,22770,22770,25300,0,-2530,0,
10000041,9/16/21 9:34,2021/09/16,09:34,東京都,渋谷区,美品/バレンザ VALENZA ライダース風ジャケット 大きいサイズ 表記44号(13号相当) 黒/ブラック 立体モチーフ 春秋冬向 アウター レディース,バレンザ,美品,アウター,ブラック,秋冬,19800,19800,19800,19800,0,,0,
10000040,9/7/21 23:04,2021/09/07,23:04,東京都,練馬区,美品/トランスワーク TRANS WORK お洒落な美揺れワンピース 表記38号(9号相当) 黒 ドット柄 リボン お食事会 春秋向け レディース,トランスワーク,美品,ワンピース,黒,春秋,12100,12100,12100,12100,0,,0,
10000039,9/6/21 16:58,2021/09/06,16:58,兵庫県,西宮市,美品/インディヴィ INDIVI 美形パンツスーツ 小さいサイズ 表記36号(7号/S相当) 黒/ブラック デニム調 通勤 春秋 セットアップ レディース,インディヴィ,美品,スーツ,ブラック,春秋,15650,15650,15650,15400,0,,0,
10000038,8/27/21 22:55,2021/08/27,22:55,山形県,西置賜郡白鷹町大字畔藤,美品/オリバーヴァレンティノ OLIVER BY VALENTINO イタリア製アンサンブルニット I42号(M相当) 黒/ブラック アンゴラ混 秋冬向 レディース,オリバーヴァレンティノ,美品,トップス,ブラック,秋冬,9400,9400,9400,8800,0,,600,
10000037,8/24/21 15:49,2021/08/24,15:49,東京都,港区西麻布,美品/ドゥスール Douceur 美揺れフレアスカート 表記38号(9号/M相当) 紺/ネイビー カットワークレース ドット柄 春夏 ボトムス レディース,ドゥスール,美品,ボトムス,ネイビー,春夏,8300,8300,8300,7700,0,,600,
10000036,8/23/21 3:22,2021/08/23,03:22,千葉県,木更津市,極美品/上品ブラックフォーマルワンピース 表記11号(40号/L相当) 黒 襟レース 5分袖 ロング丈 冠婚葬祭 喪服 日本製 春夏向け レディース,ノーブランド,美品,ワンピース,ブラック,春夏,12100,12100,12100,12100,0,,0,
10000035,8/20/21 8:36,2021/08/20,08:36,佐賀県,鳥栖市,美品/ラピーヌ LAPINE ブラックフォーマルスカートスーツ 大きいサイズ 表記15号(3L相当) 黒 7分袖 春夏向け セットアップ レディース,ラピーヌ,美品,スーツ,ブラック,春夏,20680,20680,20680,20680,0,,0,
10000034,8/18/21 15:46,2021/08/18,15:46,香川県,善通寺市生野町,美品/東京ソワール SOIR REVE レース付ブラックフォーマルワンピース 表記9号(38号/M相当) 黒 冠婚葬祭 半袖 薄手 春夏向け レディース,東京ソワール,美品,ワンピース,ブラック,春夏,18700,18200,18200,18700,0,-500,0,
10000033,8/17/21 23:57,2021/08/17,23:57,東京都,渋谷区,新品/マックス&コー MAX&CO マックスマーラ 美形スカート 表記38号(9号/M相当) 黒/ブラック 白/ホワイト 春夏 ボトムス レディース,マックス&コー,新品,ボトムス,ブラック,春夏,17600,17600,17600,17600,0,,0,
10000032,8/17/21 23:52,2021/08/17,23:52,東京都,渋谷区,美品/詩仙堂 ヒトシタムラ ちりめん素材ジャケット/カーディガン 9号/M相当 黒/ブラック系 薄地 ノーカラー 春夏向け アウター レディース,詩仙堂,美品,アウター,ブラック,春夏,18700,18700,18700,18700,0,,0,
10000031,8/17/21 16:19,2021/08/17,16:19,埼玉県,さいたま市桜区,美品/Odds On Japan 美脚ストレッチパンツ 小さいサイズSサイズ(7号相当) 黒/ブラック 春秋向け 伸縮 お出かけ ボトムス レディース,オッドオンジャパン,美品,ボトムス,ブラック,春秋,8300,8200,8200,7700,0,-100,600,
10000030,8/14/21 18:26,2021/08/14,18:26,石川県,金沢市,美品/アクサラ AXARA 美形タイトスカート フランス製 表記40号(L相当) 白/ホワイト 紺/ネイビー 膝丈 ミニ丈 春夏向 ボトムス レディース,アクサラ,美品,ボトムス,ホワイト,春夏,7420,7420,7420,6820,0,,600,
10000029,7/31/21 5:16,2021/07/31,05:16,神奈川県,小田原市板橋,美品/クレージュ courreges お洒落なブラウスチュニック 表記40号(11号相当) 黒 白 チェック柄 お出掛け 春夏向け トップス レディース,クレージュ,美品,トップス,黒,春夏,9950,9950,9950,9350,0,,600,
10000028,6/16/21 10:36,2021/06/16,10:36,福岡県,福岡市博多区堅粕,美品/東京ソワール D'REREAD ブラックフォーマルワンピース 大きいサイズ 表記15号(3L相当) 黒 7分袖 冠婚葬祭 喪服 春夏向け レディース,東京ソワール,美品,ワンピース,ブラック,春夏,27720,27720,27720,27720,0,,0,
