"OrderId","LineId","Id","Quantity","ItemId","SubCode","ItemYahooAucId","ItemYahooAucMerchantId","Title","ItemOptionName","ItemOptionValue","ItemOptionPrice","SubCodeOption","InscriptionName","InscriptionValue","UnitPrice","PriceType","UnitGetPoint","LineSubTotal","LineGetPoint","PointFspCode","Condition","CouponId","CouponDiscount","OriginalPrice","IsGetPointFix","GetPointFixDate","ReleaseDate","GetPointType","Jan","ProductId","LineGetPointChargedToStore","LeadTimeStart","LeadTimeEnd","LeadTimeText","ItemTaxRatio","UnitGetStoreBonus","LineGetBonus","IsGetStoreBonusFix","GetStoreBonusFixDate","LineGetBonusChargedToStore"
"10000970","1","froufroumarket-10000970","1","M7079","","g1142426105","","美品/ビースリー B-Three B3 クロップドパンツ 表記 34号 11号 L 相当 白 レディース 春 夏 ボトムス 綿混 コットン ストレッチ シンプル","","","","","","","6600","1","0","6600","0","","1","","","","0","","","","","40749","0","2025/04/19","2025/04/19","翌日発送（休業日を除く）","10","0","0","0","未確定","0"
"10000969","1","froufroumarket-10000969","1","AUCTIONu1051454813","","u1051454813","A1631","A美品/B3/ビースリー/白/ストレッチ素材/ロゴ釦/茶ステッチライン/お洒落カプリパンツ/小さいサイズ/32号(7号*Ｓ相当)春夏/レディース","","","","","","","3800","1","0","3800","0","","1","","","","0","","","","","-1","0","","","発送日情報なし","10","0","0","0","未確定","0"
"10000968","1","froufroumarket-10000968","1","A5560","","","","美品/ユキトリイ YUKI TORII フォーマルジャケット 9号 M 相当 白 ホワイト 艶感 無地 ステンカラー リボン 春 秋 アウター レディース","","","","","","","28600","1","0","28600","0","","1","","","","0","2025/04/17","","","","","0","2025/04/19","2025/04/19","","10","260","260","1","2025-04-16","260"
"10000967","1","froufroumarket-10000967","1","AUCTIONq1051609405","","q1051609405","M3012","M美品/フラジール FRAGILE 可憐フリル付きスカート 小さいサイズ 表記36号(7号/S相当) シルバーグレー 伸縮 春夏向け ボトムス レディース","","","","","","","6000","1","0","6000","0","","1","","","","0","","","","","-1","0","","","発送日情報なし","10","0","0","0","未確定","0"
"10000966","1","froufroumarket-10000966","1","M7056","","c1141976591","","美品/ピサーノ PISANO ジュニアー プリーツスカート 表記 L 11号 相当 古着 黒 ブラック レディース 春 夏 ボトムス しわ感 透け感 薄手","","","","","","","10450","1","0","10450","0","","1","","","","0","","","","","40745","0","2025/04/13","2025/04/13","翌日発送（休業日を除く）","10","0","0","0","未確定","0"
"10000965","1","froufroumarket-10000965","1","A5104","","s1112932898","","美品/レリアン Leilian フレアスカート 表記 11号 L 相当 黒 ブラック 毛 ウール 格子柄 ひざ丈 オフィス 春秋 ボトムス レディース","","","","","","","15400","1","0","15400","0","","1","","","","0","","","","","40745","0","2025/04/13","2025/04/13","翌日発送（休業日を除く）","10","0","0","0","未確定","0"
"10000964","1","froufroumarket-10000964","1","M5801","","t1079196619","","美品/マーガレットハウエル MARGARET HOWELL フレアスカート 表記2号 M相当 ベージュ 綿 毛 シンプル ミモレ丈 春秋冬 ボトムス レディース","","","","","","","9020","1","0","9020","0","","1","","","","0","","","","","40745","0","2025/04/08","2025/04/08","翌日発送（休業日を除く）","10","0","0","0","未確定","0"
"10000963","1","froufroumarket-10000963","1","AUCTIONm1051611220","","m1051611220","M3239","M新品同様/イエーガー JAEGER ゆったりロングパンツ 小さいサイズ 表記W63 H91(7号/S相当) 黒/ブラック 麻混 春夏向 ボトムス レディース","","","","","","","5951","1","0","5951","0","","1","","","","0","","","","","-1","0","","","発送日情報なし","10","0","0","0","未確定","0"
"10000962","1","froufroumarket-10000962","1","AUCTIONl1051595190","","l1051595190","M3238","M美品/ラルフローレンゴルフ RALPH LAUREN 優秀スコート 表記2号(身長160) 白/ホワイト ゴルフウエア 伸縮 春夏向け ボトムス レディース","","","","","","","5951","1","0","5951","0","","1","","","","0","","","","","-1","0","","","発送日情報なし","10","0","0","0","未確定","0"
"10000961","1","froufroumarket-10000961","1","M5821","","","","美品/アナイ ANAYI ワンピース 半袖ワンピース 表記38号 9号 Ｍ相当 古着 濃紺 ネイビー レディース 春 夏 秋 ノーカラー シンプル ひざ丈","","","","","","","14190","1","0","14190","0","","1","","","","0","2025/04/07","","","","","0","2025/04/09","2025/04/09","","10","129","129","1","2025-04-06","129"
"10000960","1","froufroumarket-10000960","1","M5307","","r1038386796","","美品/ベルソフィア Bell Sophia フォーマル ジャケット 大きいサイズ 表記13号 LL相当 シャンパンゴールド 総レース アウター レディース","","","","","","","22000","1","0","22000","0","","1","","","","0","","","","","1480","0","2025/03/31","2025/03/31","翌日発送（休業日を除く）","10","0","0","0","未確定","0"
"10000959","1","froufroumarket-10000959","1","M6270","","h1099608478","","美品/B PLUS ブラウス スカート セットアップ 大きいサイズ 表記 17号 4L 相当 古着 シルバーグレー系 レディース 春 夏 ラメ 薄手 長袖","","","","","","","19800","1","0","19800","0","","1","","","","0","","","","","1480","0","2025/03/30","2025/03/30","翌日発送（休業日を除く）","10","0","0","0","未確定","0"
"10000958","1","froufroumarket-10000958","1","AUCTIONe1051602657","","e1051602657","M2347","M美品/KOJI WATANABE/コージワタナベ/淡ピンク/コットン/カットソー/トップス/M（9号/38号相当）/春夏/レディース","","","","","","","3960","1","0","3960","0","","1","","","","0","","","","","-1","0","","","発送日情報なし","10","0","0","0","未確定","0"
"10000957","1","froufroumarket-10000957","1","M6251","","f1098635678","","美品/グレープ横浜元町 grape ワイドパンツ 9号 M 11号 L 相当 グレー レディース 春 夏 秋 ボトムス 麻混 綿混 シンプル ゆったり ゴム","","","","","","","5500","1","0","5500","0","","1","","","","0","","","","","28530","0","2025/03/29","2025/03/29","翌日発送（休業日を除く）","10","0","0","0","未確定","0"
"10000956","1","froufroumarket-10000956","1","A5462","","u1133285787","","美品/ビースリー B3 デニムパンツ 表記 38号 11号 相当 白 ホワイト シンプル ストレッチ性 ロング丈 お出掛け 春 秋 ボトムス レディース","","","","","","","8800","1","0","8800","0","","1","","","","0","","","","","44120","0","2025/03/27","2025/03/27","翌日発送（休業日を除く）","10","0","0","0","未確定","0"
"10000955","1","froufroumarket-10000955","1","M7436","","s1163119126","","美品/レキップ ヨシエイナバ L'EQUIPE YOSHIE INABA フレアスカート 40号 L 相当 茶 ブラウン レディース ボトムス 絹 綿 レース 薄手","","","","","","","11000","1","0","11000","0","","1","","","","0","","","","","40746","0","2025/03/26","2025/03/26","翌日発送（休業日を除く）","10","0","0","0","未確定","0"
"10000954","1","froufroumarket-10000954","1","M7494","","","","新品同様/ユキトリイ YUKI TORII イギン ブラックフォーマルワンピーススーツ 表記 9号 M 相当 黒 レディース 冠婚葬祭 喪服 セットアップ","","","","","","","33000","1","0","33000","0","","1","","","","0","2025/03/27","","","","","0","2025/03/28","2025/03/28","","10","280","280","1","2025-03-26","280"
"10000953","1","froufroumarket-10000953","1","AUCTIONe1051552549","","e1051552549","A3661","Ａ新品同様/CELEB-MOI 大人なセットアップスーツ 表記M〜L(9号 11号相当) 黒/ブラック しわ感素材 繊細プリーツ モダンなデザイン 春夏向け","","","","","","","9801","1","0","9801","0","","1","","","","0","","","","","-1","0","","","発送日情報なし","10","0","0","0","未確定","0"
"10000952","1","froufroumarket-10000952","1","A4651","","n1088206189","","美品/23区 テーラードジャケット 大きい 表記 50号 19号 5L 相当 グレー ストライプ柄 ロング丈 オフィス 通勤 アウター 春夏 レディース","","","","","","","18700","1","0","18700","0","","1","","","","0","","","","","28254","0","2025/03/18","2025/03/18","翌日発送（休業日を除く）","10","0","0","0","未確定","0"
"10000951","1","froufroumarket-10000951","1","AUCTIONc1051571101","","c1051571101","A2730","Ａ新品/ OPPIO 美的タイトスカート 表記Ｍサイズ(9号相当) 黒/ブラック ニット素材 ウール100 オフィス 秋冬向け ボトムス","","","","","","","6300","1","0","6300","0","","1","","","","0","","","","","-1","0","","","発送日情報なし","10","0","0","0","未確定","0"
"10000950","1","froufroumarket-10000950","1","M5043","","o497580154","","美品/デリススポーツ DELICE sport 東京スタイル ブラウス/スカートセットアップ 大きいサイズ 表記上19号 下17号 赤系 春夏向 レディース","","","","","","","8800","1","0","8800","0","","1","","","","0","","","","","28364","0","2025/03/15","2025/03/15","翌日発送（休業日を除く）","10","0","0","0","未確定","0"
"10000949","1","froufroumarket-10000949","1","AUCTIONl1051555191","","l1051555191","4306","☆ボルボネーゼ♪キャメル*金釦♪美形ジャケット*大きいサイズ44","","","","","","","5200","1","0","5200","0","","1","","","","0","","","","","-1","0","","","発送日情報なし","10","0","0","0","未確定","0"
"10000948","1","froufroumarket-10000948","1","AUCTIONf1051571756","","f1051571756","S261","S【マークジェイコブス】美彩色*絹100％*透け感*華花柄スカート9","","","","","","","3800","1","0","3800","0","","1","","","","0","","","","","-1","0","","","発送日情報なし","10","0","0","0","未確定","0"
"10000947","1","froufroumarket-10000947","1","M7114","","g1144382731","","新品同様/ソワールドルチェ SOIR DOLCE 東京ソワール フォーマルスカート 表記 11号 L 相当 黒 ブラック レディース 春 夏 単品 ロング","","","","","","","17050","1","0","17050","0","","1","","","","0","","","","","1480","0","2025/03/10","2025/03/10","翌日発送（休業日を除く）","10","0","0","0","未確定","0"
"10000946","1","froufroumarket-10000946","1","M7415","","q1162723829","","新品同様/ユキトリイ YUKI TORII ワンピース 表記 38号 9号 M 相当 古着 紺 ネイビー レディース 春 秋 5分袖 絹混 毛混 ジャガード 膝丈","","","","","","","22000","1","0","22000","0","","1","","","","0","","","","","44841","0","2025/03/08","2025/03/08","翌日発送（休業日を除く）","10","0","0","0","未確定","0"
"10000945","1","froufroumarket-10000945","1","AUCTIONk1051237438","","k1051237438","A2509","A美品/ ロペ ROPE 大人なオーバーブラウス 表記38号(Mサイズ相当) 紺/ネイビー ウール素材 オフィス 秋冬向け トップス レディース","","","","","","","5480","1","0","5480","0","","1","","","","0","","","","","-1","0","","","発送日情報なし","10","0","0","0","未確定","0"
"10000944","1","froufroumarket-10000944","1","AUCTIONf1051605027","","f1051605027","A3744","Ａ新品/詩仙堂 ヒトシタムラ 高級ちりめんロングベスト (9号/M相当) 緑/グリーン モダンデザイン 春秋向け トップス レディース","","","","","","","22810","1","0","22810","0","","1","","","","0","","","","","-1","0","","","発送日情報なし","10","0","0","0","未確定","0"
"10000943","1","froufroumarket-10000943","1","A5120","","h1113719066","","新品/ローラアシュレイ LAURA ASHLEY ジャージワンピース 表記 11号 L 相当 紺 ネイビー 花柄 Vネック 七分袖 お出掛け 春 夏 レディース","","","","","","","20900","1","0","20900","0","","1","","","","0","","","","","44841","0","2025/03/11","2025/03/11","","10","0","0","0","未確定","0"
"10000942","1","froufroumarket-10000942","1","M4751","","d485230680","","新品同様/エルミダ EL MIDAS 優雅フォーマルジャケット 表記10号(11号相当) 紺 フロッキー風 煌ラメ ノーカラー 毛絹混 春秋冬 レディース","","","","","","","20570","1","0","20570","0","","1","","","","0","","","","","28256","0","2025/03/04","2025/03/04","翌日発送（休業日を除く）","10","0","0","0","未確定","0"
"10000941","1","froufroumarket-10000941","1","M7484","","q1165942384","","美品/セオリーリュクス theory luxe ベスト 表記 38号 M 相当 黒 ブラック レディース 春 秋 トップス 毛100 ウール vネック 薄手 前開き","","","","","","","7700","1","0","7700","0","","1","","","","0","","","","","40699","0","2025/03/03","2025/03/03","翌日発送（休業日を除く）","10","0","0","0","未確定","0"
"10000940","1","froufroumarket-10000940","1","M7567","","j1171143553","","美品/トランスワーク TRANS WORK スカートスーツ イタリア製生地 11号 13号 茶 ブラウン レディース 春 秋 2点セット 毛100 ウール 薄手","","","","","","","15840","1","0","15840","0","","1","","","","0","","","","","1480","0","2025/03/02","2025/03/02","翌日発送（休業日を除く）","10","0","0","0","未確定","0"
"10000939","1","froufroumarket-10000939","1","M7234","","","","美品/フラジール FRAGILE フレアスカート 表記 38号 9号 M 相当 白黒 レディース 春 夏 ボトムス 薄手 ひざ丈 ストレッチ ジャージ素材","","","","","","","6600","1","0","6600","0","","1","","","","0","","","","","","0","2025/03/06","2025/03/06","","10","0","0","0","未確定","0"
"10000938","1","froufroumarket-10000938","1","AUCTIONb1051600780","","b1051600780","M2838","M美品/ラルフローレン RALPH LAUREN ウール100%ニット 表記L号(11号/40号相当) グレー 定番シンプル 伸縮 長袖 秋冬 トップス レディース","","","","","","","7000","1","0","7000","0","","1","","","","0","","","","","-1","0","","","発送日情報なし","10","0","0","0","未確定","0"
"10000937","1","froufroumarket-10000937","1","AUCTIONb1051552292","","b1051552292","6757","美品/ジャンフランコフェレ GIANFRANCO FERRE すらっと美脚パンツ 小さいサイズ表記38号(７/S相当) グレー 伊製 春夏 ボトムス レディース","","","","","","","6300","1","0","6300","0","","1","","","","0","","","","","-1","0","","","発送日情報なし","10","0","0","0","未確定","0"
"10000936","1","froufroumarket-10000936","1","AUCTIONk1051696344","","k1051696344","M3823","M美品/タルボット Talbots 花柄フレアスカート 絹シルク100% 大きいサイズ 表記12号(13号〜15号相当) 黒 赤 春夏向け ボトムス レディース","","","","","","","4990","1","0","4990","0","","1","","","","0","","","","","-1","0","","","発送日情報なし","10","0","0","0","未確定","0"
"10000935","1","froufroumarket-10000935","1","M6727","","q1124125258","","美品/ボディドレッシングデラックス BODY DRESSING Deluxe タイトスカート 小さい 36号 S 相当 黒 ブラック レディース 秋 冬 ボトムス","","","","","","","7700","1","0","7700","0","","1","","","","0","","","","","40745","0","2025/02/27","2025/02/27","翌日発送（休業日を除く）","10","0","0","0","未確定","0"
"10000934","1","froufroumarket-10000934","1","M7405","","n1161946031","","美品/Ebegcnce ニットカーディガン リバーシブル 表記 L 11号 相当 古着 茶 ブラウン オレンジ レディース 秋 冬 トップス 毛100 ウール","","","","","","","7700","1","0","7700","0","","1","","","","0","","","","","4859","0","2025/02/26","2025/02/26","翌日発送（休業日を除く）","10","0","0","0","未確定","0"
"10000933","1","froufroumarket-10000933","1","AUCTIONr1051242996","","r1051242996","M3836","M新品同様/ボンシリエ BON CILIE 優雅ベロアジャケット 表記9号(M相当) 黒 透け感 プリーツ 薄手 フリル ラメ 春秋 アウター レディース","","","","","","","24900","1","0","24900","0","","1","","","","0","","","","","-1","0","","","発送日情報なし","10","0","0","0","未確定","0"
"10000932","1","froufroumarket-10000932","1","AUCTIONx1051235733","","x1051235733","H114","H美品/INDIVI インディヴィ 極柔ウールジャケット 小さいサイズ表記38号(7号相当) 黒/ブラック アンゴラ混 秋冬向け アウター レディース","","","","","","","12900","1","0","12900","0","","1","","","","0","","","","","-1","0","","","発送日情報なし","10","0","0","0","未確定","0"
"10000931","1","froufroumarket-10000931","1","AUCTIONg1051232318","","g1051232318","5767","新品同様*SACRAサクラ*ふっくらツイード風*斜めレジメ柄*お洒落スカート38/9","","","","","","","5480","1","0","5480","0","","1","","","","0","","","","","-1","0","","","発送日情報なし","10","0","0","0","未確定","0"
"10000930","1","froufroumarket-10000930","1","M7600","","t1173158991","","美品/バレンザ VALENZA ロングパンツ ストレッチ 大きいサイズ 表記 42号 LL 相当 古着 黒 ブラック レディース 秋 冬 ボトムス ビジュー","","","","","","","8690","1","0","8690","0","","1","","","","0","","","","","40707","0","2025/02/20","2025/02/20","翌日発送（休業日を除く）","10","0","0","0","未確定","0"
"10000929","1","froufroumarket-10000929","1","AUCTIONx1051564872","","x1051564872","M1882","M美品*スコッチハウス*渋色*プリーツスカート♪小さいサイズ36/7","","","","","","","5600","1","0","5600","0","","1","","","","0","","","","","-1","0","","","発送日情報なし","10","0","0","0","未確定","0"
"10000928","1","froufroumarket-10000928","1","M6969","","j1136661360","","美品/ミスクロエ Miss Chloe タイトスカート ツイード 表記 40号 11号 L 相当 古着 紺 ネイビー レディース 秋 冬 ボトムス 毛100 ウール","","","","","","","9020","1","0","9020","0","","1","","","","0","","","","","40745","0","2025/02/14","2025/02/14","翌日発送（休業日を除く）","10","0","0","0","未確定","0"
"10000927","1","froufroumarket-10000927","1","A5558","","d1141224329","","美品/ペニーブラック PENNY BLACK テーラードジャケット イタリア製 表記 40号 11号 相当 黒 ブラック ウール 秋 冬 アウター レディース","","","","","","","14850","1","0","14850","0","","1","","","","0","","","","","28254","0","2025/02/13","2025/02/13","翌日発送（休業日を除く）","10","0","0","0","未確定","0"
"10000926","1","froufroumarket-10000926","1","A4156","","j662481815","","美品/マックスマーラ MaxMara ウィークエンド WEEKEND 大人な美形ニットワンピース (11号/L相当) 黒 白 モダンな美柄 お出掛け 春秋向け","","","","","","","23650","1","0","23650","0","","1","","","","0","","","","","44841","0","2025/02/12","2025/02/12","翌日発送（休業日を除く）","10","0","0","0","未確定","0"
"10000925","1","froufroumarket-10000925","0","M4604","","k503845809","","美品/東京ソワール RIFANNE 大人ノーカラージャケット 大きいサイズ 表記15号(3L相当) オレンジ 美形 金釦 春秋冬向け アウター レディース","","","","","","","28600","1","0","0","0","","1","","","","0","","","","","28256","0","2025/02/09","2025/02/09","翌日発送（休業日を除く）","10","0","0","0","未確定","0"
"10000924","1","froufroumarket-10000924","1","M7474","","u1165622989","","美品/オンワード樫山 ワンピース 表記 M 9号 38号 相当 古着 グレー レディース 秋 冬 ノーカラー シンプル ミモレ丈 長袖 ストレッチ","","","","","","","13640","1","0","13640","0","","1","","","","0","","","","","44841","0","2025/02/08","2025/02/08","翌日発送（休業日を除く）","10","0","0","0","未確定","0"
"10000923","1","froufroumarket-10000923","1","M4793","","n492841117","","新品/ignimoh's ブラックフォーマルワンピーススーツ 表記11号(L相当) 黒/ブラック レース 冠婚葬祭 喪服 春夏秋 セットアップ レディース","","","","","","","19800","1","0","19800","0","","1","","","","0","","","","","40769","0","2025/02/03","2025/02/03","翌日発送（休業日を除く）","10","0","0","0","未確定","0"
"10000922","1","froufroumarket-10000922","1","M7464","","o1165549950","","美品/アリュード ALLUDE ニット セーター 小さいサイズ 表記 XS 7号 相当 ピンク レディース 秋冬 トップス ゆったり ウール カシミヤ 極柔","","","","","","","8470","1","0","8470","0","","1","","","","0","","","","","1483","0","2025/02/02","2025/02/02","翌日発送（休業日を除く）","10","0","0","0","未確定","0"
"10000921","1","froufroumarket-10000921","1","AUCTIONq1051233988","","q1051233988","A3798","Ａ美品/レキップ ヨシエイナバ L'EQUIPE YOSHIE INABA 美形ウールジャケット 表記40号(11号/L相当) 茶/ブラウン 秋冬 アウター レディース","","","","","","","12900","1","0","12900","0","","1","","","","0","","","","","-1","0","","","発送日情報なし","10","0","0","0","未確定","0"
"10000920","1","froufroumarket-10000920","1","AUCTIONp1051682649","","p1051682649","M3310","M美品/組曲 KUMIKYOKU ツイード素材パンツ 表記2号(9号/38号/M相当) こげ茶 絹シルク混 ゆったり感 伸縮 秋冬向け ボトムス レディース","","","","","","","5200","1","0","5200","0","","1","","","","0","","","","","-1","0","","","発送日情報なし","10","0","0","0","未確定","0"
"10000919","1","froufroumarket-10000919","1","M5792","","d1079589714","","美品/三年坂 コート ちりめんコート 表記フリー 大きいサイズ 15号 17号相当 グレー 比翼 シンプル ふっくら 秋 冬 アウター レディース","","","","","","","22000","1","0","22000","0","","1","","","","0","","","","","1460","0","2025/01/28","2025/01/28","翌日発送（休業日を除く）","10","0","0","0","未確定","0"
"10000918","1","froufroumarket-10000918","1","M6536","","","","美品/エイディーアデンダ ad addenda ダウンコート 大きいサイズ 表記 13号 LL 相当 ココアブラウン レディース 秋 冬 アウター ダウン90%","","","","","","","18480","1","0","18480","0","","1","","","","0","2025/01/29","","","","","0","2025/01/31","2025/01/31","","10","168","168","1","2025-01-28","168"
"10000917","1","froufroumarket-10000917","1","M6306","","d1101964853","","美品/ダーマコレクション DAMA collection ワイドパンツ 9号 M 相当 黒 ブラック レディース 秋 冬 ボトムス ゆったり シンプル ミモレ丈","","","","","","","7150","1","0","7150","0","","1","","","","0","","","","","28530","0","2025/01/28","2025/01/28","翌日発送（休業日を除く）","10","0","0","0","未確定","0"
"10000916","1","froufroumarket-10000916","1","A5255","","w1123597111","","美品/クリッツィア KRIZIA ノーカラージャケット 大きい 表記 42号 13号 相当 ベージュ 毛 ウール 無地 ロゴ釦 秋 冬 アウター レディース","","","","","","","22880","1","0","22880","0","","1","","","","0","","","","","28256","0","2025/01/28","2025/01/28","翌日発送（休業日を除く）","10","0","0","0","未確定","0"
"10000915","1","froufroumarket-10000915","1","AUCTIONr1051575368","","r1051575368","M2581","M美品/Bowbell ちぐさボーベル 美形ジャケット 大きいサイズ13号(42号/LL相当) ピンク ウール100 格子柄 クラシカル 秋冬向け レディース","","","","","","","16000","1","0","16000","0","","1","","","","0","","","","","-1","0","","","発送日情報なし","10","0","0","0","未確定","0"
"10000914","1","froufroumarket-10000914","1","AUCTIONg1051225939","","g1051225939","A2545","A美品/ 自由区 お洒落なワンピース 表記38号(9号相当) 黒/ブラック 艶感 麻リネン混 ミリタリー調デザイン 春夏向け レディース","","","","","","","5500","1","0","5500","0","","1","","","","0","","","","","-1","0","","","発送日情報なし","10","0","0","0","未確定","0"
"10000913","1","froufroumarket-10000913","1","AUCTIONg1051225390","","g1051225390","A2304","A美品/ コントワーデコトニエ COMPTOIR DES COTONNIERS フレアスカート 表記38号(9号/M相当) 茶/ブラウン 麻リネン100％ 春夏 ボトムス","","","","","","","5500","1","0","5500","0","","1","","","","0","","","","","-1","0","","","発送日情報なし","10","0","0","0","未確定","0"
"10000912","1","froufroumarket-10000912","1","AUCTIONw1051563917","","w1051563917","A2108","A新品同様/ダジュール D'azur 大人フレアスカート (11号/Lサイズ相当) 黒 ブラック プリーツデザイン 高級ベロア素材 秋冬 ボトムス","","","","","","","9801","1","0","9801","0","","1","","","","0","","","","","-1","0","","","発送日情報なし","10","0","0","0","未確定","0"
"10000911","1","froufroumarket-10000911","1","M7390","","r1161272613","","美品/ハロッズ Harrods ポンチョコート 表記 2号 9号 M 相当 古着 ベージュ レディース 秋 冬 アウター アンゴラ 毛 ウール 羽織り 可愛い","","","","","","","11000","1","0","11000","0","","1","","","","0","","","","","40738","0","2025/01/20","2025/01/20","翌日発送（休業日を除く）","10","0","0","0","未確定","0"
"10000910","1","froufroumarket-10000910","1","AUCTIONu1051570435","","u1051570435","S290","S美品【ヒロココシノ】濃茶*伸縮♪美ドレープ♪美的チュニック9","","","","","","","6199","1","0","6199","0","","1","","","","0","","","","","-1","0","","","発送日情報なし","10","0","0","0","未確定","0"
"10000909","1","froufroumarket-10000909","1","AUCTIONg1051565552","","g1051565552","A2952","Ａ新品同様/チヴィディーニ CIVIDINI タートルニットワンピース 極柔カシミヤ 表記42号(9号/Ｍ相当) グレー ベージュ 大人モダン柄 秋冬","","","","","","","24900","1","0","24900","0","","1","","","","0","","","","","-1","0","","","発送日情報なし","10","0","0","0","未確定","0"
"10000908","1","froufroumarket-10000908","1","A4416","","w1074737752","","新品同様/ヒロコビス HIROKO BIS ベスト 表記 11号 L 相当 茶 こげ茶 立体格子柄 薄手 伸縮 前開き ハーフ丈 春秋 トップス レディース","","","","","","","13750","1","0","13750","0","","1","","","","0","","","","","40699","0","2025/01/16","2025/01/16","翌日発送（休業日を除く）","10","0","0","0","未確定","0"
"10000907","1","froufroumarket-10000907","0","AUCTIONl1051686986","","l1051686986","4978","セール★美品*ZARAサラ*茶*フェイクレザー*異素材ワンピース*小さいサイズS/7","","","","","","","4210","1","0","0","0","","1","","","","0","","","","","-1","0","","","発送日情報なし","10","0","0","0","未確定","0"
"10000906","1","froufroumarket-10000906","1","M7492","","g1166238312","","新品同様/ランバンノワール LANVIN NOIR ブラックフォーマルワンピーススーツ 表記 40号 L 11号 相当 黒 レディース 冠婚葬祭 サテン","","","","","","","38170","1","0","38170","0","","1","","","","0","","","","","40769","0","2025/01/14","2025/01/14","翌日発送（休業日を除く）","10","0","0","0","未確定","0"
"10000905","1","froufroumarket-10000905","1","A4513","","p1081464309","","美品/ボナジョルナータ BUONA GIORNATA ニットチュニック 表記 F 9号〜11号 相当 赤 レッド ノルディック柄 秋冬 トップス レディース","","","","","","","11000","1","0","11000","0","","1","","","","0","","","","","1483","0","2025/01/10","2025/01/10","翌日発送（休業日を除く）","10","0","0","0","未確定","0"
"10000904","1","froufroumarket-10000904","1","AUCTIONd1051689307","","d1051689307","H497","H美品/ニューヨーカー NEW YORKER 美形大人スカート 表記9号(Mサイズ相当) 水色 春夏向け 綿混 お出掛け ランチ会 ボトムス レディース","","","","","","","4990","1","0","4990","0","","1","","","","0","","","","","-1","0","","","発送日情報なし","10","0","0","0","未確定","0"
"10000903","1","froufroumarket-10000903","1","AUCTIONk1051606946","","k1051606946","M3510","M新品同様/ローラアシュレイ LAURA ASHLEY ふっくらニット 小さいサイズ 表記S号(7号相当) ベージュ 毛&絹素材 秋冬向 トップス レディース","","","","","","","6210","1","0","6210","0","","1","","","","0","","","","","-1","0","","","発送日情報なし","10","0","0","0","未確定","0"
"10000902","1","froufroumarket-10000902","1","A4338","","m514811720","","美品/ビースリー B3 美脚デニムパンツ 表記38号(9号相当) 黒/ブラック ロゴ釦 ストレッチ性 お出掛け 春秋 ボトムス レディース","","","","","","","7700","1","0","7700","0","","1","","","","0","","","","","44120","0","2025/01/07","2025/01/07","","10","0","0","0","未確定","0"
"10000901","1","froufroumarket-10000901","1","AUCTIONv1051596147","","v1051596147","A1179","A美品*Lilidia*リリディア*黒*リブ編み*ふっくらニットワンピース*小さいサイズ1/7","","","","","","","6985","1","0","6985","0","","1","","","","0","","","","","-1","0","","","発送日情報なし","10","0","0","0","未確定","0"
"10000900","1","froufroumarket-10000900","1","M4711","","e490785491","","美品/インディヴィ INDIVI 令嬢ワンピース 表記38号(9号/M相当) 茶/ブラウン 繊細ツイード素材 毛ウール混 2分袖 秋冬向け レディース","","","","","","","15180","1","0","15180","0","","1","","","","0","","","","","44841","0","2025/01/02","2025/01/02","翌日発送（休業日を除く）","10","0","0","0","未確定","0"
"10000899","1","froufroumarket-10000899","1","M6964","","s1136663912","","美品/フェミニン Feminine 東京ブラウス カットソー 総レース 9号 M 相当 古着 ピンク レディース 春 夏 トップス 長袖 透け感 エレガント","","","","","","","8800","1","0","8800","0","","1","","","","0","","","","","44089","0","2025/01/02","2025/01/02","翌日発送（休業日を除く）","10","0","0","0","未確定","0"
"10000898","1","froufroumarket-10000898","1","M4394","","e430430826","","美品/伊太利屋 GK クラシカルスカートスーツ 表記11号(40号/L相当) 茶/ブラウン ベージュ 絹刺繍 半袖 春夏向け セットアップ レディース","","","","","","","18920","1","0","18920","0","","1","","","","0","","","","","1480","0","2024/12/29","2024/12/29","翌日発送（休業日を除く）","10","0","0","0","未確定","0"
"10000897","1","froufroumarket-10000897","1","A3834","","j600614177","","美品/ハーレー Harley ふっくらウールニット スコットランド製 大きいサイズ 表記38号(13号/LL相当) グレー ウール100％ トップス 秋冬向け","","","","","","","13200","1","0","13200","0","","1","","","","0","","","","","1483","0","2024/12/28","2024/12/28","翌日発送（休業日を除く）","10","0","0","0","未確定","0"
"10000896","1","froufroumarket-10000896","1","M4650","","k513445357","","美品/伊太利屋 GK 変形デザインコート 表記9号(38号/M相当) グレー 毛ウール100% 銀スタッズ ジップアップ 秋冬向け アウター レディース","","","","","","","19800","1","0","19800","0","","1","","","","0","","","","","1460","0","2024/12/27","2024/12/27","翌日発送（休業日を除く）","10","0","0","0","未確定","0"
"10000895","1","froufroumarket-10000895","1","AUCTIONs1051238594","","s1051238594","M4003","M美品/伊太利屋 GK 優雅スカートスーツ 表記11号(40号/L相当) 黒/ブラック 艶感 ジャガード織り 半袖 薄手 春夏向 セットアップ レディース","","","","","","","24900","1","0","24900","0","","1","","","","0","","","","","-1","0","","","発送日情報なし","10","0","0","0","未確定","0"
"10000894","1","froufroumarket-10000894","1","AUCTIONe1051226917","","e1051226917","A1046","A新品同様*PINORE*ピノーレ*黒*美脚ストレッチパンツ40/11","","","","","","","5500","1","0","5500","0","","1","","","","0","","","","","-1","0","","","発送日情報なし","10","0","0","0","未確定","0"
"10000893","1","froufroumarket-10000893","0","M4870","","v799300648","","美品/アナイ ANAYI 上品ツイードスカート 小さいサイズ 表記36号(7号/S相当) ベージュ系 綿コットン素材 春秋向け ボトムス レディース","","","","","","","4950","1","0","0","0","","1","","","","0","","","","","40745","0","2024/12/24","2024/12/24","翌日発送（休業日を除く）","10","0","0","0","未確定","0"
"10000892","1","froufroumarket-10000892","1","ln","","","","レキシオネオ LexioNeo 韓国 ボードゲーム 牌ボードゲーム 麻雀 ポーカー 大富豪 Lexio レキシオ レキシオプラス アナログゲーム 送料無料 パーティー 2〜5人","","","","","","","12001","1","0","12001","0","","0","","","","0","2024/12/23","","","","","0","2024/12/28","2024/12/28","","10","109","109","1","2024-12-22","109"
"10000891","1","froufroumarket-10000891","1","M7483","","r1165930676","","美品/CELEB MOI タートルニット セーター カシミヤ100 表記 M L 9号 11号 相当 茶 ブラウン レディース 秋冬 トップス 長袖 タートルネック","","","","","","","7040","1","0","7040","0","","1","","","","0","","","","","1483","0","2024/12/23","2024/12/23","翌日発送（休業日を除く）","10","0","0","0","未確定","0"
"10000890","1","froufroumarket-10000890","1","M6489","","","","美品/ドゥクラッセ DoCLASSE チェスターコート 表記 11号 40号 相当 古着 黒 ブラック レディース 春 秋 冬 アウター 通勤 張り感 シンプル","","","","","","","16720","1","0","16720","0","","1","","","","0","2024/12/25","","","","","0","2024/12/22","2024/12/22","翌日発送（休業日を除く）","10","143","143","1","2024-12-24","143"
"10000889","1","froufroumarket-10000889","1","AUCTIONk1051242170","","k1051242170","A2823","Ａ美品/ニューヨーカー NEWYORKER お洒落なワンピーススーツ 表記9号(38号相当) 黒/ブラック ドット柄デザイン 春夏 レディース","","","","","","","12900","1","0","12900","0","","1","","","","0","","","","","-1","0","","","発送日情報なし","10","0","0","0","未確定","0"
"10000888","1","froufroumarket-10000888","1","AUCTIONu1051566796","","u1051566796","H197","H美品/23区 極暖ウール100%コート 表記46号(11号Lサイズ相当) ベージュ/茶/ブラウン 秋冬向け お出掛け 謝恩会 女子会 アウター レディース","","","","","","","9801","1","0","9801","0","","1","","","","0","","","","","-1","0","","","発送日情報なし","10","0","0","0","未確定","0"
"10000887","1","froufroumarket-10000887","1","A4803","","f1097261845","","美品/スキャパ SCAPA チュニック 大きい 表記 42号 13号 相当 茶 ブラウン 毛 ウール ボタニカル柄 お出掛け 春夏 トップス レディース","","","","","","","9350","1","0","9350","0","","1","","","","0","","","","","44840","0","2024/12/20","2024/12/20","翌日発送（休業日を除く）","10","0","0","0","未確定","0"
"10000886","1","froufroumarket-10000886","0","A3917","","","","美品/群言堂 石見銀山 大人な美形コート 大きいサイズ (15号〜17号相当) グレー 斜めライン柄 お出掛け 春秋向け アウター レディース","","","","","","","26950","1","0","0","0","","1","","","","0","","","","","","0","2024/12/23","2024/12/23","","10","0","0","0","未確定","0"
"10000885","1","froufroumarket-10000885","1","AUCTIONo351828028","","o351828028","","美品/マニフェストMANIFEST 極柔カシミア100%半袖ニット 表記Lサイズ(11号相当) キャメル 秋冬向け お出かけ トップス レディース","","","","","","","4950","1","0","4950","0","","1","","","","0","","","","","28174","0","","","発送日情報なし","10","0","0","0","未確定","0"
"10000885","2","froufroumarket-10000885","1","AUCTION1051570915","","1051570915","M2791","M美品/your impressive 極柔カシミヤ100%ニット 表記L号(11号/40号相当) カーキ 大人渋色 半袖 ハイネック 秋冬 トップス レディース","","","","","","","5300","1","0","5300","0","","1","","","","0","","","","","-1","0","","","発送日情報なし","10","0","0","0","未確定","0"
"10000884","1","froufroumarket-10000884","1","AUCTIONq1051226896","","q1051226896","H63","H美品/PINORE ピノーレ ゆったり大人チュニックニット 表記11E号(Lサイズ相当) 黒/ブラック 春秋冬向け ウール100％ トップス レディース","","","","","","","5500","1","0","5500","0","","1","","","","0","","","","","-1","0","","","発送日情報なし","10","0","0","0","未確定","0"
"10000883","1","froufroumarket-10000883","1","AUCTIONq1064409613","","q1064409613","H693","H新品同様/ジャンニロジュディチェ GIANNI LO GIUDICE ふんわりコート 大きめ表記42号(13号LLサイズ相当) 茶 秋冬向け アウター レディース","","","","","","","16900","1","0","16900","0","","1","","","","0","","","","","-1","0","","","発送日情報なし","10","0","0","0","未確定","0"
"10000882","1","froufroumarket-10000882","1","AUCTIONv1051607302","","v1051607302","M2021","M美品*カールラガーフェルド/KARL LAGERFELD*黒*美的スカート*38/9","","","","","","","4995","1","0","4995","0","","1","","","","0","","","","","-1","0","","","発送日情報なし","10","0","0","0","未確定","0"
"10000881","1","froufroumarket-10000881","1","AUCTIONe1051446200","","e1051446200","A2100","A美品/アクアスキュータム Aquascutum お洒落ラップ風スカート 小さいサイズ 表記9号(7号/S相当) 茶 チェック柄 ウール100％ 秋冬 ボトムス","","","","","","","9799","1","0","9799","0","","1","","","","0","","","","","-1","0","","","発送日情報なし","10","0","0","0","未確定","0"
"10000880","1","froufroumarket-10000880","1","AUCTIONc1051235215","","c1051235215","A1720","A新品同様/H＆M/エイチ＆エム/茶/ダブルボタン/暖か美形コート/40号(11号*L相当)秋冬/レディース","","","","","","","5500","1","0","5500","0","","1","","","","0","","","","","-1","0","","","発送日情報なし","10","0","0","0","未確定","0"
"10000879","1","froufroumarket-10000879","1","M5702","","u1074913444","","美品/ノーマカマリ NORMA KAMALI スカートスーツ 表記M 9号相当 ボルドー 2点セット ベロア シンプル 艶感 秋 冬 セットアップ レディース","","","","","","","15730","1","0","15730","0","","1","","","","0","","","","","1480","0","2024/12/09","2024/12/09","翌日発送（休業日を除く）","10","0","0","0","未確定","0"
"10000878","1","froufroumarket-10000878","1","M4701","","d497115368","","美品/東京ソワール SOIR DOLCE 美艶ベロアスカート 膝丈 大きいサイズ 表記13号(LL相当) 黒/ブラック 秋冬向け ボトムス レディース","","","","","","","11000","1","0","11000","0","","1","","","","0","","","","","40745","0","2024/12/09","2024/12/09","翌日発送（休業日を除く）","10","0","0","0","未確定","0"
"10000877","1","froufroumarket-10000877","1","AUCTIONn1051558788","","n1051558788","M3169","M美品/高級ちりめんスカートスーツ 大きいサイズ 表記13号(42号/LL相当) 黒/ブラック 和柄デザイン ノーカラー 長袖 春秋向け レディース","","","","","","","15800","1","0","15800","0","","1","","","","0","","","","","-1","0","","","発送日情報なし","10","0","0","0","未確定","0"
"10000876","1","froufroumarket-10000876","1","M6728","","e1124129569","","美品/マカフィー MACPHEE タイトスカート 小さいサイズ 36号 S 相当 茶 ブラウン レディース 秋 冬 ボトムス コーデュロイ 綿100 コットン","","","","","","","7920","1","0","7920","0","","1","","","","0","","","","","40745","0","2024/12/06","2024/12/06","翌日発送（休業日を除く）","10","0","0","0","未確定","0"
"10000875","1","froufroumarket-10000875","1","M5589","","u1064704119","","美品/23区 フレアスカート スカート 小さいサイズ 表記34号 7号 S相当 茶 ブラウン 毛100 ウール ふっくら 膝丈 秋 冬 ボトムス レディース","","","","","","","6270","1","0","6270","0","","1","","","","0","","","","","40745","0","2024/12/03","2024/12/03","翌日発送（休業日を除く）","10","0","0","0","未確定","0"
"10000874","1","froufroumarket-10000874","1","H772","","u315549737","","新品同様/カーラ Cara お洒落ツイードフリンジジャケット Lサイズ(11号相当) 黒/ブラック/ピンク 秋冬向け 食事会 アウター レディース","","","","","","","20900","1","0","20900","0","","1","","","","0","","","","","28256","0","2024/12/02","2024/12/02","翌日発送（休業日を除く）","10","0","0","0","未確定","0"
"10000873","1","froufroumarket-10000873","1","AUCTIONx1051231989","","x1051231989","H43","H美品/ FRAGILE フラジール 極柔ニット セーター 表記38号(Mサイズ相当) 白/オフホワイト 春秋冬向け イタリア製糸混 トップス レディース","","","","","","","5500","1","0","5500","0","","1","","","","0","","","","","-1","0","","","発送日情報なし","10","0","0","0","未確定","0"
"10000872","1","froufroumarket-10000872","1","AUCTIONo1051618884","","o1051618884","A1165","A新品同様*組曲*茶*美揺れプリーツスカート3/11","","","","","","","5000","1","0","5000","0","","1","","","","0","","","","","-1","0","","","発送日情報なし","10","0","0","0","未確定","0"
"10000871","1","froufroumarket-10000871","1","AUCTIONp1123158415","","p1123158415","","美品/ソニアリキエル SONIA RYKIEL ニットチュニック イタリア製 表記 42号 13号 相当 古着 黒 ブラック レディース 秋 冬 トップス 長袖","","","","","","","8800","1","0","8800","0","","1","","","","0","","","","","44840","0","2024/11/26","2024/11/26","翌日発送（休業日を除く）","10","0","0","0","未確定","0"
"10000870","1","froufroumarket-10000870","1","M7360","","e1159083941","","新品同様/インゲボルグ INGEBORG ピンクハウス ラップスカート ロング 9号 M 相当 茶 レディース 秋 冬 ボトムス 毛100 ウール チェック柄","","","","","","","13970","1","0","13970","0","","1","","","","0","","","","","40746","0","2024/11/25","2024/11/25","翌日発送（休業日を除く）","10","0","0","0","未確定","0"
"10000869","1","froufroumarket-10000869","1","AUCTIONs1051573476","","s1051573476","A1025","A美品*リフレクト*黒*5段フリル♪ふっくら美形スカート9","","","","","","","6800","1","0","6800","0","","1","","","","0","","","","","-1","0","","","発送日情報なし","10","0","0","0","未確定","0"
"10000868","1","froufroumarket-10000868","1","M6862","","f1131041335","","美品/アンタイトル UNTITLED フレアスカート 台形 小さい 表記 1号 S 相当 黒 ブラック レディース 秋 冬 ボトムス 千鳥格子柄 毛混 膝丈","","","","","","","10450","1","0","10450","0","","1","","","","0","","","","","40745","0","2024/11/21","2024/11/21","翌日発送（休業日を除く）","10","0","0","0","未確定","0"
"10000867","1","froufroumarket-10000867","1","A5441","","w1132367733","","美品/フェンディ FENDI レザースカート イタリア製 表記 I42号 9号 相当 茶 ブラウン 本革 タイト ヴィンテージ 秋 冬 ボトムス レディース","","","","","","","30800","1","0","30800","0","","1","","","","0","","","","","40745","0","2024/11/19","2024/11/19","翌日発送（休業日を除く）","10","0","0","0","未確定","0"
"10000866","1","froufroumarket-10000866","1","AUCTIONl1051598576","","l1051598576","A3817","A美品/ズッカ zucca ゆったりウールジャケット 小さいサイズ 表記S(7号相当) 黒/ブラック お出掛け 秋冬向け アウター レディース","","","","","","","17210","1","0","17210","0","","1","","","","0","","","","","-1","0","","","発送日情報なし","10","0","0","0","未確定","0"
"10000865","1","froufroumarket-10000865","1","M7024","","q1139554788","","美品/ラピーヌ LAPINE フレアスカート ロングスカート ジャガード 大きいサイズ 表記 44号 15号 相当 ベージュ レディース 春 秋 ボトムス","","","","","","","7700","1","0","7700","0","","1","","","","0","","","","","40746","0","2024/11/18","2024/11/18","翌日発送（休業日を除く）","10","0","0","0","未確定","0"
"10000864","1","froufroumarket-10000864","1","AUCTIONf1051228694","","f1051228694","M2839","M美品/リフレクト Reflect ウール系ツイードスカート 大きいサイズ42号(13号/LL相当) 茶/ブラウン ベージュ ラメ 秋冬 ボトムス レディース","","","","","","","5480","1","0","5480","0","","1","","","","0","","","","","-1","0","","","発送日情報なし","10","0","0","0","未確定","0"
"10000863","1","froufroumarket-10000863","1","AUCTIONm1051569728","","m1051569728","M3559","M美品/ランズエンド LANDS'END 極柔カシミヤ100% ふっくらニット 表記L(11号/40号相当) グレー シンプル 長袖 秋冬向 トップス レディース","","","","","","","8900","1","0","8900","0","","1","","","","0","","","","","-1","0","","","発送日情報なし","10","0","0","0","未確定","0"
"10000862","1","froufroumarket-10000862","1","A5230","","q1120022756","","美品/東京ソワール TOKYO SOIR ブラックフォーマルスカートスーツ 3点セット 表記 11号 L 相当 黒 ブラック 冠婚葬祭 喪服 レディース","","","","","","","31130","1","0","31130","0","","1","","","","0","","","","","40768","0","2024/11/09","2024/11/09","翌日発送（休業日を除く）","10","0","0","0","未確定","0"
"10000861","1","froufroumarket-10000861","1","AUCTIONg1051603966","","g1051603966","H367","H新品同様/23区 異素材ドット柄タイトスカート 表記40号(11号Lサイズ相当) 黒/ブラック 秋冬向け フロッキー加工 ラメ ボトムス レディース","","","","","","","5951","1","0","5951","0","","1","","","","0","","","","","-1","0","","","発送日情報なし","10","0","0","0","未確定","0"
"10000860","1","froufroumarket-10000860","1","AUCTIONv1051226285","","v1051226285","A2045","A新品同様/アンタイトル UNTITLED 優秀ハーフパンツ 2号(9号/38号相当) グレー チェック柄 耀きラメ 秋冬向け ボトムス レディース","","","","","","","5500","1","0","5500","0","","1","","","","0","","","","","-1","0","","","発送日情報なし","10","0","0","0","未確定","0"
"10000859","1","froufroumarket-10000859","1","AUCTIONm1051563793","","m1051563793","M4112","M美品/マックスコー MAX&CO マックスマーラ 美形テーラードジャケット イタリア製 7号/S相当 茶/ブラウン 毛素材 秋冬 アウター レディース","","","","","","","17300","1","0","17300","0","","1","","","","0","","","","","-1","0","","","発送日情報なし","10","0","0","0","未確定","0"
"10000858","1","froufroumarket-10000858","1","AUCTIONr1051571345","","r1051571345","A2865","Ａ美品/セオリー theory お洒落なツイードジャケット 表記2号(9号/Mサイズ相当) 茶色/ブラウン ミリタリー風 春秋向け アウター","","","","","","","16000","1","0","16000","0","","1","","","","0","","","","","-1","0","","","発送日情報なし","10","0","0","0","未確定","0"
"10000857","1","froufroumarket-10000857","1","M4785","","b541107573","","美品/ラルフローレン RALPH LAUREN ロングチェスターコート 表記11号(40号/L相当) ベージュ 毛ウール混 秋冬向け アウター レディース","","","","","","","30800","1","0","30800","0","","1","","","","0","","","","","40731","0","2024/11/10","2024/11/10","","10","0","0","0","未確定","0"
"10000856","1","froufroumarket-10000856","1","M6596","","h1117600902","","新品同様/グレープ横浜元町 grape フレアスカート ロングスカート 9号 M 38号 相当 グレー レディース 春 秋 ボトムス シンプル ストレッチ","","","","","","","7700","1","0","7700","0","","1","","","","0","","","","","40746","0","2024/11/02","2024/11/02","翌日発送（休業日を除く）","10","0","0","0","未確定","0"
"10000855","1","froufroumarket-10000855","1","M4142","","q326210004","","新品同様/アリスバーリー Aylesbury お洒落トレンチコート 大きいサイズ 表記LL(13号相当) 薄緑/グリーン 春秋向け アウター レディース","","","","","","","19800","1","0","19800","0","","1","","","","0","","","","","44078","0","","","発送日情報なし","10","0","0","0","未確定","0"
"10000854","1","froufroumarket-10000854","1","AUCTIONr1051618126","","r1051618126","M3309","M美品/ザラ ZARA 圧縮ウール素材スカート 表記M(9号/38号相当) グレー スリット入り シンプルデザイン タイト 秋冬向 ボトムス レディース","","","","","","","5951","1","0","5951","0","","1","","","","0","","","","","-1","0","","","発送日情報なし","10","0","0","0","未確定","0"
"10000853","1","froufroumarket-10000853","1","AUCTIONc1051604335","","c1051604335","M3377","M美品/グレード GRADE ふっくら暖かダウンコート/ジャケット 大きいサイズ 表記17号(46号/4L相当) 黒/ブラック 秋冬向 アウター レディース","","","","","","","17210","1","0","17210","0","","1","","","","0","","","","","-1","0","","","発送日情報なし","10","0","0","0","未確定","0"
"10000852","1","froufroumarket-10000852","1","AUCTIONv1051688290","","v1051688290","M3523","M新品同様/J.プレス J PRESS 美編みショート丈ニット 表記M(9号/38号相当) グレー 柔ウール100% トナカイ柄 秋冬向け トップス レディース","","","","","","","4210","1","0","4210","0","","1","","","","0","","","","","-1","0","","","発送日情報なし","10","0","0","0","未確定","0"
"10000851","1","froufroumarket-10000851","1","M6156","","l1094796148","","美品/23区 ニット アンサンブル 表記 38号 9号 M 相当 黒 ブラック レディース 春 夏 秋 冬 長袖 半袖 毛混 ウール ラメ カーディガン 丸首","","","","","","","7920","1","0","7920","0","","1","","","","0","","","","","1451","0","2024/10/27","2024/10/27","翌日発送（休業日を除く）","10","0","0","0","未確定","0"
"10000850","1","froufroumarket-10000850","1","AUCTIONh1051673195","","h1051673195","A1982","A美品/HILFIGER DENIM ヒルフィガーデニム ジップアップニットジャケット 小さいサイズ XSサイズ(5号/32号相当)カシミヤ混 グレー 秋冬向け","","","","","","","6210","1","0","6210","0","","1","","","","0","","","","","-1","0","","","発送日情報なし","10","0","0","0","未確定","0"
"10000849","1","froufroumarket-10000849","1","AUCTIONq1097387700","","q1097387700","","美品/アニエスベー ADRIEN BEAU agnes b スラックスパンツ フランス製 表記 38号 9号 相当 グレー 羊毛 ウール 秋冬 ボトムス レディース","","","","","","","13200","1","0","13200","0","","1","","","","0","","","","","40707","0","2024/10/24","2024/10/24","翌日発送（休業日を除く）","10","0","0","0","未確定","0"
"10000848","1","froufroumarket-10000848","1","AUCTIONg1051561029","","g1051561029","A3723","Ａ美品/バーバリー BURBERRYS お洒落セットアップ イタリア製生地 小さいサイズ 表記9号(7号相当) 緑/グリーン チェック柄 春夏 レディース","","","","","","","24900","1","0","24900","0","","1","","","","0","","","","","-1","0","","","発送日情報なし","10","0","0","0","未確定","0"
"10000847","1","froufroumarket-10000847","1","A4883","","","","美品/プラステ PLST セオリー ニットワンピース 表記 M 9号 相当 紺 ネイビー Vネック シンプル 無地 オフィス お出掛け 春秋 レディース","","","","","","","14520","1","0","14520","0","","1","","","","0","2024/10/22","","","","","0","2024/10/25","2024/10/25","","10","132","132","1","2024-10-21","132"
"10000846","1","froufroumarket-10000846","1","AUCTIONj1051576580","","j1051576580","M3682","M美品/シャミー Chamois 羽織系ニットカーディガン 表記F(9号/11号/大きいサイズ13号相当) 黒 7分袖 刺繍 毛100% 秋冬 トップス レディース","","","","","","","12800","1","0","12800","0","","1","","","","0","","","","","-1","0","","","発送日情報なし","10","0","0","0","未確定","0"
"10000845","1","froufroumarket-10000845","1","AUCTIONq1051237258","","q1051237258","A2487","A新品同様/ ギャルリーヴィー GALERIE VIE 爽やかなブラウス (9号/M相当) 青/ブルー ピンストライプ柄 春夏秋向け トップス レディース","","","","","","","5500","1","0","5500","0","","1","","","","0","","","","","-1","0","","","発送日情報なし","10","0","0","0","未確定","0"
"10000844","1","froufroumarket-10000844","1","AUCTION1051567514","","1051567514","M1101","M美*ザラZARA KNIT♪紺白*フード裏ボア*ざっくり暖ニットベストM","","","","","","","5300","1","0","5300","0","","1","","","","0","","","","","-1","0","","","発送日情報なし","10","0","0","0","未確定","0"
"10000843","1","froufroumarket-10000843","1","AUCTIONv1051226746","","v1051226746","H144","H美品/Pierre cardin ピエールカルダン 美彩ふっくらニットコート 表記M(9~11号相当) 紫 ウール混 秋冬向け チェック アウター レディース","","","","","","","24900","1","0","24900","0","","1","","","","0","","","","","-1","0","","","発送日情報なし","10","0","0","0","未確定","0"
"10000842","1","froufroumarket-10000842","1","M5852","","m1081815074","","美品/レリアン Leilian シャツブラウス ジャケット 表記11号 L相当 古着 オフホワイト 白系 レディース 薄手 春夏 トップス 7分袖 ゆったり","","","","","","","22000","1","0","22000","0","","1","","","","0","","","","","28222","0","2024/10/06","2024/10/06","翌日発送（休業日を除く）","10","0","0","0","未確定","0"
"10000841","1","froufroumarket-10000841","1","M5040","","o496138364","","新品同様/イギン BILL BLASS シフォン素材ワンピース 大きいサイズ 表記15号(3L相当) 黒/ブラック ロング丈 袖フリル 春夏向け レディース","","","","","","","23100","1","0","23100","0","","1","","","","0","","","","","44093","0","2024/10/06","2024/10/06","翌日発送（休業日を除く）","10","0","0","0","未確定","0"
"10000840","1","froufroumarket-10000840","1","M7036","","n1140597079","","新品同様/トゥーシー TWO:C ワンピース 表記 40号 11号 L 相当 古着 黒 ブラック レディース 春 夏 半袖 膝丈 ひざ丈 ノーカラー シンプル","","","","","","","11000","1","0","11000","0","","1","","","","0","","","","","44841","0","2024/10/06","2024/10/06","翌日発送（休業日を除く）","10","0","0","0","未確定","0"
"10000839","1","froufroumarket-10000839","1","A5567","","","","美品/ヤッコマリカルド YACCO MARICARD チュニック 大きい 表記 N 13号 15号 相当 緑 グリーン ピンタック 春 秋 トップス レディース","","","","","","","19030","1","0","19030","0","","1","","","","0","2024/10/02","","","","","0","2024/10/01","2024/10/01","翌日発送（休業日を除く）","10","173","173","1","2024-10-01","173"
"10000839","2","froufroumarket-10000839","1","A5547","","","","美品/ヤッコマリカルド YACCO MARICARD コットンブラウス 11号 13号 相当 黒 ブラック 綿 ボーダー柄 おしゃれ 春 夏 トップス レディース","","","","","","","18480","1","0","18480","0","","1","","","","0","2024/10/02","","","","","0","2024/10/01","2024/10/01","翌日発送（休業日を除く）","10","168","168","1","2024-10-01","168"
"10000838","1","froufroumarket-10000838","1","M7062","","h1142002104","","美品/ガウディ GAUDI スキニーパンツ 小さいサイズ 表記 28号 S 相当 黒 ブラック レディース 春 夏 ボトムス 綿混 コットン ストレッチ","","","","","","","7920","1","0","7920","0","","1","","","","0","","","","","40747","0","2024/10/01","2024/10/01","翌日発送（休業日を除く）","10","0","0","0","未確定","0"
"10000837","1","froufroumarket-10000837","1","AUCTIONx1051606375","","x1051606375","S64","S美品 ザラ ZARA お洒落美脚ロングパンツ 11号/Lサイズ 白×黒 チェック柄 ボトムス レディース ","","","","","","","2995","1","0","2995","0","","1","","","","0","","","","","-1","0","","","発送日情報なし","10","0","0","0","未確定","0"
"10000836","1","froufroumarket-10000836","1","pm","","","","レキシオ 特製プレイマット 韓国 ボードゲーム 牌ボードゲーム 麻雀 ポーカー 大富豪 Lexio レキシオネオ LexioNeo アナログゲーム 送料無料 パーティー 2〜5人","","","","","","","4980","1","0","4980","0","","0","","","","0","","","","","","0","2024/09/30","2024/09/30","翌日発送（休業日を除く）","10","0","0","0","未確定","0"
"10000835","1","froufroumarket-10000835","1","AUCTIONs1051456673","","s1051456673","6446","美品/グレースコンチネンタル GRACE CONTINENTAL 輝きパールジャケット 小さい 表記36号(７号相当) ベージュ 春秋向け アウター レディース","","","","","","","30000","1","0","30000","0","","1","","","","0","","","","","-1","0","","","発送日情報なし","10","0","0","0","未確定","0"
"10000834","1","froufroumarket-10000834","1","AUCTIONj1051238246","","j1051238246","6611","美品/ヨシエイナバ L'EQUIPE YOSHIE INABA チェック柄フレアスカート 表記9号(Mサイズ相当) 緑/グリーン 春夏向け ボトムス レディース","","","","","","","5500","1","0","5500","0","","1","","","","0","","","","","-1","0","","","発送日情報なし","10","0","0","0","未確定","0"
"10000833","1","froufroumarket-10000833","1","M4780","","t793827390","","美品/ピエールバルマン PIERRE BALMAIN 異素材ジャケット 表記B/F/E42号(大きい13号相当) 黒/ブラック ベロア 秋冬向 アウター レディース","","","","","","","16830","1","0","16830","0","","1","","","","0","","","","","28254","0","2024/09/29","2024/09/29","翌日発送（休業日を除く）","10","0","0","0","未確定","0"
"10000832","1","froufroumarket-10000832","1","A5281","","","","美品/ロベルタ ディ カメリーノ Roberta di Camerin ニットワンピース 表記 9号 38号 相当 茶 ブラウン ロゴ お出掛け 春 秋 レディース","","","","","","","20130","1","0","20130","0","","1","","","","0","2024/10/02","","","","","0","2024/09/26","2024/09/26","翌日発送（休業日を除く）","10","183","183","1","2024-10-01","183"
"10000831","1","froufroumarket-10000831","1","M6940","","f1135576513","","美品/シビラ Sybilla カーディガン 小さいサイズ 表記 SS 5号 相当 ベージュ レディース 春 夏 トップス Vネック レース 綿100 コットン","","","","","","","8690","1","0","8690","0","","1","","","","0","","","","","4859","0","2024/09/26","2024/09/26","翌日発送（休業日を除く）","10","0","0","0","未確定","0"
"10000830","1","froufroumarket-10000830","1","A4568","","x1083727453","","美品/ビースリー B3 ストレッチパンツ 小さい 表記 30号 7号 相当 黒 ブラック 伸縮性 無地 ロゴ釦 お出掛け 春夏秋 ボトムス レディース","","","","","","","6600","1","0","6600","0","","1","","","","0","","","","","40749","0","2024/09/24","2024/09/24","翌日発送（休業日を除く）","10","0","0","0","未確定","0"
"10000829","1","froufroumarket-10000829","1","M7111","","","","美品/レリアン Leilian カーディガン 大きいサイズ 表記 13号 LL 相当 黒 ブラック レディース 春 秋冬 トップス 長袖 絹 シルク 毛 ウール","","","","","","","14520","1","0","14520","0","","1","","","","0","2024/10/02","","","","","0","2024/09/27","2024/09/27","","10","132","132","1","2024-10-01","132"
"10000828","1","froufroumarket-10000828","1","AUCTIONr1051619262","","r1051619262","M3995","M新品同様/レリアン Leilian 美編ニットカーディガン 表記9号(38号/M相当) 紫/パープル 絹シルク100% 長袖 春夏秋向け トップス レディース","","","","","","","22810","1","0","22810","0","","1","","","","0","","","","","-1","0","","","発送日情報なし","10","0","0","0","未確定","0"
"10000828","2","froufroumarket-10000828","1","AUCTIONw1138245407","","w1138245407","","新品同様/レリアン Leilian テーラードジャケット 表記 9号 M 相当 ベージュ 花柄 羽織り ロング丈 薄手 軽やか 春 夏 アウター レディース","","","","","","","28930","1","0","28930","0","","1","","","","0","","","","","28254","0","","","発送日情報なし","10","0","0","0","未確定","0"
"10000827","1","froufroumarket-10000827","1","AUCTIONw1051564971","","w1051564971","A1573","A美品/theory/セオリー/綿コットン100％/爽やか長袖ブラウス/大きいサイズ/11号〜13号相当/春夏秋/トップス/レディース","","","","","","","12800","1","0","12800","0","","1","","","","0","","","","","-1","0","","","発送日情報なし","10","0","0","0","未確定","0"
"10000827","2","froufroumarket-10000827","1","AUCTIONc1051236768","","c1051236768","H247","H美品/ INDIVI インディヴィ ふっくら柔らかニットセーター 表記38号(Mサイズ相当) 黒/ブラック 秋冬向け ウール混 トップス レディース","","","","","","","5500","1","0","5500","0","","1","","","","0","","","","","-1","0","","","発送日情報なし","10","0","0","0","未確定","0"
"10000827","3","froufroumarket-10000827","1","AUCTIONu1051239659","","u1051239659","H129","H美品/LOLO Collection ロロコレクション 美形ジャケット 大きいサイズ表記42号(13号LL相当) グレー 秋冬向 ツイード アウター レディース","","","","","","","5500","1","0","5500","0","","1","","","","0","","","","","-1","0","","","発送日情報なし","10","0","0","0","未確定","0"
"10000826","1","froufroumarket-10000826","1","A5562","","","","美品/伊太利屋 GK 中綿入りベスト 表記 11号 L 相当 茶 ブラウン ヒョウ柄 ワッペン 軽やか おしゃれ お出掛け 秋 冬 トップス レディース","","","","","","","21230","1","0","21230","0","","1","","","","0","2024/09/18","","","","","0","2024/09/17","2024/09/17","翌日発送（休業日を除く）","10","193","193","1","2024-09-17","193"
"10000825","1","froufroumarket-10000825","1","AUCTIONk1051567940","","k1051567940","A2841","Ａ美品/トゥービーシック TO BE CHIC 美揺れフレアスカート 表記42号(9号/M相当) 青/ブルー デニム素材 プリーツデザイン 春夏 ボトムス","","","","","","","14900","1","0","14900","0","","1","","","","0","","","","","-1","0","","","発送日情報なし","10","0","0","0","未確定","0"
"10000824","1","froufroumarket-10000824","1","M5770","","l1078736908","","美品/エスプリ ESPRIT テーラードジャケット 小さいサイズ 表記I38 D34 S 7号相当 紫 藤色 シンプル ストレッチ 秋 冬 アウター レディース","","","","","","","16830","1","0","16830","0","","1","","","","0","","","","","28254","0","2024/09/14","2024/09/14","翌日発送（休業日を除く）","10","0","0","0","未確定","0"
"10000823","1","froufroumarket-10000823","1","M6523","","v1113965582","","美品/レキップ ヨシエイナバ L'EQUIPE YOSHIE INABA デニムジャケット 表記 11号 L 相当 古着 濃紺 レディース 春 秋 アウター 長袖 綿","","","","","","","15290","1","0","15290","0","","1","","","","0","","","","","28257","0","2024/09/14","2024/09/14","翌日発送（休業日を除く）","10","0","0","0","未確定","0"
"10000822","1","froufroumarket-10000822","1","AUCTIONu1051696833","","u1051696833","A1119","A美品*Paul Smith*ポールスミス*ロゴ釦*美脚デニムパンツ38/9","","","","","","","4110","1","0","4110","0","","1","","","","0","","","","","-1","0","","","発送日情報なし","10","0","0","0","未確定","0"
"10000821","1","froufroumarket-10000821","1","AUCTION1051568836","","1051568836","A1656","A美品/22 OCTOBRE/22オクトーブル/グレー/艶感/微小幾何学柄/煌びやかラメ/素敵スカートスーツ/38号(9号*M相当)秋冬/レディース","","","","","","","12800","1","0","12800","0","","1","","","","0","","","","","-1","0","","","発送日情報なし","10","0","0","0","未確定","0"
"10000820","1","froufroumarket-10000820","1","M7053","","u1141513293","","新品同様/mimosalip カーディガン 総レース 表記 M〜L 9号 11号 相当 古着 黒 ブラック レディース 春 夏 トップス 長袖 透け感 シースルー","","","","","","","8360","1","0","8360","0","","1","","","","0","","","","","4859","0","2024/09/09","2024/09/09","翌日発送（休業日を除く）","10","0","0","0","未確定","0"
"10000819","1","froufroumarket-10000819","1","AUCTIONf1051447533","","f1051447533","A2260","A新品同様/ インソレンテ insolente 素敵チュニック 表記 M〜L(9号/11号) 青/黒 伸縮性素材 フランス製 モダン美柄 春夏 トップス","","","","","","","9799","1","0","9799","0","","1","","","","0","","","","","-1","0","","","発送日情報なし","10","0","0","0","未確定","0"
"10000818","1","froufroumarket-10000818","1","M6510","","o1113218505","","美品/プライドグライド prideglide ラップスカート ミニスカート 小さいサイズ 表記 36号 S 相当 グレー 毛100 レディース 秋 冬 ボトムス","","","","","","","11770","1","0","11770","0","","1","","","","0","","","","","40744","0","2024/09/08","2024/09/08","翌日発送（休業日を除く）","10","0","0","0","未確定","0"
"10000817","1","froufroumarket-10000817","1","AUCTIONx1051569972","","x1051569972","H347","H美品/smart pink スマートピンク モダン柄ストレッチチュニック 表記40号(11号Lサイズ相当) 茶/緑/ブラウン 春夏向け トップス レディース","","","","","","","12800","1","0","12800","0","","1","","","","0","","","","","-1","0","","","発送日情報なし","10","0","0","0","未確定","0"
"10000816","1","froufroumarket-10000816","1","AUCTIONh1051679645","","h1051679645","A3554","Ａ美品/ピンキー&ダイアン Pinky&Dianne 大人なフリルブラウス 表記38号(9号/M相当) 黒/ブラック お食事会 春夏向け トップス レディース","","","","","","","4110","1","0","4110","0","","1","","","","0","","","","","-1","0","","","発送日情報なし","10","0","0","0","未確定","0"
"10000815","1","froufroumarket-10000815","1","AUCTIONm1051570112","","m1051570112","M3611","M美品/ダナキャラン DKNY イタリア製スカートスーツ 表記I42 I44(9号/M〜11号/L相当) アイボリー 絹シルク&綿コットン素材 春秋 レディース","","","","","","","15899","1","0","15899","0","","1","","","","0","","","","","-1","0","","","発送日情報なし","10","0","0","0","未確定","0"
"10000814","1","froufroumarket-10000814","1","AUCTIONu1051233244","","u1051233244","A3749","Ａ美品/伊太利屋 ジップアップニットカーディガン 表記9号(M相当) 白 黒 グレー アンゴラ混 トナカイ 秋冬向け トップス レディース","","","","","","","12800","1","0","12800","0","","1","","","","0","","","","","-1","0","","","発送日情報なし","10","0","0","0","未確定","0"
"10000813","1","froufroumarket-10000813","1","A5126","","","","美品/ユキコハナイ yukiko hanai フレアスカート 表記 8号 9号 相当 黒 ブラック ダマスク柄 艶感 高級感 春 秋 ボトムス レディース","","","","","","","11000","1","0","11000","0","","1","","","","0","2024/09/01","","","","","0","2024/08/30","2024/08/30","翌日発送（休業日を除く）","10","100","100","1","2024-08-31","100"
"10000812","1","froufroumarket-10000812","1","AUCTIONo1051571887","","o1051571887","A3088","Ａ美品/レリアン Leilian 上品な美形ジャケット 大きいサイズ 表記13号(LLサイズ相当) フランス製生地 繊細な美柄デザイン 秋冬 アウター","","","","","","","42801","1","0","42801","0","","1","","","","0","","","","","-1","0","","","発送日情報なし","10","0","0","0","未確定","0"
"10000811","1","froufroumarket-10000811","1","AUCTIONv1051599891","","v1051599891","A1089","A新品同様*コムサデモード*グレー*ボックスプリーツスカート11","","","","","","","5000","1","0","5000","0","","1","","","","0","","","","","-1","0","","","発送日情報なし","10","0","0","0","未確定","0"
"10000810","1","froufroumarket-10000810","1","M7078","","","","美品/ビースリー B-Three B3 ロングパンツ 表記 32号 9号 M 相当 キャメル系 レディース 春 秋 冬 ボトムス 綿混 コットン ストレッチ","","","","","","","6600","1","0","6600","0","","1","","","","0","2024/08/28","","","","","0","2024/08/23","2024/08/23","翌日発送（休業日を除く）","10","60","60","1","2024-08-27","60"
"10000809","1","froufroumarket-10000809","1","AUCTIONd1051219332","","d1051219332","A3752","Ａ美品/ジュンアシダ jun ashida 大人な美的スカートスーツ 表記11号(L相当) ピンク 絹シルク ヘリンボーン柄 パーティー 春秋 レディース","","","","","","","24800","1","0","24800","0","","1","","","","0","","","","","-1","0","","","発送日情報なし","10","0","0","0","未確定","0"
"10000808","1","froufroumarket-10000808","1","A4956","","x1105627628","","新品同様/ソニアバレンシア SONIA BALENCIA ブラックフォーマルワンピース 表記 9AR M 相当 黒 ブラック 2P風 冠婚葬祭 春夏 レディース","","","","","","","17930","1","0","17930","0","","1","","","","0","","","","","40769","0","2024/08/23","2024/08/23","","10","0","0","0","未確定","0"
"10000807","1","froufroumarket-10000807","1","AUCTIONc1125717112","","c1125717112","","美品/ビースリー B3 B-three デニムパンツ 表記 34号 11号 相当 白 ホワイト ストレッチ性 シンプル お出掛け 春 秋 ボトムス レディース","","","","","","","7700","1","0","7700","0","","1","","","","0","","","","","44120","0","2024/08/13","2024/08/13","翌日発送（休業日を除く）","10","0","0","0","未確定","0"
"10000806","1","froufroumarket-10000806","1","AUCTIONq1051234320","","q1051234320","A3306","Ａ新品/ダーマコレクション DAMA collection 涼しげな美脚パンツ (11号/L相当) グレー 麻リネン100％ 春夏向け ボトムス レディース","","","","","","","5500","1","0","5500","0","","1","","","","0","","","","","-1","0","","","発送日情報なし","10","0","0","0","未確定","0"
"10000805","1","froufroumarket-10000805","1","M6683","","","","新品/ポートランド PORT LAND ラップスカート 巻きスカート 表記 3号 11号 L 相当 紺 ネイビー レディース 春 夏 綿混 前開き シンプル","","","","","","","7700","1","0","7700","0","","1","","","","0","2024/08/12","","","","","0","2024/08/16","2024/08/16","","10","70","70","1","2024-08-11","70"
"10000804","1","froufroumarket-10000804","1","M5058","","u1002045810","","美品/ユナイテッドカラーズオブベネトン BENETTON 麻リネン100％ワンピース イタリア製 表記M(9号相当) 黒/ブラック 春夏向け レディース","","","","","","","8470","1","0","8470","0","","1","","","","0","","","","","44841","0","2024/08/10","2024/08/10","翌日発送（休業日を除く）","10","0","0","0","未確定","0"
"10000803","1","froufroumarket-10000803","1","AUCTIONm1051612865","","m1051612865","6749","新品同様/レリアン Leilian 美柄シフォンカットソー 表記11号(Lサイズ相当) ピンク系 ペーズリー柄 春夏向け トップス レディース","","","","","","","6790","1","0","6790","0","","1","","","","0","","","","","-1","0","","","発送日情報なし","10","0","0","0","未確定","0"
"10000802","1","froufroumarket-10000802","1","AUCTIONe1051557856","","e1051557856","6378","新品同様/伊太利屋 アニマル柄お洒落ジャケット 表記7号(11号/Lサイズ相当) 茶/ブラウン 春秋冬向け アウター レディース","","","","","","","24900","1","0","24900","0","","1","","","","0","","","","","-1","0","","","発送日情報なし","10","0","0","0","未確定","0"
"10000801","1","froufroumarket-10000801","1","AUCTIONs1051244071","","s1051244071","M3940","M美品/スキャパ SCAPA 上品ツイードジャケット 表記40号(11号/L相当) ベージュ 綿&麻リネン混 ノーカラー 春秋向け アウター レディース","","","","","","","12900","1","0","12900","0","","1","","","","0","","","","","-1","0","","","発送日情報なし","10","0","0","0","未確定","0"
"10000800","1","froufroumarket-10000800","1","M5878","","u1082504116","","新品同様/東京ソワール TOKYO SOIR フォーマルスカート 表記11号 L相当 黒 ブラック レディース 春 夏 ボトムス プリーツ加工 シフォン","","","","","","","18590","1","0","18590","0","","1","","","","0","","","","","40745","0","2024/07/25","2024/07/25","翌日発送（休業日を除く）","10","0","0","0","未確定","0"
"10000799","1","froufroumarket-10000799","1","AUCTIONk1051617709","","k1051617709","H461","H新品同様/メルローズ MELROSE 美形ノースリーブカットソー (9号Mサイズ相当) 黒/ブラック/白 春夏向け モノトーン トップス レディース","","","","","","","3950","1","0","3950","0","","1","","","","0","","","","","-1","0","","","発送日情報なし","10","0","0","0","未確定","0"
"10000798","1","froufroumarket-10000798","1","AUCTIONm1051570568","","m1051570568","A3185","Ａ美品/ユナイテッドカラーズオブベネトン UNITED COLORS OF BENETTON デニムスカート 小さめ 表記40号(7号相当) ブルー ボトムス 春秋向け","","","","","","","5600","1","0","5600","0","","1","","","","0","","","","","-1","0","","","発送日情報なし","10","0","0","0","未確定","0"
"10000797","1","froufroumarket-10000797","1","A5490","","e1136261641","","美品/ユキトリイ YUKI TORII フリルカーディガン 表記 L 11号 相当 白 ホワイト プリーツ 薄手 七分袖 ハーフ丈 春 夏 トップス レディース","","","","","","","17050","1","0","17050","0","","1","","","","0","","","","","4859","0","2024/07/20","2024/07/20","翌日発送（休業日を除く）","10","0","0","0","未確定","0"
"10000796","1","froufroumarket-10000796","1","M4350","","","","新品同様/マンゴ MANGO 清楚ノーカラージャケット 大きいサイズ 表記USA/L(LL相当) 白/ホワイト 羽織 シンプル 春夏秋 アウター レディース","","","","","","","19800","1","0","19800","0","","1","","","","0","2024/07/21","","","","","0","2024/07/19","2024/07/19","翌日発送（休業日を除く）","10","180","180","1","2024-07-20","180"
"10000795","1","froufroumarket-10000795","1","M6602","","","","美品/タルボット TALBOTS フレアスカート 大きいサイズ 表記 10号 13号 相当 古着 白 レディース 春 夏 綿100 コットン カットワークレース","","","","","","","13750","1","0","13750","0","","1","","","","0","2024/07/21","","","","","0","2024/07/19","2024/07/19","翌日発送（休業日を除く）","10","125","125","1","2024-07-20","125"
"10000794","1","froufroumarket-10000794","1","AUCTIONt1051235651","","t1051235651","A2529","A美品/ヴィヴィアンタム VIVIENNE TAM 素敵フレアスカート 小さいサイズ表記0号(5号相当) 茶/ブラウン 高級な羊革 秋冬向け ボトムス","","","","","","","12800","1","0","12800","0","","1","","","","0","","","","","-1","0","","","発送日情報なし","10","0","0","0","未確定","0"
"10000793","1","froufroumarket-10000793","1","M6985","","","","美品/トランスワーク TRANS WORK チュニック 大きい 表記 44号 3L 相当 アイボリー系 レディース 春夏 トップス シフォン 長袖 薄手 透け感","","","","","","","7920","1","0","7920","0","","1","","","","0","2024/07/19","","","","","0","2024/07/18","2024/07/18","翌日発送（休業日を除く）","10","64","64","1","2024-07-18","64"
"10000792","1","froufroumarket-10000792","1","AUCTIONl1051556024","","l1051556024","M3048","M新品同様/東京スタイル BISTY 立体美柄カーディガン 表記M号(9号/38号相当) 黒/ブラック 透け感 7分袖 伸縮 春夏向け トップス レディース","","","","","","","5600","1","0","5600","0","","1","","","","0","","","","","-1","0","","","発送日情報なし","10","0","0","0","未確定","0"
"10000791","1","froufroumarket-10000791","1","A5527","","t1139148585","","美品/ハナエモリ HANAE MORI ブラウス 大きい 表記 44号 15号 相当 緑 青 ボタニカル柄 半袖 お出掛け 春 夏 トップス レディース","","","","","","","9350","1","0","9350","0","","1","","","","0","","","","","28236","0","2024/07/14","2024/07/14","翌日発送（休業日を除く）","10","0","0","0","未確定","0"
"10000790","1","froufroumarket-10000790","1","M4894","","","","新品同様/スーナウーナ sunauna 大判花柄スカート 表記40号(11号/L相当) 紺/ネイビー 軽やか素材 薄地 膝丈 春夏向け ボトムス レディース","","","","","","","8360","1","0","8360","0","","1","","","","0","2024/07/14","","","","","0","2024/07/13","2024/07/13","翌日発送（休業日を除く）","10","76","76","1","2024-07-13","76"
"10000789","1","froufroumarket-10000789","1","AUCTIONt1143947396","","t1143947396","A3727","Ａ美品/ダイアンフォンファステンバーグ DIANE VON FURSTENBERG ラップチュニック 小さめ 表記6号(7号相当) 青 黒 美柄デザイン 春夏","","","","","","","22000","1","0","22000","0","","1","","","","0","","","","","-1","0","","","発送日情報なし","10","0","0","0","未確定","0"
"10000788","1","froufroumarket-10000788","1","AUCTIONf1051561794","","f1051561794","A2061","A美品/エフデ ef-de 大人フレアスカート 小さいサイズ 表記５号(XS相当) 黒 ブラック 繊細プリーツ お出掛け パーティ 秋冬 ボトムス","","","","","","","6199","1","0","6199","0","","1","","","","0","","","","","-1","0","","","発送日情報なし","10","0","0","0","未確定","0"
"10000788","2","froufroumarket-10000788","1","AUCTIONk1051454287","","k1051454287","A2107","A新品同様/インディヴィ INDIVI 美的タイトスカート 小さいサイズ 表記５号(XS相当)黒 ブラック 3段ピンタック ウール100％ 秋冬 ボトムス","","","","","","","7799","1","0","7799","0","","1","","","","0","","","","","-1","0","","","発送日情報なし","10","0","0","0","未確定","0"
"10000787","1","froufroumarket-10000787","1","M4988","","t823772449","","美品/ケーティーリノ K.T LINO 美形ジャケット 表記11号(40号/L相当) 黒/ブラック 麻リネン素材 7分袖 薄地 春夏向け アウター レディース","","","","","","","13200","1","0","13200","0","","1","","","","0","","","","","28254","0","2024/07/10","2024/07/10","翌日発送（休業日を除く）","10","0","0","0","未確定","0"
"10000786","1","froufroumarket-10000786","1","M4943","","j735133913","","新品/PERUVIAN CONNECTION 花柄ワンピース 表記M(11号/大きいサイズ 13号相当) ベージュ 多彩 ジャージ素材 伸縮 長袖 春夏向け レディース","","","","","","","11000","1","0","11000","0","","1","","","","0","","","","","44841","0","2024/07/08","2024/07/08","翌日発送（休業日を除く）","10","0","0","0","未確定","0"
"10000785","1","froufroumarket-10000785","1","A5250","","1123006333","","美品/詩仙堂 ヒトシタムラ クロップドパンツ 表記 9号 M 相当 黒 ブラック ちりめん素材 大人 上品 お出掛け 春 夏 ボトムス レディース","","","","","","","15730","1","0","15730","0","","1","","","","0","","","","","40749","0","2024/07/08","2024/07/08","翌日発送（休業日を除く）","10","0","0","0","未確定","0"
"10000784","1","froufroumarket-10000784","1","AUCTIONq1051568476","","q1051568476","M796","M【シーバイクロエ】伊製♪黒*コットン100*素敵ハーフパンツ*I40","","","","","","","6799","1","0","6799","0","","1","","","","0","","","","","-1","0","","","発送日情報なし","10","0","0","0","未確定","0"
"10000783","1","froufroumarket-10000783","1","ln","","","","レキシオネオ LexioNeo 韓国 ボードゲーム 牌ボードゲーム 麻雀 ポーカー 大富豪 Lexio レキシオ レキシオプラス アナログゲーム 送料無料 パーティー 2〜5人","","","","","","","12001","1","0","12001","0","","0","","","","0","2024/07/04","","","","","0","2024/07/06","2024/07/06","","10","109","109","1","2024-07-03","109"
"10000782","1","froufroumarket-10000782","1","AUCTIONw1051562938","","w1051562938","5495","美品*伊太利屋*藍色*耀きレオパード*お洒落ジャージワンピース9","","","","","","","6800","1","0","6800","0","","1","","","","0","","","","","-1","0","","","発送日情報なし","10","0","0","0","未確定","0"
"10000781","1","froufroumarket-10000781","1","M5764","","","","新品同様/アンタイトル UNTITLED ガウチョパンツ 小さいサイズ 表記1号 S相当 グレー ワイド ゆったり 薄手 春 夏 秋 ボトムス レディース","","","","","","","7480","1","0","7480","0","","1","","","","0","2024/07/04","","","","","0","2024/07/06","2024/07/06","","10","68","68","1","2024-07-03","68"
"10000781","2","froufroumarket-10000781","1","M6863","","","","美品/スマートピンク smart pink フレアスカート 表記 40号 M 相当 古着 グレー系 レディース 春 夏 ボトムス 薄手 ストレッチ ミモレ丈","","","","","","","7370","1","0","7370","0","","1","","","","0","2024/07/04","","","","","0","2024/07/06","2024/07/06","","10","67","67","1","2024-07-03","67"
"10000780","1","froufroumarket-10000780","1","M6154","","s1094654954","","美品/コムサ COMME CA タイトスカート デニム 表記 11号 L 相当 ベージュ レディース 春 夏 秋 冬 ミモレ丈 ボトムス シンプル 綿 コットン","","","","","","","5500","1","0","5500","0","","1","","","","0","","","","","40746","0","2024/07/02","2024/07/02","翌日発送（休業日を除く）","10","0","0","0","未確定","0"
"10000779","1","froufroumarket-10000779","1","M4224","","n431168016","","新品/VINCI チェスターコート イタリア製 9号/M相当 炭黒系 濃グレー ウール素材 モヘア混 シンプル ロング 秋冬向け アウター レディース","","","","","","","26400","1","0","26400","0","","0","","","","0","","","","","40731","0","2024/07/01","2024/07/01","翌日発送（休業日を除く）","10","0","0","0","未確定","0"
"10000778","1","froufroumarket-10000778","1","AUCTIONg1051598346","","g1051598346","A1331","A新品*エムフィル×ユナイテッドアローズ/ボーダー柄/お洒落ツイードパンツ40/11","","","","","","","6790","1","0","6790","0","","1","","","","0","","","","","-1","0","","","発送日情報なし","10","0","0","0","未確定","0"
"10000777","1","froufroumarket-10000777","1","A5506","","p1138234761","","美品/レリアン Leilian カットソー 大きい 表記 13号 LL 相当 オレンジ 茶 モダン柄 七分袖 おしゃれ お出掛け 春 夏 トップス レディース","","","","","","","17380","1","0","17380","0","","1","","","","0","","","","","44088","0","2024/06/29","2024/06/29","翌日発送（休業日を除く）","10","0","0","0","未確定","0"
"10000776","1","froufroumarket-10000776","1","M6012","","","","美品/詩仙堂 ヒトシタムラ カットソー ノースリーブ タンクトップ ちりめん 大きいサイズ LL 3L相当 黒 ブラック レディース 春夏 トップス","","","","","","","5500","1","0","5500","0","","1","","","","0","2024/06/23","","","","","0","2024/06/22","2024/06/22","翌日発送（休業日を除く）","10","50","50","1","2024-06-22","50"
"10000775","1","froufroumarket-10000775","1","AUCTIONn1051237123","","n1051237123","A2338","A新品同様/ ラピーヌブランシェ LAPINE BLANCHE フリルジャケット 表記9号(M相当) グレー 微小幾何学柄 パーティー 春夏秋向け アウター","","","","","","","12900","1","0","12900","0","","1","","","","0","","","","","-1","0","","","発送日情報なし","10","0","0","0","未確定","0"
"10000774","1","froufroumarket-10000774","1","A4698","","g1091125093","","新品同様/ハーディエイミス ノースリーブワンピース 表記 11号 L 相当 黒 艶感 シンプル 無地 結婚式 春夏秋 レディース","","","","","","","29150","1","0","29150","0","","1","","","","0","","","","","44841","0","2024/06/21","2024/06/21","翌日発送（休業日を除く）","10","0","0","0","未確定","0"
"10000773","1","froufroumarket-10000773","1","AUCTIONd1051604657","","d1051604657","M2328","M美品/CECI OU CELA/セシオセラ/茶/伸縮/薄地/大人ノーカラージャケット/M/春夏秋","","","","","","","6790","1","0","6790","0","","1","","","","0","","","","","-1","0","","","発送日情報なし","10","0","0","0","未確定","0"
"10000773","2","froufroumarket-10000773","1","AUCTIONr1051575348","","r1051575348","M1268","M美品*セシオセラ*茶*シフォン×透感×花柄*素敵フレアスカート9","","","","","","","6800","1","0","6800","0","","1","","","","0","","","","","-1","0","","","発送日情報なし","10","0","0","0","未確定","0"
"10000773","3","froufroumarket-10000773","1","AUCTIONe1051435492","","e1051435492","H351","H美品/PRESSE ピノーレ 美彩艶感ブラウス 表記40号(11号Lサイズ相当) 赤/レッド/ワインレッド 春夏向け お食事会 トップス レディース","","","","","","","6800","1","0","6800","0","","1","","","","0","","","","","-1","0","","","発送日情報なし","10","0","0","0","未確定","0"
"10000772","1","froufroumarket-10000772","1","M6947","","m1135849291","","美品/ダブルスタンダードクロージング DOUBLE STANDARD CLOTHING ノースリーブカットソー M L 相当 古着 黒 ブラック レディース トップス","","","","","","","8580","1","0","8580","0","","1","","","","0","","","","","44086","0","2024/06/17","2024/06/17","翌日発送（休業日を除く）","10","0","0","0","未確定","0"
"10000771","1","froufroumarket-10000771","1","M6746","","q1125082861","","新品同様/ジュンコシマダ 49AV JUNKO SHIMADA カーディガン 表記 38号 M 相当 ベージュ レディース 春 夏 麻100 7分袖 カットワークレース","","","","","","","13200","1","0","13200","0","","1","","","","0","","","","","4859","0","2024/06/14","2024/06/14","翌日発送（休業日を除く）","10","0","0","0","未確定","0"
"10000770","1","froufroumarket-10000770","1","AUCTIONh1051552633","","h1051552633","M3898","M美品/ナラカミーチェ NARACAMICIE 総カットワークレースブラウス イタリア製 表記1号(9号相当) 白 7分袖 綿100% 春夏 トップス レディース","","","","","","","6199","1","0","6199","0","","1","","","","0","","","","","-1","0","","","発送日情報なし","10","0","0","0","未確定","0"
"10000770","2","froufroumarket-10000770","1","AUCTIONf1051570166","","f1051570166","4813","セール★美品*Lois CRAYON ロイスクレヨン*ベージュ*七分袖*ステッチ*素敵ジャケットM(9号相当)/春夏向け レディース/値下18000→8200","","","","","","","6799","1","0","6799","0","","1","","","","0","","","","","-1","0","","","発送日情報なし","10","0","0","0","未確定","0"
"10000769","1","froufroumarket-10000769","1","AUCTIONw1051692402","","w1051692402","A3528","Ａ新品同様/ナラカミーチェ NARACAMICIE 爽やか半袖ブラウス 表記2号(9号/M相当) 青/ブルー 伸縮性 ストライプ柄 春夏 トップス レディース","","","","","","","6200","1","0","6200","0","","1","","","","0","","","","","-1","0","","","発送日情報なし","10","0","0","0","未確定","0"
"10000768","1","froufroumarket-10000768","1","AUCTIONg1051694201","","g1051694201","A1453","A美品/TSUMORI CHISATO 　ツモリチサト/黒/上品レース/素敵プリーツカットソー/2/9","","","","","","","4210","1","0","4210","0","","1","","","","0","","","","","-1","0","","","発送日情報なし","10","0","0","0","未確定","0"
"10000767","1","froufroumarket-10000767","1","AUCTIONr1138357224","","r1138357224","","新品同様/イッセイミヤケ ISSEY MIYAKE FETE プリーツカットソー 表記 2号 9号 相当 黒 グレー モダン総柄 春 夏 トップス レディース","","","","","","","25630","1","0","25630","0","","1","","","","0","","","","","44089","0","2024/06/10","2024/06/10","翌日発送（休業日を除く）","10","0","0","0","未確定","0"
"10000766","1","froufroumarket-10000766","1","AUCTIONq1051566117","","q1051566117","A3169","Ａ美品/ローラアシュレイ LAURA ASHLEY 暖か美脚パンツ 小さいサイズ 表記11号(7号/S相当) 茶/ブラウン カシミヤ混 秋冬 ボトムス","","","","","","","7300","1","0","7300","0","","1","","","","0","","","","","-1","0","","","発送日情報なし","10","0","0","0","未確定","0"
"10000765","1","froufroumarket-10000765","1","AUCTIONp1051684435","","p1051684435","M3192","M美品/総レースカーディガン 小さいサイズ7号(36号/S相当) ベージュ 淡色 透け感 長袖 綿100%素材 美編み 春夏向け トップス レディース","","","","","","","4210","1","0","4210","0","","1","","","","0","","","","","-1","0","","","発送日情報なし","10","0","0","0","未確定","0"
"10000764","1","froufroumarket-10000764","1","AUCTIONb1051229967","","b1051229967","M2849","M新品同様/オペークドットクリップ OPAQUE.CLIP ワールド 花柄ワンピース 表記38号(9号/M相当) 黒×白 2P風デザイン 春夏 レディース","","","","","","","5480","1","0","5480","0","","1","","","","0","","","","","-1","0","","","発送日情報なし","10","0","0","0","未確定","0"
"10000763","1","froufroumarket-10000763","1","AUCTIONk1051613170","","k1051613170","H579","H美品/ウィルセレクション WILLSELECTION 可憐プリーツワンピース 小さいサイズ表記1号(7号Sサイズ相当) 桃/ピンク 春秋向け レディース","","","","","","","6810","1","0","6810","0","","1","","","","0","","","","","-1","0","","","発送日情報なし","10","0","0","0","未確定","0"
"10000762","1","froufroumarket-10000762","1","M5056","","q1002045791","","新品同様/トランスワーク TRANS WORK ペイズリー柄チュニック 表記40号(11号相当) 青紫系 7分袖 フレア袖 透け感 春夏 トップス レディース","","","","","","","8800","1","0","8800","0","","1","","","","0","","","","","44840","0","2024/06/02","2024/06/02","翌日発送（休業日を除く）","10","0","0","0","未確定","0"
"10000761","1","froufroumarket-10000761","1","A4693","","g1090551121","","美品/ジャーナルスタンダード JOURNAL STANDARD リネンジャケット 9号 M 相当 紺 ネイビー 麻 リネン 半袖 春夏 アウター レディース","","","","","","","6600","1","0","6600","0","","1","","","","0","","","","","28256","0","2024/06/02","2024/06/02","翌日発送（休業日を除く）","10","0","0","0","未確定","0"
"10000760","1","froufroumarket-10000760","1","AUCTIONb1051567900","","b1051567900","5108","美品*アツコノセ*黒×綺麗レース*麻混*素敵デザインワンピースM","","","","","","","6800","1","0","6800","0","","1","","","","0","","","","","-1","0","","","発送日情報なし","10","0","0","0","未確定","0"
"10000759","1","froufroumarket-10000759","1","M5680","","k1073707800","","美品/エフデ ef-de スカーチョ ガウチョ 大きいサイズ 表記17号 4L相当 グレー 毛100 ウール シンプル ゆったり 春 秋 ボトムス レディース","","","","","","","7040","1","0","7040","0","","1","","","","0","","","","","28528","0","2024/05/30","2024/05/30","翌日発送（休業日を除く）","10","0","0","0","未確定","0"
"10000758","1","froufroumarket-10000758","1","AUCTIONd1051230007","","d1051230007","H278","H美品/BOSCH ボッシュ 素敵7分袖カットソー 小さいサイズ表記38号(7号Sサイズ相当) 黒/ブラック 綿混 春秋向 お出掛けトップス レディース","","","","","","","5480","1","0","5480","0","","1","","","","0","","","","","-1","0","","","発送日情報なし","10","0","0","0","未確定","0"
"10000757","1","froufroumarket-10000757","1","A5304","","","","美品/ビースリー B3 B-three スラックスパンツ 表記 36号 11号 相当 紺 ネイビー ストレッチ性 無地 オフィス 春 秋 ボトムス レディース","","","","","","","7700","1","0","7700","0","","1","","","","0","2024/05/31","","","","","0","2024/06/01","2024/06/01","","10","70","70","1","2024-05-30","70"
"10000757","2","froufroumarket-10000757","1","M6889","","","","新品同様/アナイ ANAYI カーディガン 羽織り 小さいサイズ 表記 36号 S 相当 紺 ネイビー レディース 春夏 トップス ニット 麻 リネン 変形","","","","","","","8250","1","0","8250","0","","1","","","","0","2024/05/31","","","","","0","2024/06/01","2024/06/01","","10","75","75","1","2024-05-30","75"
"10000756","1","froufroumarket-10000756","1","M4647","","j692053583","","美品/ビスケー BC 大人テーラードジャケット 大きいサイズ 13号/LL相当 濃グレー系 綿/コットン素材 通勤 春秋冬向け アウター レディース","","","","","","","15400","1","0","15400","0","","1","","","","0","","","","","28254","0","2024/05/29","2024/05/29","翌日発送（休業日を除く）","10","0","0","0","未確定","0"
"10000755","1","froufroumarket-10000755","1","A4935","","o1104389340","","新品同様/プラステ PLST セオリー テーラードジャケット 表記 M 9号 相当 黒 ブラック ダブルボタン オフィス 春秋 アウター レディース","","","","","","","12650","1","0","12650","0","","1","","","","0","","","","","28254","0","2024/05/28","2024/05/28","翌日発送（休業日を除く）","10","0","0","0","未確定","0"
"10000754","1","froufroumarket-10000754","1","M6293","","c1101108863","","美品/ローラアシュレイ LAURA ASHLEY ガウチョパンツ スカーチョ 表記 9号 Ｍ 相当 古着 黒 ブラック レディース 春 夏 ボトムス ゆったり","","","","","","","13200","1","0","13200","0","","1","","","","0","","","","","28528","0","2024/05/28","2024/05/28","翌日発送（休業日を除く）","10","0","0","0","未確定","0"
"10000753","1","froufroumarket-10000753","1","AUCTIONu1051105488","","u1051105488","M3148","M美品/スキャパ SCAPA 美揺フレアスカート 表記40号(11号/L相当) 黒/ブラック 上品ボタニカル柄 透け感素材 春夏向け ボトムス レディース","","","","","","","10030","1","0","10030","0","","1","","","","0","","","","","-1","0","","","発送日情報なし","10","0","0","0","未確定","0"
"10000752","1","froufroumarket-10000752","0","AUCTIONm1051568784","","m1051568784","A2367","A美品/ ケーティーリノ K.T LINO 可憐なジャケット 大きいサイズ 表記13号(LL相当) 白/ホワイト 麻リネン 総レースデザイン 春夏 アウター","","","","","","","9799","1","0","0","0","","1","","","","0","","","","","-1","0","","","発送日情報なし","10","0","0","0","未確定","0"
"10000751","1","froufroumarket-10000751","1","A5134","","","","新品同様/キャラオクルス CARA O CRUZ テーラードジャケット 表記 11号 L 相当 紺 ネイビー 毛 ウール 薄手 春 夏 アウター レディース","","","","","","","15950","1","0","15950","0","","1","","","","0","2024/05/21","","","","","0","2024/05/22","2024/05/22","","10","145","145","1","2024-05-20","145"
"10000750","1","froufroumarket-10000750","1","AUCTIONd1051222589","","d1051222589","H489","H美品/オスカー OSKAR おしゃれノースリーブワンピース 小さいサイズ表記Sサイズ(7号相当) 黒/ブラック 春夏向け 重ね着風 レディース","","","","","","","5500","1","0","5500","0","","1","","","","0","","","","","-1","0","","","発送日情報なし","10","0","0","0","未確定","0"
"10000749","1","froufroumarket-10000749","1","M4932","","j730353232","","美品/レリアン Leilian 清楚ジャケット/ブラウス 表記13号(大きいサイズLL相当) 白/ホワイト ストレッチ 春夏 アウタートップス レディース","","","","","","","24200","1","0","24200","0","","1","","","","0","","","","","28237","0","2024/05/19","2024/05/19","翌日発送（休業日を除く）","10","0","0","0","未確定","0"
"10000748","1","froufroumarket-10000748","1","AUCTIONu1051566536","","u1051566536","4155","★美品*ヴィヴィアンタム♪茶系美柄♪ヒラヒラデザインスカート0","","","","","","","12800","1","0","12800","0","","1","","","","0","","","","","-1","0","","","発送日情報なし","10","0","0","0","未確定","0"
"10000747","1","froufroumarket-10000747","1","AUCTIONq1051607818","","q1051607818","M3937","M新品同様/東京イギン TOKYO IGIN 上品フォーマルスカート 大きいサイズ 表記13号(LL相当) 黒/ブラック 透け感 春夏向 ボトムス レディース","","","","","","","6000","1","0","6000","0","","1","","","","0","","","","","-1","0","","","発送日情報なし","10","0","0","0","未確定","0"
"10000746","1","froufroumarket-10000746","1","A5258","","v1123592177","","新品同様/セオリー theory チュニック 小さい 表記 S 7号 相当 黒 ブラック 無地 シンプル 異素材切り替え 春 夏 トップス レディース","","","","","","","16500","1","0","16500","0","","1","","","","0","","","","","44840","0","2024/05/14","2024/05/14","翌日発送（休業日を除く）","10","0","0","0","未確定","0"
"10000745","1","froufroumarket-10000745","1","M6926","","m1134114143","","美品/バラ色の暮し ロングスカート フレアスカート 表記 L 11号 相当 古着 黒 ブラック レディース 春 夏 ボトムス 綿100 コットン 刺繍","","","","","","","11000","1","0","11000","0","","1","","","","0","","","","","40746","0","2024/05/13","2024/05/13","翌日発送（休業日を除く）","10","0","0","0","未確定","0"
"10000744","1","froufroumarket-10000744","1","AUCTIONb1085433807","","b1085433807","","美品/ボッシュ BOSCH スラックス パンツ 表記38号 9号 M相当 古着 黒 ブラック レディース 春 夏 秋 ボトムス 美脚 通勤 オフィス シンプル","","","","","","","14300","1","0","14300","0","","1","","","","0","","","","","40707","0","2024/05/09","2024/05/09","翌日発送（休業日を除く）","10","0","0","0","未確定","0"
"10000743","1","froufroumarket-10000743","1","AUCTIONe1051602352","","e1051602352","M3394","M美品/斉藤都世子 toyoko saito ニットの女王 上品ニットジャケット 9号/M〜11号/L相当 グレーブラウン系 秋冬向け アウター レディース","","","","","","","22810","1","0","22810","0","","1","","","","0","","","","","-1","0","","","発送日情報なし","10","0","0","0","未確定","0"
"10000742","1","froufroumarket-10000742","1","M6798","","l1127493042","","新品/モガ MOGA カットソー 表記 F フリー M L LL 相当 グレー レディース 春 夏 トップス 綿100 コットン ゆったり シンプル 半袖 未使用","","","","","","","11000","1","0","11000","0","","1","","","","0","","","","","44087","0","2024/05/08","2024/05/08","翌日発送（休業日を除く）","10","0","0","0","未確定","0"
"10000741","1","froufroumarket-10000741","1","M6595","","x1117578946","","美品/レリアン Leilian ワイドパンツ ロングパンツ 大きいサイズ 表記 13号 LL 相当 白 ホワイト レディース 春夏 ボトムス 薄手 シンプル","","","","","","","11000","1","0","11000","0","","1","","","","0","","","","","28530","0","2024/05/06","2024/05/06","翌日発送（休業日を除く）","10","0","0","0","未確定","0"
"10000740","1","froufroumarket-10000740","1","M6924","","o1134129360","","美品/マレーラ MARELLA マックスマーラ フレアスカート 大きい 表記 JI44号 LL 相当 茶 ブラウン レディース 春 夏 ボトムス 絹100 シルク","","","","","","","12100","1","0","12100","0","","1","","","","0","","","","","40745","0","2024/05/06","2024/05/06","翌日発送（休業日を除く）","10","0","0","0","未確定","0"
"10000739","1","froufroumarket-10000739","1","A5241","","v1122501666","","美品/レリアン Leilian チュニック 表記 9号 M 相当 紺 ネイビー カットワークレース ボタニカル柄 お出掛け 春 夏 トップス レディース","","","","","","","17050","1","0","17050","0","","1","","","","0","","","","","44840","0","2024/05/06","2024/05/06","翌日発送（休業日を除く）","10","0","0","0","未確定","0"
"10000738","1","froufroumarket-10000738","1","A4207","","","","美品/ヴィヴィアンタム VIVIENNE TAM カッシュクールワンピース 小さいサイズ 表記1号(7号相当) 黒 メッシュ素材 美彩なお花刺繍 春夏向け","","","","","","","20020","1","0","20020","0","","1","","","","0","2024/05/07","","","","","0","2024/05/06","2024/05/06","翌日発送（休業日を除く）","10","182","182","1","2024-05-06","182"
"10000737","1","froufroumarket-10000737","1","M6874","","q1131942767","","新品同様/ビスケー BC ニットカットソー 表記 9号 M 相当 古着 茶 ブラウン レディース 春 夏 トップス 7分袖 薄手 麻混 リネン シンプル","","","","","","","8690","1","0","8690","0","","1","","","","0","","","","","44088","0","2024/05/06","2024/05/06","翌日発送（休業日を除く）","10","0","0","0","未確定","0"
"10000736","1","froufroumarket-10000736","1","M6873","","h1131948829","","美品/ピンキー&amp;ダイアン Pinky&amp;Dianne ジャケット 羽織り 表記 38号 9号 M 相当 ピンク レディース 春 夏 アウター 薄手 シンプル とろみ感","","","","","","","13090","1","0","13090","0","","1","","","","0","","","","","28254","0","2024/05/05","2024/05/05","翌日発送（休業日を除く）","10","0","0","0","未確定","0"
"10000735","1","froufroumarket-10000735","1","AUCTIONb1051556621","","b1051556621","M3711","M新品同様/キャロラインチャールズ CAROLINE CHARLES ジャガード織ジャケット 表記UK14号(11号/L相当) 黒 結婚式 春秋 アウター レディース","","","","","","","24300","1","0","24300","0","","1","","","","0","","","","","-1","0","","","発送日情報なし","10","0","0","0","未確定","0"
"10000734","1","froufroumarket-10000734","1","AUCTIONw1051556925","","w1051556925","A2649","Ａ美品/ マダムジョコンダ MADAM JOCONDE 大人な美形ニット 表記9号(Mサイズ相当) 黒/ブラック 煌びやかなデザイン 春夏 トップス","","","","","","","5600","1","0","5600","0","","1","","","","0","","","","","-1","0","","","発送日情報なし","10","0","0","0","未確定","0"
"10000733","1","froufroumarket-10000733","1","M6253","","j1098634992","","美品/レキップ ヨシエイナバ L'EQUIPE YOSHIE INABA プリーツスカート ロング 表記 7号 S 相当 黒 ブラック レディース 春 夏 秋 ボトムス","","","","","","","9790","1","0","9790","0","","1","","","","0","","","","","40746","0","2024/04/30","2024/04/30","翌日発送（休業日を除く）","10","0","0","0","未確定","0"
"10000732","1","froufroumarket-10000732","1","M6833","","o1129143287","","美品/タルボット TALBOTS カーディガン 羽織り 表記 Ｍ 9号 相当 黒 ブラック レディース 春 夏 秋 トップス 長袖  シンプル ストレッチ","","","","","","","12430","1","0","12430","0","","1","","","","0","","","","","4859","0","2024/04/29","2024/04/29","翌日発送（休業日を除く）","10","0","0","0","未確定","0"
"10000731","1","froufroumarket-10000731","1","M5782","","q1078458795","","新品同様/フラジール FRAGILE スカート 小さいサイズ 表記34号 5号 XS相当 シルバーグレー シンプル 薄手 膝丈 春 夏 ボトムス レディース","","","","","","","6270","1","0","6270","0","","1","","","","0","","","","","40745","0","2024/04/27","2024/04/27","翌日発送（休業日を除く）","10","0","0","0","未確定","0"
"10000730","1","froufroumarket-10000730","1","M5876","","","","新品/アルアバイル allureville マウンテンパーカー 表記2号 9号 M相当 古着 濃紺 ネイビー レディース フード 春 秋 アウター コットン","","","","","","","12980","1","0","12980","0","","1","","","","0","2024/04/27","","","","","0","2024/05/01","2024/05/01","","10","118","118","1","2024-04-26","118"
"10000729","1","froufroumarket-10000729","1","M6411","","f1108121435","","新品同様/フィットミーモア Fit me Moi チュニック 大きいサイズ 表記 EL 3L 15号 相当 古着 ピンク レディース 春 夏 トップス 長袖 薄手","","","","","","","9680","1","0","9680","0","","1","","","","0","","","","","44840","0","2024/04/25","2024/04/25","翌日発送（休業日を除く）","10","0","0","0","未確定","0"
"10000728","1","froufroumarket-10000728","1","AUCTIONj1051611897","","j1051611897","S545","S美【ニナリッチ】マルチカラ*ボタニカル柄*大人スカートスーツ9","","","","","","","6985","1","0","6985","0","","1","","","","0","","","","","-1","0","","","発送日情報なし","10","0","0","0","未確定","0"
"10000727","1","froufroumarket-10000727","1","M6296","","j1101112912","","美品/チャコット Chacott 社交ダンススカート 表記 Ｍ 9号 相当 赤 レッド レディース ボトムス フリンジ ミモレ丈 ストレッチ ゴム 伸縮","","","","","","","11000","1","0","11000","0","","1","","","","0","","","","","14484","0","2024/04/24","2024/04/24","翌日発送（休業日を除く）","10","0","0","0","未確定","0"
"10000726","1","froufroumarket-10000726","1","A5207","","j1118231044","","美品/ソニアリキエル SONIA RYKIEL ニット 大きい 表記 46号 13号〜15号 相当白 ホワイト 綿 ハート ビジュー 春 夏 トップス レディース","","","","","","","9350","1","0","9350","0","","1","","","","0","","","","","28174","0","2024/04/24","2024/04/24","翌日発送（休業日を除く）","10","0","0","0","未確定","0"
