OrderTime,SubCode,Title,UnitPrice,TotalMallCouponDiscount,UsePoint,ShipCharge,Title_1,Title_2,Title_3,Title_4,Title_5,Title_6,Title_7,Title_8,Title_9,Title_10,Title_11,Title_12,Title_13,Title_14,Title_15,Title_16,Title_17,Title_18,Title_19,Title_20,Title_21,Title_22,Title_23
2025/04/18 11:21:33,,美品/ビースリー B-Three B3 クロップドパンツ 表記 34号 11号 L 相当 白 レディース 春 夏 ボトムス 綿混 コットン ストレッチ シンプル,6600,0,0,600,美品,ビースリー,B-Three,B3,クロップドパンツ,表記,34号,11号,L,相当,白,レディース,春,夏,ボトムス,綿混,コットン,ストレッチ,シンプル,,,,
2025/04/15 14:43:39,,A美品/B3/ビースリー/白/ストレッチ素材/ロゴ釦/茶ステッチライン/お洒落カプリパンツ/小さいサイズ/32号(7号*Ｓ相当)春夏/レディース,3800,0,0,600,A美品,B3,ビースリー,白,ストレッチ素材,ロゴ釦,茶ステッチライン,お洒落カプリパンツ,小さいサイズ,32号(7号*Ｓ相当)春夏,レディース,,,,,,,,,,,,
2025/04/14 12:34:19,,美品/ユキトリイ YUKI TORII フォーマルジャケット 9号 M 相当 白 ホワイト 艶感 無地 ステンカラー リボン 春 秋 アウター レディース,28600,0,0,0,美品,ユキトリイ,YUKI,TORII,フォーマルジャケット,9号,M,相当,白,ホワイト,艶感,無地,ステンカラー,リボン,春,秋,アウター,レディース,,,,,
2025/04/12 18:25:34,,M美品/フラジール FRAGILE 可憐フリル付きスカート 小さいサイズ 表記36号(7号/S相当) シルバーグレー 伸縮 春夏向け ボトムス レディース,6000,0,0,600,M美品,フラジール,FRAGILE,可憐フリル付きスカート,小さいサイズ,表記36号(7号,S相当),シルバーグレー,伸縮,春夏向け,ボトムス,レディース,,,,,,,,,,,
2025/04/12 17:47:04,,美品/ピサーノ PISANO ジュニアー プリーツスカート 表記 L 11号 相当 古着 黒 ブラック レディース 春 夏 ボトムス しわ感 透け感 薄手,10450,0,0,0,美品,ピサーノ,PISANO,ジュニアー,プリーツスカート,表記,L,11号,相当,古着,黒,ブラック,レディース,春,夏,ボトムス,しわ感,透け感,薄手,,,,
2025/04/12 15:44:42,,美品/レリアン Leilian フレアスカート 表記 11号 L 相当 黒 ブラック 毛 ウール 格子柄 ひざ丈 オフィス 春秋 ボトムス レディース,15400,0,0,0,美品,レリアン,Leilian,フレアスカート,表記,11号,L,相当,黒,ブラック,毛,ウール,格子柄,ひざ丈,オフィス,春秋,ボトムス,レディース,,,,,
2025/04/07 21:37:05,,美品/マーガレットハウエル MARGARET HOWELL フレアスカート 表記2号 M相当 ベージュ 綿 毛 シンプル ミモレ丈 春秋冬 ボトムス レディース,9020,0,0,600,美品,マーガレットハウエル,MARGARET,HOWELL,フレアスカート,表記2号,M相当,ベージュ,綿,毛,シンプル,ミモレ丈,春秋冬,ボトムス,レディース,,,,,,,,
2025/04/06 12:07:04,,M新品同様/イエーガー JAEGER ゆったりロングパンツ 小さいサイズ 表記W63 H91(7号/S相当) 黒/ブラック 麻混 春夏向 ボトムス レディース,5951,0,0,600,M新品同様,イエーガー,JAEGER,ゆったりロングパンツ,小さいサイズ,表記W63,H91(7号,S相当),黒,ブラック,麻混,春夏向,ボトムス,レディース,,,,,,,,,
2025/04/05 15:14:45,,M美品/ラルフローレンゴルフ RALPH LAUREN 優秀スコート 表記2号(身長160) 白/ホワイト ゴルフウエア 伸縮 春夏向け ボトムス レディース,5951,0,0,600,M美品,ラルフローレンゴルフ,RALPH,LAUREN,優秀スコート,表記2号(身長160),白,ホワイト,ゴルフウエア,伸縮,春夏向け,ボトムス,レディース,,,,,,,,,,
2025/04/05 14:58:10,,美品/アナイ ANAYI ワンピース 半袖ワンピース 表記38号 9号 Ｍ相当 古着 濃紺 ネイビー レディース 春 夏 秋 ノーカラー シンプル ひざ丈,14190,0,709,0,美品,アナイ,ANAYI,ワンピース,半袖ワンピース,表記38号,9号,Ｍ相当,古着,濃紺,ネイビー,レディース,春,夏,秋,ノーカラー,シンプル,ひざ丈,,,,,
2025/03/30 00:09:55,,美品/ベルソフィア Bell Sophia フォーマル ジャケット 大きいサイズ 表記13号 LL相当 シャンパンゴールド 総レース アウター レディース,22000,-1500,0,0,美品,ベルソフィア,Bell,Sophia,フォーマル,ジャケット,大きいサイズ,表記13号,LL相当,シャンパンゴールド,総レース,アウター,レディース,,,,,,,,,,
2025/03/29 14:19:39,,美品/B PLUS ブラウス スカート セットアップ 大きいサイズ 表記 17号 4L 相当 古着 シルバーグレー系 レディース 春 夏 ラメ 薄手 長袖,19800,0,0,0,美品,B,PLUS,ブラウス,スカート,セットアップ,大きいサイズ,表記,17号,4L,相当,古着,シルバーグレー系,レディース,春,夏,ラメ,薄手,長袖,,,,
2025/03/29 12:42:50,,M美品/KOJI WATANABE/コージワタナベ/淡ピンク/コットン/カットソー/トップス/M（9号/38号相当）/春夏/レディース,3960,0,0,600,M美品,KOJI,WATANABE,コージワタナベ,淡ピンク,コットン,カットソー,トップス,M（9号,38号相当）,春夏,レディース,,,,,,,,,,,
2025/03/28 07:17:05,,美品/グレープ横浜元町 grape ワイドパンツ 9号 M 11号 L 相当 グレー レディース 春 夏 秋 ボトムス 麻混 綿混 シンプル ゆったり ゴム,5500,0,0,600,美品,グレープ横浜元町,grape,ワイドパンツ,9号,M,11号,L,相当,グレー,レディース,春,夏,秋,ボトムス,麻混,綿混,シンプル,ゆったり,ゴム,,,
2025/03/26 17:08:53,,美品/ビースリー B3 デニムパンツ 表記 38号 11号 相当 白 ホワイト シンプル ストレッチ性 ロング丈 お出掛け 春 秋 ボトムス レディース,8800,-300,0,600,美品,ビースリー,B3,デニムパンツ,表記,38号,11号,相当,白,ホワイト,シンプル,ストレッチ性,ロング丈,お出掛け,春,秋,ボトムス,レディース,,,,,
2025/03/25 12:04:42,,美品/レキップ ヨシエイナバ L'EQUIPE YOSHIE INABA フレアスカート 40号 L 相当 茶 ブラウン レディース ボトムス 絹 綿 レース 薄手,11000,0,0,0,美品,レキップ,ヨシエイナバ,L'EQUIPE,YOSHIE,INABA,フレアスカート,40号,L,相当,茶,ブラウン,レディース,ボトムス,絹,綿,レース,薄手,,,,,
2025/03/22 16:50:55,,新品同様/ユキトリイ YUKI TORII イギン ブラックフォーマルワンピーススーツ 表記 9号 M 相当 黒 レディース 冠婚葬祭 喪服 セットアップ,33000,-2000,0,0,新品同様,ユキトリイ,YUKI,TORII,イギン,ブラックフォーマルワンピーススーツ,表記,9号,M,相当,黒,レディース,冠婚葬祭,喪服,セットアップ,,,,,,,,
2025/03/19 08:28:47,,Ａ新品同様/CELEB-MOI 大人なセットアップスーツ 表記M〜L(9号 11号相当) 黒/ブラック しわ感素材 繊細プリーツ モダンなデザイン 春夏向け,9801,0,0,600,Ａ新品同様,CELEB-MOI,大人なセットアップスーツ,表記M〜L(9号,11号相当),黒,ブラック,しわ感素材,繊細プリーツ,モダンなデザイン,春夏向け,,,,,,,,,,,,
2025/03/17 09:57:58,,美品/23区 テーラードジャケット 大きい 表記 50号 19号 5L 相当 グレー ストライプ柄 ロング丈 オフィス 通勤 アウター 春夏 レディース,18700,0,0,0,美品,23区,テーラードジャケット,大きい,表記,50号,19号,5L,相当,グレー,ストライプ柄,ロング丈,オフィス,通勤,アウター,春夏,レディース,,,,,,
2025/03/17 01:25:27,,Ａ新品/ OPPIO 美的タイトスカート 表記Ｍサイズ(9号相当) 黒/ブラック ニット素材 ウール100 オフィス 秋冬向け ボトムス,6300,0,0,600,Ａ新品,OPPIO,美的タイトスカート,表記Ｍサイズ(9号相当),黒,ブラック,ニット素材,ウール100,オフィス,秋冬向け,ボトムス,,,,,,,,,,,,
2025/03/14 10:55:36,,美品/デリススポーツ DELICE sport 東京スタイル ブラウス/スカートセットアップ 大きいサイズ 表記上19号 下17号 赤系 春夏向 レディース,8800,-2000,0,600,美品,デリススポーツ,DELICE,sport,東京スタイル,ブラウス,スカートセットアップ,大きいサイズ,表記上19号,下17号,赤系,春夏向,レディース,,,,,,,,,,
2025/03/14 10:47:17,,☆ボルボネーゼ♪キャメル*金釦♪美形ジャケット*大きいサイズ44,5200,-111,0,600,☆ボルボネーゼ♪キャメル*金釦♪美形ジャケット*大きいサイズ44,,,,,,,,,,,,,,,,,,,,,,
2025/03/12 07:54:04,,S【マークジェイコブス】美彩色*絹100％*透け感*華花柄スカート9,3800,0,0,600,S【マークジェイコブス】美彩色*絹100％*透け感*華花柄スカート9,,,,,,,,,,,,,,,,,,,,,,
2025/03/09 12:52:45,,新品同様/ソワールドルチェ SOIR DOLCE 東京ソワール フォーマルスカート 表記 11号 L 相当 黒 ブラック レディース 春 夏 単品 ロング,17050,-1705,0,0,新品同様,ソワールドルチェ,SOIR,DOLCE,東京ソワール,フォーマルスカート,表記,11号,L,相当,黒,ブラック,レディース,春,夏,単品,ロング,,,,,,
2025/03/07 12:29:20,,新品同様/ユキトリイ YUKI TORII ワンピース 表記 38号 9号 M 相当 古着 紺 ネイビー レディース 春 秋 5分袖 絹混 毛混 ジャガード 膝丈,22000,-2200,0,0,新品同様,ユキトリイ,YUKI,TORII,ワンピース,表記,38号,9号,M,相当,古着,紺,ネイビー,レディース,春,秋,5分袖,絹混,毛混,ジャガード,膝丈,,
2025/03/06 14:47:31,,A美品/ ロペ ROPE 大人なオーバーブラウス 表記38号(Mサイズ相当) 紺/ネイビー ウール素材 オフィス 秋冬向け トップス レディース,5480,0,0,600,A美品,ロペ,ROPE,大人なオーバーブラウス,表記38号(Mサイズ相当),紺,ネイビー,ウール素材,オフィス,秋冬向け,トップス,レディース,,,,,,,,,,,
2025/03/04 12:07:24,,Ａ新品/詩仙堂 ヒトシタムラ 高級ちりめんロングベスト (9号/M相当) 緑/グリーン モダンデザイン 春秋向け トップス レディース,22810,-2281,0,0,Ａ新品,詩仙堂,ヒトシタムラ,高級ちりめんロングベスト,(9号,M相当),緑,グリーン,モダンデザイン,春秋向け,トップス,レディース,,,,,,,,,,,
2025/03/03 23:45:58,,新品/ローラアシュレイ LAURA ASHLEY ジャージワンピース 表記 11号 L 相当 紺 ネイビー 花柄 Vネック 七分袖 お出掛け 春 夏 レディース,20900,0,0,0,新品,ローラアシュレイ,LAURA,ASHLEY,ジャージワンピース,表記,11号,L,相当,紺,ネイビー,花柄,Vネック,七分袖,お出掛け,春,夏,レディース,,,,,
2025/03/03 08:27:12,,新品同様/エルミダ EL MIDAS 優雅フォーマルジャケット 表記10号(11号相当) 紺 フロッキー風 煌ラメ ノーカラー 毛絹混 春秋冬 レディース,20570,-2057,0,0,新品同様,エルミダ,EL,MIDAS,優雅フォーマルジャケット,表記10号(11号相当),紺,フロッキー風,煌ラメ,ノーカラー,毛絹混,春秋冬,レディース,,,,,,,,,,
2025/03/02 21:15:39,,美品/セオリーリュクス theory luxe ベスト 表記 38号 M 相当 黒 ブラック レディース 春 秋 トップス 毛100 ウール vネック 薄手 前開き,7700,0,0,600,美品,セオリーリュクス,theory,luxe,ベスト,表記,38号,M,相当,黒,ブラック,レディース,春,秋,トップス,毛100,ウール,vネック,薄手,前開き,,,
2025/03/01 23:30:08,,美品/トランスワーク TRANS WORK スカートスーツ イタリア製生地 11号 13号 茶 ブラウン レディース 春 秋 2点セット 毛100 ウール 薄手,15840,0,0,0,美品,トランスワーク,TRANS,WORK,スカートスーツ,イタリア製生地,11号,13号,茶,ブラウン,レディース,春,秋,2点セット,毛100,ウール,薄手,,,,,,
2025/03/01 05:05:35,,美品/フラジール FRAGILE フレアスカート 表記 38号 9号 M 相当 白黒 レディース 春 夏 ボトムス 薄手 ひざ丈 ストレッチ ジャージ素材,6600,0,0,600,美品,フラジール,FRAGILE,フレアスカート,表記,38号,9号,M,相当,白黒,レディース,春,夏,ボトムス,薄手,ひざ丈,ストレッチ,ジャージ素材,,,,,
2025/02/28 12:41:22,,M美品/ラルフローレン RALPH LAUREN ウール100%ニット 表記L号(11号/40号相当) グレー 定番シンプル 伸縮 長袖 秋冬 トップス レディース,7000,0,0,600,M美品,ラルフローレン,RALPH,LAUREN,ウール100%ニット,表記L号(11号,40号相当),グレー,定番シンプル,伸縮,長袖,秋冬,トップス,レディース,,,,,,,,,
2025/02/27 21:42:24,,美品/ジャンフランコフェレ GIANFRANCO FERRE すらっと美脚パンツ 小さいサイズ表記38号(７/S相当) グレー 伊製 春夏 ボトムス レディース,6300,0,0,600,美品,ジャンフランコフェレ,GIANFRANCO,FERRE,すらっと美脚パンツ,小さいサイズ表記38号(７,S相当),グレー,伊製,春夏,ボトムス,レディース,,,,,,,,,,,
2025/02/27 10:17:15,,M美品/タルボット Talbots 花柄フレアスカート 絹シルク100% 大きいサイズ 表記12号(13号〜15号相当) 黒 赤 春夏向け ボトムス レディース,4990,0,0,600,M美品,タルボット,Talbots,花柄フレアスカート,絹シルク100%,大きいサイズ,表記12号(13号〜15号相当),黒,赤,春夏向け,ボトムス,レディース,,,,,,,,,,,
2025/02/26 18:54:15,,美品/ボディドレッシングデラックス BODY DRESSING Deluxe タイトスカート 小さい 36号 S 相当 黒 ブラック レディース 秋 冬 ボトムス,7700,0,0,600,美品,ボディドレッシングデラックス,BODY,DRESSING,Deluxe,タイトスカート,小さい,36号,S,相当,黒,ブラック,レディース,秋,冬,ボトムス,,,,,,,
2025/02/25 15:04:10,,美品/Ebegcnce ニットカーディガン リバーシブル 表記 L 11号 相当 古着 茶 ブラウン オレンジ レディース 秋 冬 トップス 毛100 ウール,7700,0,0,600,美品,Ebegcnce,ニットカーディガン,リバーシブル,表記,L,11号,相当,古着,茶,ブラウン,オレンジ,レディース,秋,冬,トップス,毛100,ウール,,,,,
2025/02/25 14:50:28,,M新品同様/ボンシリエ BON CILIE 優雅ベロアジャケット 表記9号(M相当) 黒 透け感 プリーツ 薄手 フリル ラメ 春秋 アウター レディース,24900,-1000,0,0,M新品同様,ボンシリエ,BON,CILIE,優雅ベロアジャケット,表記9号(M相当),黒,透け感,プリーツ,薄手,フリル,ラメ,春秋,アウター,レディース,,,,,,,,
2025/02/24 00:03:49,,H美品/INDIVI インディヴィ 極柔ウールジャケット 小さいサイズ表記38号(7号相当) 黒/ブラック アンゴラ混 秋冬向け アウター レディース,12900,0,0,0,H美品,INDIVI,インディヴィ,極柔ウールジャケット,小さいサイズ表記38号(7号相当),黒,ブラック,アンゴラ混,秋冬向け,アウター,レディース,,,,,,,,,,,,
2025/02/21 00:09:51,,新品同様*SACRAサクラ*ふっくらツイード風*斜めレジメ柄*お洒落スカート38/9,5480,0,0,600,新品同様*SACRAサクラ*ふっくらツイード風*斜めレジメ柄*お洒落スカート38,9,,,,,,,,,,,,,,,,,,,,,
2025/02/19 15:46:21,,美品/バレンザ VALENZA ロングパンツ ストレッチ 大きいサイズ 表記 42号 LL 相当 古着 黒 ブラック レディース 秋 冬 ボトムス ビジュー,8690,0,0,600,美品,バレンザ,VALENZA,ロングパンツ,ストレッチ,大きいサイズ,表記,42号,LL,相当,古着,黒,ブラック,レディース,秋,冬,ボトムス,ビジュー,,,,,
2025/02/17 13:46:44,,M美品*スコッチハウス*渋色*プリーツスカート♪小さいサイズ36/7,5600,0,0,600,M美品*スコッチハウス*渋色*プリーツスカート♪小さいサイズ36,7,,,,,,,,,,,,,,,,,,,,,
2025/02/13 14:28:04,,美品/ミスクロエ Miss Chloe タイトスカート ツイード 表記 40号 11号 L 相当 古着 紺 ネイビー レディース 秋 冬 ボトムス 毛100 ウール,9020,0,0,600,美品,ミスクロエ,Miss,Chloe,タイトスカート,ツイード,表記,40号,11号,L,相当,古着,紺,ネイビー,レディース,秋,冬,ボトムス,毛100,ウール,,,
2025/02/12 18:57:43,,美品/ペニーブラック PENNY BLACK テーラードジャケット イタリア製 表記 40号 11号 相当 黒 ブラック ウール 秋 冬 アウター レディース,14850,0,0,0,美品,ペニーブラック,PENNY,BLACK,テーラードジャケット,イタリア製,表記,40号,11号,相当,黒,ブラック,ウール,秋,冬,アウター,レディース,,,,,,
2025/02/11 19:16:07,,美品/マックスマーラ MaxMara ウィークエンド WEEKEND 大人な美形ニットワンピース (11号/L相当) 黒 白 モダンな美柄 お出掛け 春秋向け,23650,0,0,0,美品,マックスマーラ,MaxMara,ウィークエンド,WEEKEND,大人な美形ニットワンピース,(11号,L相当),黒,白,モダンな美柄,お出掛け,春秋向け,,,,,,,,,,
2025/02/08 01:21:37,,美品/東京ソワール RIFANNE 大人ノーカラージャケット 大きいサイズ 表記15号(3L相当) オレンジ 美形 金釦 春秋冬向け アウター レディース,28600,0,0,0,美品,東京ソワール,RIFANNE,大人ノーカラージャケット,大きいサイズ,表記15号(3L相当),オレンジ,美形,金釦,春秋冬向け,アウター,レディース,,,,,,,,,,,
2025/02/07 10:49:43,,美品/オンワード樫山 ワンピース 表記 M 9号 38号 相当 古着 グレー レディース 秋 冬 ノーカラー シンプル ミモレ丈 長袖 ストレッチ,13640,0,0,0,美品,オンワード樫山,ワンピース,表記,M,9号,38号,相当,古着,グレー,レディース,秋,冬,ノーカラー,シンプル,ミモレ丈,長袖,ストレッチ,,,,,
2025/02/02 09:39:22,,新品/ignimoh's ブラックフォーマルワンピーススーツ 表記11号(L相当) 黒/ブラック レース 冠婚葬祭 喪服 春夏秋 セットアップ レディース,19800,0,0,0,新品,ignimoh's,ブラックフォーマルワンピーススーツ,表記11号(L相当),黒,ブラック,レース,冠婚葬祭,喪服,春夏秋,セットアップ,レディース,,,,,,,,,,,
2025/02/01 11:14:15,,美品/アリュード ALLUDE ニット セーター 小さいサイズ 表記 XS 7号 相当 ピンク レディース 秋冬 トップス ゆったり ウール カシミヤ 極柔,8470,-500,0,600,美品,アリュード,ALLUDE,ニット,セーター,小さいサイズ,表記,XS,7号,相当,ピンク,レディース,秋冬,トップス,ゆったり,ウール,カシミヤ,極柔,,,,,
2025/02/01 03:33:51,,Ａ美品/レキップ ヨシエイナバ L'EQUIPE YOSHIE INABA 美形ウールジャケット 表記40号(11号/L相当) 茶/ブラウン 秋冬 アウター レディース,12900,0,0,0,Ａ美品,レキップ,ヨシエイナバ,L'EQUIPE,YOSHIE,INABA,美形ウールジャケット,表記40号(11号,L相当),茶,ブラウン,秋冬,アウター,レディース,,,,,,,,,
2025/01/31 23:00:05,,M美品/組曲 KUMIKYOKU ツイード素材パンツ 表記2号(9号/38号/M相当) こげ茶 絹シルク混 ゆったり感 伸縮 秋冬向け ボトムス レディース,5200,0,0,600,M美品,組曲,KUMIKYOKU,ツイード素材パンツ,表記2号(9号,38号,M相当),こげ茶,絹シルク混,ゆったり感,伸縮,秋冬向け,ボトムス,レディース,,,,,,,,,
2025/01/27 20:31:37,,美品/三年坂 コート ちりめんコート 表記フリー 大きいサイズ 15号 17号相当 グレー 比翼 シンプル ふっくら 秋 冬 アウター レディース,22000,0,0,0,美品,三年坂,コート,ちりめんコート,表記フリー,大きいサイズ,15号,17号相当,グレー,比翼,シンプル,ふっくら,秋,冬,アウター,レディース,,,,,,,
2025/01/27 18:31:53,,美品/エイディーアデンダ ad addenda ダウンコート 大きいサイズ 表記 13号 LL 相当 ココアブラウン レディース 秋 冬 アウター ダウン90%,18480,0,0,0,美品,エイディーアデンダ,ad,addenda,ダウンコート,大きいサイズ,表記,13号,LL,相当,ココアブラウン,レディース,秋,冬,アウター,ダウン90%,,,,,,,
2025/01/27 09:21:39,,美品/ダーマコレクション DAMA collection ワイドパンツ 9号 M 相当 黒 ブラック レディース 秋 冬 ボトムス ゆったり シンプル ミモレ丈,7150,-2000,0,600,美品,ダーマコレクション,DAMA,collection,ワイドパンツ,9号,M,相当,黒,ブラック,レディース,秋,冬,ボトムス,ゆったり,シンプル,ミモレ丈,,,,,,
2025/01/27 00:27:57,,美品/クリッツィア KRIZIA ノーカラージャケット 大きい 表記 42号 13号 相当 ベージュ 毛 ウール 無地 ロゴ釦 秋 冬 アウター レディース,22880,0,0,0,美品,クリッツィア,KRIZIA,ノーカラージャケット,大きい,表記,42号,13号,相当,ベージュ,毛,ウール,無地,ロゴ釦,秋,冬,アウター,レディース,,,,,
2025/01/27 00:22:47,,M美品/Bowbell ちぐさボーベル 美形ジャケット 大きいサイズ13号(42号/LL相当) ピンク ウール100 格子柄 クラシカル 秋冬向け レディース,16000,0,0,0,M美品,Bowbell,ちぐさボーベル,美形ジャケット,大きいサイズ13号(42号,LL相当),ピンク,ウール100,格子柄,クラシカル,秋冬向け,レディース,,,,,,,,,,,
2025/01/26 11:24:07,,A美品/ 自由区 お洒落なワンピース 表記38号(9号相当) 黒/ブラック 艶感 麻リネン混 ミリタリー調デザイン 春夏向け レディース,5500,0,0,600,A美品,自由区,お洒落なワンピース,表記38号(9号相当),黒,ブラック,艶感,麻リネン混,ミリタリー調デザイン,春夏向け,レディース,,,,,,,,,,,,
2025/01/25 23:23:16,,A美品/ コントワーデコトニエ COMPTOIR DES COTONNIERS フレアスカート 表記38号(9号/M相当) 茶/ブラウン 麻リネン100％ 春夏 ボトムス,5500,-500,0,600,A美品,コントワーデコトニエ,COMPTOIR,DES,COTONNIERS,フレアスカート,表記38号(9号,M相当),茶,ブラウン,麻リネン100％,春夏,ボトムス,,,,,,,,,,
2025/01/20 00:24:58,,A新品同様/ダジュール D'azur 大人フレアスカート (11号/Lサイズ相当) 黒 ブラック プリーツデザイン 高級ベロア素材 秋冬 ボトムス,9801,0,0,600,A新品同様,ダジュール,D'azur,大人フレアスカート,(11号,Lサイズ相当),黒,ブラック,プリーツデザイン,高級ベロア素材,秋冬,ボトムス,,,,,,,,,,,
2025/01/19 09:19:12,,美品/ハロッズ Harrods ポンチョコート 表記 2号 9号 M 相当 古着 ベージュ レディース 秋 冬 アウター アンゴラ 毛 ウール 羽織り 可愛い,11000,0,0,0,美品,ハロッズ,Harrods,ポンチョコート,表記,2号,9号,M,相当,古着,ベージュ,レディース,秋,冬,アウター,アンゴラ,毛,ウール,羽織り,可愛い,,,
2025/01/17 22:19:24,,S美品【ヒロココシノ】濃茶*伸縮♪美ドレープ♪美的チュニック9,6199,0,0,600,S美品【ヒロココシノ】濃茶*伸縮♪美ドレープ♪美的チュニック9,,,,,,,,,,,,,,,,,,,,,,
2025/01/16 21:59:03,,Ａ新品同様/チヴィディーニ CIVIDINI タートルニットワンピース 極柔カシミヤ 表記42号(9号/Ｍ相当) グレー ベージュ 大人モダン柄 秋冬,24900,0,0,0,Ａ新品同様,チヴィディーニ,CIVIDINI,タートルニットワンピース,極柔カシミヤ,表記42号(9号,Ｍ相当),グレー,ベージュ,大人モダン柄,秋冬,,,,,,,,,,,,
2025/01/15 08:46:54,,新品同様/ヒロコビス HIROKO BIS ベスト 表記 11号 L 相当 茶 こげ茶 立体格子柄 薄手 伸縮 前開き ハーフ丈 春秋 トップス レディース,13750,0,0,0,新品同様,ヒロコビス,HIROKO,BIS,ベスト,表記,11号,L,相当,茶,こげ茶,立体格子柄,薄手,伸縮,前開き,ハーフ丈,春秋,トップス,レディース,,,,
2025/01/15 07:27:21,,セール★美品*ZARAサラ*茶*フェイクレザー*異素材ワンピース*小さいサイズS/7,4210,0,0,0,セール★美品*ZARAサラ*茶*フェイクレザー*異素材ワンピース*小さいサイズS,7,,,,,,,,,,,,,,,,,,,,,
2025/01/13 18:20:47,,新品同様/ランバンノワール LANVIN NOIR ブラックフォーマルワンピーススーツ 表記 40号 L 11号 相当 黒 レディース 冠婚葬祭 サテン,38170,-1500,0,0,新品同様,ランバンノワール,LANVIN,NOIR,ブラックフォーマルワンピーススーツ,表記,40号,L,11号,相当,黒,レディース,冠婚葬祭,サテン,,,,,,,,,
2025/01/09 16:33:07,,美品/ボナジョルナータ BUONA GIORNATA ニットチュニック 表記 F 9号〜11号 相当 赤 レッド ノルディック柄 秋冬 トップス レディース,11000,0,0,0,美品,ボナジョルナータ,BUONA,GIORNATA,ニットチュニック,表記,F,9号〜11号,相当,赤,レッド,ノルディック柄,秋冬,トップス,レディース,,,,,,,,
2025/01/06 22:15:47,,H美品/ニューヨーカー NEW YORKER 美形大人スカート 表記9号(Mサイズ相当) 水色 春夏向け 綿混 お出掛け ランチ会 ボトムス レディース,4990,0,0,600,H美品,ニューヨーカー,NEW,YORKER,美形大人スカート,表記9号(Mサイズ相当),水色,春夏向け,綿混,お出掛け,ランチ会,ボトムス,レディース,,,,,,,,,,
2025/01/03 11:48:44,,M新品同様/ローラアシュレイ LAURA ASHLEY ふっくらニット 小さいサイズ 表記S号(7号相当) ベージュ 毛&絹素材 秋冬向 トップス レディース,6210,0,0,600,M新品同様,ローラアシュレイ,LAURA,ASHLEY,ふっくらニット,小さいサイズ,表記S号(7号相当),ベージュ,毛&絹素材,秋冬向,トップス,レディース,,,,,,,,,,,
2025/01/02 00:25:03,,美品/ビースリー B3 美脚デニムパンツ 表記38号(9号相当) 黒/ブラック ロゴ釦 ストレッチ性 お出掛け 春秋 ボトムス レディース,7700,0,0,600,美品,ビースリー,B3,美脚デニムパンツ,表記38号(9号相当),黒,ブラック,ロゴ釦,ストレッチ性,お出掛け,春秋,ボトムス,レディース,,,,,,,,,,
2025/01/01 21:54:26,,A美品*Lilidia*リリディア*黒*リブ編み*ふっくらニットワンピース*小さいサイズ1/7,6985,0,0,600,A美品*Lilidia*リリディア*黒*リブ編み*ふっくらニットワンピース*小さいサイズ1,7,,,,,,,,,,,,,,,,,,,,,
2025/01/01 20:48:57,,美品/インディヴィ INDIVI 令嬢ワンピース 表記38号(9号/M相当) 茶/ブラウン 繊細ツイード素材 毛ウール混 2分袖 秋冬向け レディース,15180,0,0,0,美品,インディヴィ,INDIVI,令嬢ワンピース,表記38号(9号,M相当),茶,ブラウン,繊細ツイード素材,毛ウール混,2分袖,秋冬向け,レディース,,,,,,,,,,
2025/01/01 10:55:10,,美品/フェミニン Feminine 東京ブラウス カットソー 総レース 9号 M 相当 古着 ピンク レディース 春 夏 トップス 長袖 透け感 エレガント,8800,0,0,600,美品,フェミニン,Feminine,東京ブラウス,カットソー,総レース,9号,M,相当,古着,ピンク,レディース,春,夏,トップス,長袖,透け感,エレガント,,,,,
2024/12/28 10:53:13,,美品/伊太利屋 GK クラシカルスカートスーツ 表記11号(40号/L相当) 茶/ブラウン ベージュ 絹刺繍 半袖 春夏向け セットアップ レディース,18920,0,0,0,美品,伊太利屋,GK,クラシカルスカートスーツ,表記11号(40号,L相当),茶,ブラウン,ベージュ,絹刺繍,半袖,春夏向け,セットアップ,レディース,,,,,,,,,
2024/12/27 16:14:37,,美品/ハーレー Harley ふっくらウールニット スコットランド製 大きいサイズ 表記38号(13号/LL相当) グレー ウール100％ トップス 秋冬向け,13200,0,0,0,美品,ハーレー,Harley,ふっくらウールニット,スコットランド製,大きいサイズ,表記38号(13号,LL相当),グレー,ウール100％,トップス,秋冬向け,,,,,,,,,,,
2024/12/26 19:13:16,,美品/伊太利屋 GK 変形デザインコート 表記9号(38号/M相当) グレー 毛ウール100% 銀スタッズ ジップアップ 秋冬向け アウター レディース,19800,0,0,0,美品,伊太利屋,GK,変形デザインコート,表記9号(38号,M相当),グレー,毛ウール100%,銀スタッズ,ジップアップ,秋冬向け,アウター,レディース,,,,,,,,,,
2024/12/25 20:34:11,,M美品/伊太利屋 GK 優雅スカートスーツ 表記11号(40号/L相当) 黒/ブラック 艶感 ジャガード織り 半袖 薄手 春夏向 セットアップ レディース,24900,0,0,0,M美品,伊太利屋,GK,優雅スカートスーツ,表記11号(40号,L相当),黒,ブラック,艶感,ジャガード織り,半袖,薄手,春夏向,セットアップ,レディース,,,,,,,,
2024/12/25 07:52:01,,A新品同様*PINORE*ピノーレ*黒*美脚ストレッチパンツ40/11,5500,0,0,600,A新品同様*PINORE*ピノーレ*黒*美脚ストレッチパンツ40,11,,,,,,,,,,,,,,,,,,,,,
2024/12/23 20:41:44,,美品/アナイ ANAYI 上品ツイードスカート 小さいサイズ 表記36号(7号/S相当) ベージュ系 綿コットン素材 春秋向け ボトムス レディース,4950,0,0,0,美品,アナイ,ANAYI,上品ツイードスカート,小さいサイズ,表記36号(7号,S相当),ベージュ系,綿コットン素材,春秋向け,ボトムス,レディース,,,,,,,,,,,
2024/12/22 13:43:32,,レキシオネオ LexioNeo 韓国 ボードゲーム 牌ボードゲーム 麻雀 ポーカー 大富豪 Lexio レキシオ レキシオプラス アナログゲーム 送料無料 パーティー 2〜5人,12001,0,545,0,レキシオネオ,LexioNeo,韓国,ボードゲーム,牌ボードゲーム,麻雀,ポーカー,大富豪,Lexio,レキシオ,レキシオプラス,アナログゲーム,送料無料,パーティー,2〜5人,,,,,,,,
2024/12/22 06:00:38,,美品/CELEB MOI タートルニット セーター カシミヤ100 表記 M L 9号 11号 相当 茶 ブラウン レディース 秋冬 トップス 長袖 タートルネック,7040,0,0,600,美品,CELEB,MOI,タートルニット,セーター,カシミヤ100,表記,M,L,9号,11号,相当,茶,ブラウン,レディース,秋冬,トップス,長袖,タートルネック,,,,
2024/12/21 07:17:50,,美品/ドゥクラッセ DoCLASSE チェスターコート 表記 11号 40号 相当 古着 黒 ブラック レディース 春 秋 冬 アウター 通勤 張り感 シンプル,16720,-836,0,0,美品,ドゥクラッセ,DoCLASSE,チェスターコート,表記,11号,40号,相当,古着,黒,ブラック,レディース,春,秋,冬,アウター,通勤,張り感,シンプル,,,,
2024/12/20 21:52:32,,Ａ美品/ニューヨーカー NEWYORKER お洒落なワンピーススーツ 表記9号(38号相当) 黒/ブラック ドット柄デザイン 春夏 レディース,12900,0,0,0,Ａ美品,ニューヨーカー,NEWYORKER,お洒落なワンピーススーツ,表記9号(38号相当),黒,ブラック,ドット柄デザイン,春夏,レディース,,,,,,,,,,,,,
2024/12/20 12:47:51,,H美品/23区 極暖ウール100%コート 表記46号(11号Lサイズ相当) ベージュ/茶/ブラウン 秋冬向け お出掛け 謝恩会 女子会 アウター レディース,9801,0,0,600,H美品,23区,極暖ウール100%コート,表記46号(11号Lサイズ相当),ベージュ,茶,ブラウン,秋冬向け,お出掛け,謝恩会,女子会,アウター,レディース,,,,,,,,,,
2024/12/19 13:43:27,,美品/スキャパ SCAPA チュニック 大きい 表記 42号 13号 相当 茶 ブラウン 毛 ウール ボタニカル柄 お出掛け 春夏 トップス レディース,9350,-935,0,600,美品,スキャパ,SCAPA,チュニック,大きい,表記,42号,13号,相当,茶,ブラウン,毛,ウール,ボタニカル柄,お出掛け,春夏,トップス,レディース,,,,,
2024/12/19 07:08:31,,美品/群言堂 石見銀山 大人な美形コート 大きいサイズ (15号〜17号相当) グレー 斜めライン柄 お出掛け 春秋向け アウター レディース,26950,0,0,0,美品,群言堂,石見銀山,大人な美形コート,大きいサイズ,(15号〜17号相当),グレー,斜めライン柄,お出掛け,春秋向け,アウター,レディース,,,,,,,,,,,
2024/12/17 10:05:11,,美品/マニフェストMANIFEST 極柔カシミア100%半袖ニット 表記Lサイズ(11号相当) キャメル 秋冬向け お出かけ トップス レディース,4950,0,0,0,美品,マニフェストMANIFEST,極柔カシミア100%半袖ニット,表記Lサイズ(11号相当),キャメル,秋冬向け,お出かけ,トップス,レディース,,,,,,,,,,,,,,
2024/12/17 10:05:11,,M美品/your impressive 極柔カシミヤ100%ニット 表記L号(11号/40号相当) カーキ 大人渋色 半袖 ハイネック 秋冬 トップス レディース,5300,0,0,0,M美品,your,impressive,極柔カシミヤ100%ニット,表記L号(11号,40号相当),カーキ,大人渋色,半袖,ハイネック,秋冬,トップス,レディース,,,,,,,,,,
2024/12/17 10:00:18,,H美品/PINORE ピノーレ ゆったり大人チュニックニット 表記11E号(Lサイズ相当) 黒/ブラック 春秋冬向け ウール100％ トップス レディース,5500,0,0,600,H美品,PINORE,ピノーレ,ゆったり大人チュニックニット,表記11E号(Lサイズ相当),黒,ブラック,春秋冬向け,ウール100％,トップス,レディース,,,,,,,,,,,,
2024/12/16 08:51:18,,H新品同様/ジャンニロジュディチェ GIANNI LO GIUDICE ふんわりコート 大きめ表記42号(13号LLサイズ相当) 茶 秋冬向け アウター レディース,16900,0,0,0,H新品同様,ジャンニロジュディチェ,GIANNI,LO,GIUDICE,ふんわりコート,大きめ表記42号(13号LLサイズ相当),茶,秋冬向け,アウター,レディース,,,,,,,,,,,,
2024/12/14 15:38:46,,M美品*カールラガーフェルド/KARL LAGERFELD*黒*美的スカート*38/9,4995,0,0,600,M美品*カールラガーフェルド,KARL,LAGERFELD*黒*美的スカート*38,9,,,,,,,,,,,,,,,,,,,
2024/12/13 08:21:48,,A美品/アクアスキュータム Aquascutum お洒落ラップ風スカート 小さいサイズ 表記9号(7号/S相当) 茶 チェック柄 ウール100％ 秋冬 ボトムス,9799,-111,0,600,A美品,アクアスキュータム,Aquascutum,お洒落ラップ風スカート,小さいサイズ,表記9号(7号,S相当),茶,チェック柄,ウール100％,秋冬,ボトムス,,,,,,,,,,,
2024/12/08 19:50:22,,A新品同様/H＆M/エイチ＆エム/茶/ダブルボタン/暖か美形コート/40号(11号*L相当)秋冬/レディース,5500,0,0,600,A新品同様,H＆M,エイチ＆エム,茶,ダブルボタン,暖か美形コート,40号(11号*L相当)秋冬,レディース,,,,,,,,,,,,,,,
2024/12/08 11:58:01,,美品/ノーマカマリ NORMA KAMALI スカートスーツ 表記M 9号相当 ボルドー 2点セット ベロア シンプル 艶感 秋 冬 セットアップ レディース,15730,0,0,0,美品,ノーマカマリ,NORMA,KAMALI,スカートスーツ,表記M,9号相当,ボルドー,2点セット,ベロア,シンプル,艶感,秋,冬,セットアップ,レディース,,,,,,,
2024/12/08 10:33:38,,美品/東京ソワール SOIR DOLCE 美艶ベロアスカート 膝丈 大きいサイズ 表記13号(LL相当) 黒/ブラック 秋冬向け ボトムス レディース,11000,0,0,0,美品,東京ソワール,SOIR,DOLCE,美艶ベロアスカート,膝丈,大きいサイズ,表記13号(LL相当),黒,ブラック,秋冬向け,ボトムス,レディース,,,,,,,,,,
2024/12/05 12:59:28,,M美品/高級ちりめんスカートスーツ 大きいサイズ 表記13号(42号/LL相当) 黒/ブラック 和柄デザイン ノーカラー 長袖 春秋向け レディース,15800,0,0,0,M美品,高級ちりめんスカートスーツ,大きいサイズ,表記13号(42号,LL相当),黒,ブラック,和柄デザイン,ノーカラー,長袖,春秋向け,レディース,,,,,,,,,,,
2024/12/05 10:37:15,,美品/マカフィー MACPHEE タイトスカート 小さいサイズ 36号 S 相当 茶 ブラウン レディース 秋 冬 ボトムス コーデュロイ 綿100 コットン,7920,0,0,600,美品,マカフィー,MACPHEE,タイトスカート,小さいサイズ,36号,S,相当,茶,ブラウン,レディース,秋,冬,ボトムス,コーデュロイ,綿100,コットン,,,,,,
2024/12/02 23:21:09,,美品/23区 フレアスカート スカート 小さいサイズ 表記34号 7号 S相当 茶 ブラウン 毛100 ウール ふっくら 膝丈 秋 冬 ボトムス レディース,6270,0,0,600,美品,23区,フレアスカート,スカート,小さいサイズ,表記34号,7号,S相当,茶,ブラウン,毛100,ウール,ふっくら,膝丈,秋,冬,ボトムス,レディース,,,,,
2024/12/01 16:42:54,,新品同様/カーラ Cara お洒落ツイードフリンジジャケット Lサイズ(11号相当) 黒/ブラック/ピンク 秋冬向け 食事会 アウター レディース,20900,-2000,0,0,新品同様,カーラ,Cara,お洒落ツイードフリンジジャケット,Lサイズ(11号相当),黒,ブラック,ピンク,秋冬向け,食事会,アウター,レディース,,,,,,,,,,,
2024/11/30 19:33:07,,H美品/ FRAGILE フラジール 極柔ニット セーター 表記38号(Mサイズ相当) 白/オフホワイト 春秋冬向け イタリア製糸混 トップス レディース,5500,0,0,600,H美品,FRAGILE,フラジール,極柔ニット,セーター,表記38号(Mサイズ相当),白,オフホワイト,春秋冬向け,イタリア製糸混,トップス,レディース,,,,,,,,,,,
2024/11/30 18:00:30,,A新品同様*組曲*茶*美揺れプリーツスカート3/11,5000,0,0,600,A新品同様*組曲*茶*美揺れプリーツスカート3,11,,,,,,,,,,,,,,,,,,,,,
2024/11/25 21:53:32,,美品/ソニアリキエル SONIA RYKIEL ニットチュニック イタリア製 表記 42号 13号 相当 古着 黒 ブラック レディース 秋 冬 トップス 長袖,8800,0,0,600,美品,ソニアリキエル,SONIA,RYKIEL,ニットチュニック,イタリア製,表記,42号,13号,相当,古着,黒,ブラック,レディース,秋,冬,トップス,長袖,,,,,
2024/11/24 23:46:12,,新品同様/インゲボルグ INGEBORG ピンクハウス ラップスカート ロング 9号 M 相当 茶 レディース 秋 冬 ボトムス 毛100 ウール チェック柄,13970,-699,0,0,新品同様,インゲボルグ,INGEBORG,ピンクハウス,ラップスカート,ロング,9号,M,相当,茶,レディース,秋,冬,ボトムス,毛100,ウール,チェック柄,,,,,,
2024/11/21 07:38:08,,A美品*リフレクト*黒*5段フリル♪ふっくら美形スカート9,6800,-2000,0,600,A美品*リフレクト*黒*5段フリル♪ふっくら美形スカート9,,,,,,,,,,,,,,,,,,,,,,
2024/11/20 19:02:25,,美品/アンタイトル UNTITLED フレアスカート 台形 小さい 表記 1号 S 相当 黒 ブラック レディース 秋 冬 ボトムス 千鳥格子柄 毛混 膝丈,10450,0,0,0,美品,アンタイトル,UNTITLED,フレアスカート,台形,小さい,表記,1号,S,相当,黒,ブラック,レディース,秋,冬,ボトムス,千鳥格子柄,毛混,膝丈,,,,
2024/11/18 17:53:16,,美品/フェンディ FENDI レザースカート イタリア製 表記 I42号 9号 相当 茶 ブラウン 本革 タイト ヴィンテージ 秋 冬 ボトムス レディース,30800,0,0,0,美品,フェンディ,FENDI,レザースカート,イタリア製,表記,I42号,9号,相当,茶,ブラウン,本革,タイト,ヴィンテージ,秋,冬,ボトムス,レディース,,,,,
2024/11/18 16:39:22,,A美品/ズッカ zucca ゆったりウールジャケット 小さいサイズ 表記S(7号相当) 黒/ブラック お出掛け 秋冬向け アウター レディース,17210,0,0,0,A美品,ズッカ,zucca,ゆったりウールジャケット,小さいサイズ,表記S(7号相当),黒,ブラック,お出掛け,秋冬向け,アウター,レディース,,,,,,,,,,,
2024/11/17 12:38:28,,美品/ラピーヌ LAPINE フレアスカート ロングスカート ジャガード 大きいサイズ 表記 44号 15号 相当 ベージュ レディース 春 秋 ボトムス,7700,0,0,600,美品,ラピーヌ,LAPINE,フレアスカート,ロングスカート,ジャガード,大きいサイズ,表記,44号,15号,相当,ベージュ,レディース,春,秋,ボトムス,,,,,,,
2024/11/14 12:33:33,,M美品/リフレクト Reflect ウール系ツイードスカート 大きいサイズ42号(13号/LL相当) 茶/ブラウン ベージュ ラメ 秋冬 ボトムス レディース,5480,0,0,600,M美品,リフレクト,Reflect,ウール系ツイードスカート,大きいサイズ42号(13号,LL相当),茶,ブラウン,ベージュ,ラメ,秋冬,ボトムス,レディース,,,,,,,,,,
2024/11/13 09:31:50,,M美品/ランズエンド LANDS'END 極柔カシミヤ100% ふっくらニット 表記L(11号/40号相当) グレー シンプル 長袖 秋冬向 トップス レディース,8900,0,0,600,M美品,ランズエンド,LANDS'END,極柔カシミヤ100%,ふっくらニット,表記L(11号,40号相当),グレー,シンプル,長袖,秋冬向,トップス,レディース,,,,,,,,,,
2024/11/08 19:25:50,,美品/東京ソワール TOKYO SOIR ブラックフォーマルスカートスーツ 3点セット 表記 11号 L 相当 黒 ブラック 冠婚葬祭 喪服 レディース,31130,-2000,0,0,美品,東京ソワール,TOKYO,SOIR,ブラックフォーマルスカートスーツ,3点セット,表記,11号,L,相当,黒,ブラック,冠婚葬祭,喪服,レディース,,,,,,,,
2024/11/07 22:57:24,,H新品同様/23区 異素材ドット柄タイトスカート 表記40号(11号Lサイズ相当) 黒/ブラック 秋冬向け フロッキー加工 ラメ ボトムス レディース,5951,0,0,600,H新品同様,23区,異素材ドット柄タイトスカート,表記40号(11号Lサイズ相当),黒,ブラック,秋冬向け,フロッキー加工,ラメ,ボトムス,レディース,,,,,,,,,,,,
2024/11/06 23:01:20,,A新品同様/アンタイトル UNTITLED 優秀ハーフパンツ 2号(9号/38号相当) グレー チェック柄 耀きラメ 秋冬向け ボトムス レディース,5500,-550,0,600,A新品同様,アンタイトル,UNTITLED,優秀ハーフパンツ,2号(9号,38号相当),グレー,チェック柄,耀きラメ,秋冬向け,ボトムス,レディース,,,,,,,,,,,
2024/11/03 15:46:15,,M美品/マックスコー MAX&CO マックスマーラ 美形テーラードジャケット イタリア製 7号/S相当 茶/ブラウン 毛素材 秋冬 アウター レディース,17300,0,0,0,M美品,マックスコー,MAX&CO,マックスマーラ,美形テーラードジャケット,イタリア製,7号,S相当,茶,ブラウン,毛素材,秋冬,アウター,レディース,,,,,,,,,
2024/11/03 08:18:01,,Ａ美品/セオリー theory お洒落なツイードジャケット 表記2号(9号/Mサイズ相当) 茶色/ブラウン ミリタリー風 春秋向け アウター,16000,0,0,0,Ａ美品,セオリー,theory,お洒落なツイードジャケット,表記2号(9号,Mサイズ相当),茶色,ブラウン,ミリタリー風,春秋向け,アウター,,,,,,,,,,,,
2024/11/03 01:39:04,,美品/ラルフローレン RALPH LAUREN ロングチェスターコート 表記11号(40号/L相当) ベージュ 毛ウール混 秋冬向け アウター レディース,30800,0,0,0,美品,ラルフローレン,RALPH,LAUREN,ロングチェスターコート,表記11号(40号,L相当),ベージュ,毛ウール混,秋冬向け,アウター,レディース,,,,,,,,,,,
2024/11/01 02:44:07,,新品同様/グレープ横浜元町 grape フレアスカート ロングスカート 9号 M 38号 相当 グレー レディース 春 秋 ボトムス シンプル ストレッチ,7700,0,0,600,新品同様,グレープ横浜元町,grape,フレアスカート,ロングスカート,9号,M,38号,相当,グレー,レディース,春,秋,ボトムス,シンプル,ストレッチ,,,,,,,
2024/10/29 19:59:04,,新品同様/アリスバーリー Aylesbury お洒落トレンチコート 大きいサイズ 表記LL(13号相当) 薄緑/グリーン 春秋向け アウター レディース,19800,0,0,0,新品同様,アリスバーリー,Aylesbury,お洒落トレンチコート,大きいサイズ,表記LL(13号相当),薄緑,グリーン,春秋向け,アウター,レディース,,,,,,,,,,,,
2024/10/28 23:35:42,,M美品/ザラ ZARA 圧縮ウール素材スカート 表記M(9号/38号相当) グレー スリット入り シンプルデザイン タイト 秋冬向 ボトムス レディース,5951,0,0,600,M美品,ザラ,ZARA,圧縮ウール素材スカート,表記M(9号,38号相当),グレー,スリット入り,シンプルデザイン,タイト,秋冬向,ボトムス,レディース,,,,,,,,,,
2024/10/27 22:18:48,,M美品/グレード GRADE ふっくら暖かダウンコート/ジャケット 大きいサイズ 表記17号(46号/4L相当) 黒/ブラック 秋冬向 アウター レディース,17210,0,0,0,M美品,グレード,GRADE,ふっくら暖かダウンコート,ジャケット,大きいサイズ,表記17号(46号,4L相当),黒,ブラック,秋冬向,アウター,レディース,,,,,,,,,,
2024/10/26 22:31:43,,M新品同様/J.プレス J PRESS 美編みショート丈ニット 表記M(9号/38号相当) グレー 柔ウール100% トナカイ柄 秋冬向け トップス レディース,4210,0,0,0,M新品同様,J.プレス,J,PRESS,美編みショート丈ニット,表記M(9号,38号相当),グレー,柔ウール100%,トナカイ柄,秋冬向け,トップス,レディース,,,,,,,,,,
2024/10/26 22:28:30,,美品/23区 ニット アンサンブル 表記 38号 9号 M 相当 黒 ブラック レディース 春 夏 秋 冬 長袖 半袖 毛混 ウール ラメ カーディガン 丸首,7920,0,0,600,美品,23区,ニット,アンサンブル,表記,38号,9号,M,相当,黒,ブラック,レディース,春,夏,秋,冬,長袖,半袖,毛混,ウール,ラメ,カーディガン,丸首
2024/10/24 13:51:16,,A美品/HILFIGER DENIM ヒルフィガーデニム ジップアップニットジャケット 小さいサイズ XSサイズ(5号/32号相当)カシミヤ混 グレー 秋冬向け,6210,0,0,600,A美品,HILFIGER,DENIM,ヒルフィガーデニム,ジップアップニットジャケット,小さいサイズ,XSサイズ(5号,32号相当)カシミヤ混,グレー,秋冬向け,,,,,,,,,,,,,
2024/10/23 18:41:27,,美品/アニエスベー ADRIEN BEAU agnes b スラックスパンツ フランス製 表記 38号 9号 相当 グレー 羊毛 ウール 秋冬 ボトムス レディース,13200,0,0,0,美品,アニエスベー,ADRIEN,BEAU,agnes,b,スラックスパンツ,フランス製,表記,38号,9号,相当,グレー,羊毛,ウール,秋冬,ボトムス,レディース,,,,,
2024/10/20 23:33:40,,Ａ美品/バーバリー BURBERRYS お洒落セットアップ イタリア製生地 小さいサイズ 表記9号(7号相当) 緑/グリーン チェック柄 春夏 レディース,24900,0,0,0,Ａ美品,バーバリー,BURBERRYS,お洒落セットアップ,イタリア製生地,小さいサイズ,表記9号(7号相当),緑,グリーン,チェック柄,春夏,レディース,,,,,,,,,,,
2024/10/20 16:27:02,,美品/プラステ PLST セオリー ニットワンピース 表記 M 9号 相当 紺 ネイビー Vネック シンプル 無地 オフィス お出掛け 春秋 レディース,14520,0,0,0,美品,プラステ,PLST,セオリー,ニットワンピース,表記,M,9号,相当,紺,ネイビー,Vネック,シンプル,無地,オフィス,お出掛け,春秋,レディース,,,,,
2024/10/19 09:37:43,,M美品/シャミー Chamois 羽織系ニットカーディガン 表記F(9号/11号/大きいサイズ13号相当) 黒 7分袖 刺繍 毛100% 秋冬 トップス レディース,12800,0,0,0,M美品,シャミー,Chamois,羽織系ニットカーディガン,表記F(9号,11号,大きいサイズ13号相当),黒,7分袖,刺繍,毛100%,秋冬,トップス,レディース,,,,,,,,,
2024/10/14 21:35:01,,A新品同様/ ギャルリーヴィー GALERIE VIE 爽やかなブラウス (9号/M相当) 青/ブルー ピンストライプ柄 春夏秋向け トップス レディース,5500,0,0,600,A新品同様,ギャルリーヴィー,GALERIE,VIE,爽やかなブラウス,(9号,M相当),青,ブルー,ピンストライプ柄,春夏秋向け,トップス,レディース,,,,,,,,,,
2024/10/13 01:39:55,,M美*ザラZARA KNIT♪紺白*フード裏ボア*ざっくり暖ニットベストM,5300,0,0,600,M美*ザラZARA,KNIT♪紺白*フード裏ボア*ざっくり暖ニットベストM,,,,,,,,,,,,,,,,,,,,,
2024/10/12 16:58:27,,H美品/Pierre cardin ピエールカルダン 美彩ふっくらニットコート 表記M(9~11号相当) 紫 ウール混 秋冬向け チェック アウター レディース,24900,0,0,0,H美品,Pierre,cardin,ピエールカルダン,美彩ふっくらニットコート,表記M(9~11号相当),紫,ウール混,秋冬向け,チェック,アウター,レディース,,,,,,,,,,,
2024/10/05 18:34:13,,美品/レリアン Leilian シャツブラウス ジャケット 表記11号 L相当 古着 オフホワイト 白系 レディース 薄手 春夏 トップス 7分袖 ゆったり,22000,-1500,0,0,美品,レリアン,Leilian,シャツブラウス,ジャケット,表記11号,L相当,古着,オフホワイト,白系,レディース,薄手,春夏,トップス,7分袖,ゆったり,,,,,,,
2024/10/05 17:14:16,,新品同様/イギン BILL BLASS シフォン素材ワンピース 大きいサイズ 表記15号(3L相当) 黒/ブラック ロング丈 袖フリル 春夏向け レディース,23100,-1500,0,0,新品同様,イギン,BILL,BLASS,シフォン素材ワンピース,大きいサイズ,表記15号(3L相当),黒,ブラック,ロング丈,袖フリル,春夏向け,レディース,,,,,,,,,,
2024/10/05 00:04:22,,新品同様/トゥーシー TWO:C ワンピース 表記 40号 11号 L 相当 古着 黒 ブラック レディース 春 夏 半袖 膝丈 ひざ丈 ノーカラー シンプル,11000,-2000,0,0,新品同様,トゥーシー,TWO:C,ワンピース,表記,40号,11号,L,相当,古着,黒,ブラック,レディース,春,夏,半袖,膝丈,ひざ丈,ノーカラー,シンプル,,,
2024/09/30 12:17:48,,美品/ヤッコマリカルド YACCO MARICARD チュニック 大きい 表記 N 13号 15号 相当 緑 グリーン ピンタック 春 秋 トップス レディース,19030,0,0,0,美品,ヤッコマリカルド,YACCO,MARICARD,チュニック,大きい,表記,N,13号,15号,相当,緑,グリーン,ピンタック,春,秋,トップス,レディース,,,,,
2024/09/30 12:17:48,,美品/ヤッコマリカルド YACCO MARICARD コットンブラウス 11号 13号 相当 黒 ブラック 綿 ボーダー柄 おしゃれ 春 夏 トップス レディース,18480,0,0,0,美品,ヤッコマリカルド,YACCO,MARICARD,コットンブラウス,11号,13号,相当,黒,ブラック,綿,ボーダー柄,おしゃれ,春,夏,トップス,レディース,,,,,,
2024/09/30 02:53:43,,美品/ガウディ GAUDI スキニーパンツ 小さいサイズ 表記 28号 S 相当 黒 ブラック レディース 春 夏 ボトムス 綿混 コットン ストレッチ,7920,0,0,600,美品,ガウディ,GAUDI,スキニーパンツ,小さいサイズ,表記,28号,S,相当,黒,ブラック,レディース,春,夏,ボトムス,綿混,コットン,ストレッチ,,,,,
2024/09/29 22:24:29,,S美品 ザラ ZARA お洒落美脚ロングパンツ 11号/Lサイズ 白×黒 チェック柄 ボトムス レディース,2995,0,0,600,S美品,ザラ,ZARA,お洒落美脚ロングパンツ,11号,Lサイズ,白×黒,チェック柄,ボトムス,レディース,,,,,,,,,,,,,
2024/09/29 15:24:21,,レキシオ 特製プレイマット 韓国 ボードゲーム 牌ボードゲーム 麻雀 ポーカー 大富豪 Lexio レキシオネオ LexioNeo アナログゲーム 送料無料 パーティー 2〜5人,4980,0,0,600,レキシオ,特製プレイマット,韓国,ボードゲーム,牌ボードゲーム,麻雀,ポーカー,大富豪,Lexio,レキシオネオ,LexioNeo,アナログゲーム,送料無料,パーティー,2〜5人,,,,,,,,
2024/09/29 09:26:55,,美品/グレースコンチネンタル GRACE CONTINENTAL 輝きパールジャケット 小さい 表記36号(７号相当) ベージュ 春秋向け アウター レディース,30000,-1500,0,0,美品,グレースコンチネンタル,GRACE,CONTINENTAL,輝きパールジャケット,小さい,表記36号(７号相当),ベージュ,春秋向け,アウター,レディース,,,,,,,,,,,,
2024/09/29 00:27:34,,美品/ヨシエイナバ L'EQUIPE YOSHIE INABA チェック柄フレアスカート 表記9号(Mサイズ相当) 緑/グリーン 春夏向け ボトムス レディース,5500,0,0,600,美品,ヨシエイナバ,L'EQUIPE,YOSHIE,INABA,チェック柄フレアスカート,表記9号(Mサイズ相当),緑,グリーン,春夏向け,ボトムス,レディース,,,,,,,,,,,
2024/09/28 23:40:31,,美品/ピエールバルマン PIERRE BALMAIN 異素材ジャケット 表記B/F/E42号(大きい13号相当) 黒/ブラック ベロア 秋冬向 アウター レディース,16830,-1683,0,0,美品,ピエールバルマン,PIERRE,BALMAIN,異素材ジャケット,表記B,F,E42号(大きい13号相当),黒,ブラック,ベロア,秋冬向,アウター,レディース,,,,,,,,,
2024/09/25 21:14:32,,美品/ロベルタ ディ カメリーノ Roberta di Camerin ニットワンピース 表記 9号 38号 相当 茶 ブラウン ロゴ お出掛け 春 秋 レディース,20130,0,0,0,美品,ロベルタ,ディ,カメリーノ,Roberta,di,Camerin,ニットワンピース,表記,9号,38号,相当,茶,ブラウン,ロゴ,お出掛け,春,秋,レディース,,,,
2024/09/25 13:11:10,,美品/シビラ Sybilla カーディガン 小さいサイズ 表記 SS 5号 相当 ベージュ レディース 春 夏 トップス Vネック レース 綿100 コットン,8690,-300,0,600,美品,シビラ,Sybilla,カーディガン,小さいサイズ,表記,SS,5号,相当,ベージュ,レディース,春,夏,トップス,Vネック,レース,綿100,コットン,,,,,
2024/09/23 17:01:56,,美品/ビースリー B3 ストレッチパンツ 小さい 表記 30号 7号 相当 黒 ブラック 伸縮性 無地 ロゴ釦 お出掛け 春夏秋 ボトムス レディース,6600,0,0,600,美品,ビースリー,B3,ストレッチパンツ,小さい,表記,30号,7号,相当,黒,ブラック,伸縮性,無地,ロゴ釦,お出掛け,春夏秋,ボトムス,レディース,,,,,
2024/09/23 06:42:12,,美品/レリアン Leilian カーディガン 大きいサイズ 表記 13号 LL 相当 黒 ブラック レディース 春 秋冬 トップス 長袖 絹 シルク 毛 ウール,14520,0,990,0,美品,レリアン,Leilian,カーディガン,大きいサイズ,表記,13号,LL,相当,黒,ブラック,レディース,春,秋冬,トップス,長袖,絹,シルク,毛,ウール,,,
2024/09/22 12:11:59,,M新品同様/レリアン Leilian 美編ニットカーディガン 表記9号(38号/M相当) 紫/パープル 絹シルク100% 長袖 春夏秋向け トップス レディース,22810,-4000,0,0,M新品同様,レリアン,Leilian,美編ニットカーディガン,表記9号(38号,M相当),紫,パープル,絹シルク100%,長袖,春夏秋向け,トップス,レディース,,,,,,,,,,
2024/09/22 12:11:59,,新品同様/レリアン Leilian テーラードジャケット 表記 9号 M 相当 ベージュ 花柄 羽織り ロング丈 薄手 軽やか 春 夏 アウター レディース,28930,-4000,0,0,新品同様,レリアン,Leilian,テーラードジャケット,表記,9号,M,相当,ベージュ,花柄,羽織り,ロング丈,薄手,軽やか,春,夏,アウター,レディース,,,,,
2024/09/16 23:46:52,,A美品/theory/セオリー/綿コットン100％/爽やか長袖ブラウス/大きいサイズ/11号〜13号相当/春夏秋/トップス/レディース,12800,0,0,0,A美品,theory,セオリー,綿コットン100％,爽やか長袖ブラウス,大きいサイズ,11号〜13号相当,春夏秋,トップス,レディース,,,,,,,,,,,,,
2024/09/16 23:46:52,,H美品/ INDIVI インディヴィ ふっくら柔らかニットセーター 表記38号(Mサイズ相当) 黒/ブラック 秋冬向け ウール混 トップス レディース,5500,0,0,0,H美品,INDIVI,インディヴィ,ふっくら柔らかニットセーター,表記38号(Mサイズ相当),黒,ブラック,秋冬向け,ウール混,トップス,レディース,,,,,,,,,,,,
2024/09/16 23:46:52,,H美品/LOLO Collection ロロコレクション 美形ジャケット 大きいサイズ表記42号(13号LL相当) グレー 秋冬向 ツイード アウター レディース,5500,0,0,0,H美品,LOLO,Collection,ロロコレクション,美形ジャケット,大きいサイズ表記42号(13号LL相当),グレー,秋冬向,ツイード,アウター,レディース,,,,,,,,,,,,
2024/09/16 14:29:22,,美品/伊太利屋 GK 中綿入りベスト 表記 11号 L 相当 茶 ブラウン ヒョウ柄 ワッペン 軽やか おしゃれ お出掛け 秋 冬 トップス レディース,21230,0,0,0,美品,伊太利屋,GK,中綿入りベスト,表記,11号,L,相当,茶,ブラウン,ヒョウ柄,ワッペン,軽やか,おしゃれ,お出掛け,秋,冬,トップス,レディース,,,,
2024/09/15 11:58:16,,Ａ美品/トゥービーシック TO BE CHIC 美揺れフレアスカート 表記42号(9号/M相当) 青/ブルー デニム素材 プリーツデザイン 春夏 ボトムス,14900,0,0,0,Ａ美品,トゥービーシック,TO,BE,CHIC,美揺れフレアスカート,表記42号(9号,M相当),青,ブルー,デニム素材,プリーツデザイン,春夏,ボトムス,,,,,,,,,
2024/09/13 21:22:29,,美品/エスプリ ESPRIT テーラードジャケット 小さいサイズ 表記I38 D34 S 7号相当 紫 藤色 シンプル ストレッチ 秋 冬 アウター レディース,16830,0,0,0,美品,エスプリ,ESPRIT,テーラードジャケット,小さいサイズ,表記I38,D34,S,7号相当,紫,藤色,シンプル,ストレッチ,秋,冬,アウター,レディース,,,,,,
2024/09/13 12:39:46,,美品/レキップ ヨシエイナバ L'EQUIPE YOSHIE INABA デニムジャケット 表記 11号 L 相当 古着 濃紺 レディース 春 秋 アウター 長袖 綿,15290,0,0,0,美品,レキップ,ヨシエイナバ,L'EQUIPE,YOSHIE,INABA,デニムジャケット,表記,11号,L,相当,古着,濃紺,レディース,春,秋,アウター,長袖,綿,,,,
2024/09/11 15:37:45,,A美品*Paul Smith*ポールスミス*ロゴ釦*美脚デニムパンツ38/9,4110,0,0,600,A美品*Paul,Smith*ポールスミス*ロゴ釦*美脚デニムパンツ38,9,,,,,,,,,,,,,,,,,,,,
2024/09/09 09:37:45,,A美品/22 OCTOBRE/22オクトーブル/グレー/艶感/微小幾何学柄/煌びやかラメ/素敵スカートスーツ/38号(9号*M相当)秋冬/レディース,12800,0,0,0,A美品,22,OCTOBRE,22オクトーブル,グレー,艶感,微小幾何学柄,煌びやかラメ,素敵スカートスーツ,38号(9号*M相当)秋冬,レディース,,,,,,,,,,,,
2024/09/08 19:15:28,,新品同様/mimosalip カーディガン 総レース 表記 M〜L 9号 11号 相当 古着 黒 ブラック レディース 春 夏 トップス 長袖 透け感 シースルー,8360,0,0,600,新品同様,mimosalip,カーディガン,総レース,表記,M〜L,9号,11号,相当,古着,黒,ブラック,レディース,春,夏,トップス,長袖,透け感,シースルー,,,,
2024/09/07 22:39:13,,A新品同様/ インソレンテ insolente 素敵チュニック 表記 M〜L(9号/11号) 青/黒 伸縮性素材 フランス製 モダン美柄 春夏 トップス,9799,0,0,600,A新品同様,インソレンテ,insolente,素敵チュニック,表記,M〜L(9号,11号),青,黒,伸縮性素材,フランス製,モダン美柄,春夏,トップス,,,,,,,,,
2024/09/07 21:29:15,,美品/プライドグライド prideglide ラップスカート ミニスカート 小さいサイズ 表記 36号 S 相当 グレー 毛100 レディース 秋 冬 ボトムス,11770,0,0,0,美品,プライドグライド,prideglide,ラップスカート,ミニスカート,小さいサイズ,表記,36号,S,相当,グレー,毛100,レディース,秋,冬,ボトムス,,,,,,,
2024/09/07 20:20:52,,H美品/smart pink スマートピンク モダン柄ストレッチチュニック 表記40号(11号Lサイズ相当) 茶/緑/ブラウン 春夏向け トップス レディース,12800,0,0,0,H美品,smart,pink,スマートピンク,モダン柄ストレッチチュニック,表記40号(11号Lサイズ相当),茶,緑,ブラウン,春夏向け,トップス,レディース,,,,,,,,,,,
2024/09/05 21:05:47,,Ａ美品/ピンキー&ダイアン Pinky&Dianne 大人なフリルブラウス 表記38号(9号/M相当) 黒/ブラック お食事会 春夏向け トップス レディース,4110,0,0,600,Ａ美品,ピンキー&ダイアン,Pinky&Dianne,大人なフリルブラウス,表記38号(9号,M相当),黒,ブラック,お食事会,春夏向け,トップス,レディース,,,,,,,,,,,
2024/09/05 03:18:51,,M美品/ダナキャラン DKNY イタリア製スカートスーツ 表記I42 I44(9号/M〜11号/L相当) アイボリー 絹シルク&綿コットン素材 春秋 レディース,15899,0,0,0,M美品,ダナキャラン,DKNY,イタリア製スカートスーツ,表記I42,I44(9号,M〜11号,L相当),アイボリー,絹シルク&綿コットン素材,春秋,レディース,,,,,,,,,,,
2024/09/01 17:40:00,,Ａ美品/伊太利屋 ジップアップニットカーディガン 表記9号(M相当) 白 黒 グレー アンゴラ混 トナカイ 秋冬向け トップス レディース,12800,0,0,0,Ａ美品,伊太利屋,ジップアップニットカーディガン,表記9号(M相当),白,黒,グレー,アンゴラ混,トナカイ,秋冬向け,トップス,レディース,,,,,,,,,,,
2024/08/29 23:59:20,,美品/ユキコハナイ yukiko hanai フレアスカート 表記 8号 9号 相当 黒 ブラック ダマスク柄 艶感 高級感 春 秋 ボトムス レディース,11000,0,0,0,美品,ユキコハナイ,yukiko,hanai,フレアスカート,表記,8号,9号,相当,黒,ブラック,ダマスク柄,艶感,高級感,春,秋,ボトムス,レディース,,,,,
2024/08/29 22:12:51,,Ａ美品/レリアン Leilian 上品な美形ジャケット 大きいサイズ 表記13号(LLサイズ相当) フランス製生地 繊細な美柄デザイン 秋冬 アウター,42801,0,0,0,Ａ美品,レリアン,Leilian,上品な美形ジャケット,大きいサイズ,表記13号(LLサイズ相当),フランス製生地,繊細な美柄デザイン,秋冬,アウター,,,,,,,,,,,,,
2024/08/24 19:39:07,,A新品同様*コムサデモード*グレー*ボックスプリーツスカート11,5000,0,0,600,A新品同様*コムサデモード*グレー*ボックスプリーツスカート11,,,,,,,,,,,,,,,,,,,,,,
2024/08/22 22:21:49,,美品/ビースリー B-Three B3 ロングパンツ 表記 32号 9号 M 相当 キャメル系 レディース 春 秋 冬 ボトムス 綿混 コットン ストレッチ,6600,0,300,600,美品,ビースリー,B-Three,B3,ロングパンツ,表記,32号,9号,M,相当,キャメル系,レディース,春,秋,冬,ボトムス,綿混,コットン,ストレッチ,,,,
2024/08/19 17:10:33,,Ａ美品/ジュンアシダ jun ashida 大人な美的スカートスーツ 表記11号(L相当) ピンク 絹シルク ヘリンボーン柄 パーティー 春秋 レディース,24800,0,0,0,Ａ美品,ジュンアシダ,jun,ashida,大人な美的スカートスーツ,表記11号(L相当),ピンク,絹シルク,ヘリンボーン柄,パーティー,春秋,レディース,,,,,,,,,,,
2024/08/19 15:02:04,,新品同様/ソニアバレンシア SONIA BALENCIA ブラックフォーマルワンピース 表記 9AR M 相当 黒 ブラック 2P風 冠婚葬祭 春夏 レディース,17930,-1500,0,0,新品同様,ソニアバレンシア,SONIA,BALENCIA,ブラックフォーマルワンピース,表記,9AR,M,相当,黒,ブラック,2P風,冠婚葬祭,春夏,レディース,,,,,,,,
2024/08/12 19:16:21,,美品/ビースリー B3 B-three デニムパンツ 表記 34号 11号 相当 白 ホワイト ストレッチ性 シンプル お出掛け 春 秋 ボトムス レディース,7700,0,0,600,美品,ビースリー,B3,B-three,デニムパンツ,表記,34号,11号,相当,白,ホワイト,ストレッチ性,シンプル,お出掛け,春,秋,ボトムス,レディース,,,,,
2024/08/11 19:26:47,,Ａ新品/ダーマコレクション DAMA collection 涼しげな美脚パンツ (11号/L相当) グレー 麻リネン100％ 春夏向け ボトムス レディース,5500,-3000,0,600,Ａ新品,ダーマコレクション,DAMA,collection,涼しげな美脚パンツ,(11号,L相当),グレー,麻リネン100％,春夏向け,ボトムス,レディース,,,,,,,,,,,
2024/08/10 16:05:27,,新品/ポートランド PORT LAND ラップスカート 巻きスカート 表記 3号 11号 L 相当 紺 ネイビー レディース 春 夏 綿混 前開き シンプル,7700,0,0,600,新品,ポートランド,PORT,LAND,ラップスカート,巻きスカート,表記,3号,11号,L,相当,紺,ネイビー,レディース,春,夏,綿混,前開き,シンプル,,,,
2024/08/09 22:41:38,,美品/ユナイテッドカラーズオブベネトン BENETTON 麻リネン100％ワンピース イタリア製 表記M(9号相当) 黒/ブラック 春夏向け レディース,8470,0,0,600,美品,ユナイテッドカラーズオブベネトン,BENETTON,麻リネン100％ワンピース,イタリア製,表記M(9号相当),黒,ブラック,春夏向け,レディース,,,,,,,,,,,,,
2024/08/07 12:28:47,,新品同様/レリアン Leilian 美柄シフォンカットソー 表記11号(Lサイズ相当) ピンク系 ペーズリー柄 春夏向け トップス レディース,6790,0,0,600,新品同様,レリアン,Leilian,美柄シフォンカットソー,表記11号(Lサイズ相当),ピンク系,ペーズリー柄,春夏向け,トップス,レディース,,,,,,,,,,,,,
2024/07/31 00:10:23,,新品同様/伊太利屋 アニマル柄お洒落ジャケット 表記7号(11号/Lサイズ相当) 茶/ブラウン 春秋冬向け アウター レディース,24900,0,0,0,新品同様,伊太利屋,アニマル柄お洒落ジャケット,表記7号(11号,Lサイズ相当),茶,ブラウン,春秋冬向け,アウター,レディース,,,,,,,,,,,,,
2024/07/25 19:10:05,,M美品/スキャパ SCAPA 上品ツイードジャケット 表記40号(11号/L相当) ベージュ 綿&麻リネン混 ノーカラー 春秋向け アウター レディース,12900,0,0,0,M美品,スキャパ,SCAPA,上品ツイードジャケット,表記40号(11号,L相当),ベージュ,綿&麻リネン混,ノーカラー,春秋向け,アウター,レディース,,,,,,,,,,,
2024/07/24 21:22:46,,新品同様/東京ソワール TOKYO SOIR フォーマルスカート 表記11号 L相当 黒 ブラック レディース 春 夏 ボトムス プリーツ加工 シフォン,18590,0,0,0,新品同様,東京ソワール,TOKYO,SOIR,フォーマルスカート,表記11号,L相当,黒,ブラック,レディース,春,夏,ボトムス,プリーツ加工,シフォン,,,,,,,,
2024/07/24 04:35:06,,H新品同様/メルローズ MELROSE 美形ノースリーブカットソー (9号Mサイズ相当) 黒/ブラック/白 春夏向け モノトーン トップス レディース,3950,0,0,600,H新品同様,メルローズ,MELROSE,美形ノースリーブカットソー,(9号Mサイズ相当),黒,ブラック,白,春夏向け,モノトーン,トップス,レディース,,,,,,,,,,,
2024/07/21 18:20:55,,Ａ美品/ユナイテッドカラーズオブベネトン UNITED COLORS OF BENETTON デニムスカート 小さめ 表記40号(7号相当) ブルー ボトムス 春秋向け,5600,0,0,600,Ａ美品,ユナイテッドカラーズオブベネトン,UNITED,COLORS,OF,BENETTON,デニムスカート,小さめ,表記40号(7号相当),ブルー,ボトムス,春秋向け,,,,,,,,,,,
2024/07/19 10:31:33,,美品/ユキトリイ YUKI TORII フリルカーディガン 表記 L 11号 相当 白 ホワイト プリーツ 薄手 七分袖 ハーフ丈 春 夏 トップス レディース,17050,0,0,0,美品,ユキトリイ,YUKI,TORII,フリルカーディガン,表記,L,11号,相当,白,ホワイト,プリーツ,薄手,七分袖,ハーフ丈,春,夏,トップス,レディース,,,,
2024/07/18 05:38:41,,新品同様/マンゴ MANGO 清楚ノーカラージャケット 大きいサイズ 表記USA/L(LL相当) 白/ホワイト 羽織 シンプル 春夏秋 アウター レディース,19800,0,0,0,新品同様,マンゴ,MANGO,清楚ノーカラージャケット,大きいサイズ,表記USA,L(LL相当),白,ホワイト,羽織,シンプル,春夏秋,アウター,レディース,,,,,,,,,
2024/07/18 05:35:44,,美品/タルボット TALBOTS フレアスカート 大きいサイズ 表記 10号 13号 相当 古着 白 レディース 春 夏 綿100 コットン カットワークレース,13750,0,0,0,美品,タルボット,TALBOTS,フレアスカート,大きいサイズ,表記,10号,13号,相当,古着,白,レディース,春,夏,綿100,コットン,カットワークレース,,,,,,
2024/07/17 16:41:14,,A美品/ヴィヴィアンタム VIVIENNE TAM 素敵フレアスカート 小さいサイズ表記0号(5号相当) 茶/ブラウン 高級な羊革 秋冬向け ボトムス,12800,0,0,0,A美品,ヴィヴィアンタム,VIVIENNE,TAM,素敵フレアスカート,小さいサイズ表記0号(5号相当),茶,ブラウン,高級な羊革,秋冬向け,ボトムス,,,,,,,,,,,,
2024/07/17 10:25:35,,美品/トランスワーク TRANS WORK チュニック 大きい 表記 44号 3L 相当 アイボリー系 レディース 春夏 トップス シフォン 長袖 薄手 透け感,7920,-792,0,600,美品,トランスワーク,TRANS,WORK,チュニック,大きい,表記,44号,3L,相当,アイボリー系,レディース,春夏,トップス,シフォン,長袖,薄手,透け感,,,,,
2024/07/17 09:51:54,,M新品同様/東京スタイル BISTY 立体美柄カーディガン 表記M号(9号/38号相当) 黒/ブラック 透け感 7分袖 伸縮 春夏向け トップス レディース,5600,-300,0,600,M新品同様,東京スタイル,BISTY,立体美柄カーディガン,表記M号(9号,38号相当),黒,ブラック,透け感,7分袖,伸縮,春夏向け,トップス,レディース,,,,,,,,,
2024/07/13 15:17:51,,美品/ハナエモリ HANAE MORI ブラウス 大きい 表記 44号 15号 相当 緑 青 ボタニカル柄 半袖 お出掛け 春 夏 トップス レディース,9350,0,0,600,美品,ハナエモリ,HANAE,MORI,ブラウス,大きい,表記,44号,15号,相当,緑,青,ボタニカル柄,半袖,お出掛け,春,夏,トップス,レディース,,,,
2024/07/12 08:19:55,,新品同様/スーナウーナ sunauna 大判花柄スカート 表記40号(11号/L相当) 紺/ネイビー 軽やか素材 薄地 膝丈 春夏向け ボトムス レディース,8360,0,3,600,新品同様,スーナウーナ,sunauna,大判花柄スカート,表記40号(11号,L相当),紺,ネイビー,軽やか素材,薄地,膝丈,春夏向け,ボトムス,レディース,,,,,,,,,
2024/07/10 14:48:25,,Ａ美品/ダイアンフォンファステンバーグ DIANE VON FURSTENBERG ラップチュニック 小さめ 表記6号(7号相当) 青 黒 美柄デザイン 春夏,22000,0,0,0,Ａ美品,ダイアンフォンファステンバーグ,DIANE,VON,FURSTENBERG,ラップチュニック,小さめ,表記6号(7号相当),青,黒,美柄デザイン,春夏,,,,,,,,,,,
2024/07/10 08:58:58,,A美品/エフデ ef-de 大人フレアスカート 小さいサイズ 表記５号(XS相当) 黒 ブラック 繊細プリーツ お出掛け パーティ 秋冬 ボトムス,6199,0,0,0,A美品,エフデ,ef-de,大人フレアスカート,小さいサイズ,表記５号(XS相当),黒,ブラック,繊細プリーツ,お出掛け,パーティ,秋冬,ボトムス,,,,,,,,,,
2024/07/10 08:58:58,,A新品同様/インディヴィ INDIVI 美的タイトスカート 小さいサイズ 表記５号(XS相当)黒 ブラック 3段ピンタック ウール100％ 秋冬 ボトムス,7799,0,0,0,A新品同様,インディヴィ,INDIVI,美的タイトスカート,小さいサイズ,表記５号(XS相当)黒,ブラック,3段ピンタック,ウール100％,秋冬,ボトムス,,,,,,,,,,,,
2024/07/09 10:25:39,,美品/ケーティーリノ K.T LINO 美形ジャケット 表記11号(40号/L相当) 黒/ブラック 麻リネン素材 7分袖 薄地 春夏向け アウター レディース,13200,0,0,0,美品,ケーティーリノ,K.T,LINO,美形ジャケット,表記11号(40号,L相当),黒,ブラック,麻リネン素材,7分袖,薄地,春夏向け,アウター,レディース,,,,,,,,
2024/07/07 07:51:56,,新品/PERUVIAN CONNECTION 花柄ワンピース 表記M(11号/大きいサイズ 13号相当) ベージュ 多彩 ジャージ素材 伸縮 長袖 春夏向け レディース,11000,0,0,0,新品,PERUVIAN,CONNECTION,花柄ワンピース,表記M(11号,大きいサイズ,13号相当),ベージュ,多彩,ジャージ素材,伸縮,長袖,春夏向け,レディース,,,,,,,,,
2024/07/07 01:13:37,,美品/詩仙堂 ヒトシタムラ クロップドパンツ 表記 9号 M 相当 黒 ブラック ちりめん素材 大人 上品 お出掛け 春 夏 ボトムス レディース,15730,-2000,0,0,美品,詩仙堂,ヒトシタムラ,クロップドパンツ,表記,9号,M,相当,黒,ブラック,ちりめん素材,大人,上品,お出掛け,春,夏,ボトムス,レディース,,,,,
2024/07/03 00:23:05,,M【シーバイクロエ】伊製♪黒*コットン100*素敵ハーフパンツ*I40,6799,0,0,600,M【シーバイクロエ】伊製♪黒*コットン100*素敵ハーフパンツ*I40,,,,,,,,,,,,,,,,,,,,,,
2024/07/02 21:01:24,,レキシオネオ LexioNeo 韓国 ボードゲーム 牌ボードゲーム 麻雀 ポーカー 大富豪 Lexio レキシオ レキシオプラス アナログゲーム 送料無料 パーティー 2〜5人,12001,0,1054,0,レキシオネオ,LexioNeo,韓国,ボードゲーム,牌ボードゲーム,麻雀,ポーカー,大富豪,Lexio,レキシオ,レキシオプラス,アナログゲーム,送料無料,パーティー,2〜5人,,,,,,,,
2024/07/01 21:34:05,,美品*伊太利屋*藍色*耀きレオパード*お洒落ジャージワンピース9,6800,0,0,600,美品*伊太利屋*藍色*耀きレオパード*お洒落ジャージワンピース9,,,,,,,,,,,,,,,,,,,,,,
2024/07/01 19:00:03,,新品同様/アンタイトル UNTITLED ガウチョパンツ 小さいサイズ 表記1号 S相当 グレー ワイド ゆったり 薄手 春 夏 秋 ボトムス レディース,7480,0,0,0,新品同様,アンタイトル,UNTITLED,ガウチョパンツ,小さいサイズ,表記1号,S相当,グレー,ワイド,ゆったり,薄手,春,夏,秋,ボトムス,レディース,,,,,,,
2024/07/01 19:00:03,,美品/スマートピンク smart pink フレアスカート 表記 40号 M 相当 古着 グレー系 レディース 春 夏 ボトムス 薄手 ストレッチ ミモレ丈,7370,0,0,0,美品,スマートピンク,smart,pink,フレアスカート,表記,40号,M,相当,古着,グレー系,レディース,春,夏,ボトムス,薄手,ストレッチ,ミモレ丈,,,,,
2024/07/01 17:34:18,,美品/コムサ COMME CA タイトスカート デニム 表記 11号 L 相当 ベージュ レディース 春 夏 秋 冬 ミモレ丈 ボトムス シンプル 綿 コットン,5500,-111,0,600,美品,コムサ,COMME,CA,タイトスカート,デニム,表記,11号,L,相当,ベージュ,レディース,春,夏,秋,冬,ミモレ丈,ボトムス,シンプル,綿,コットン,,
2024/06/30 14:35:54,,新品/VINCI チェスターコート イタリア製 9号/M相当 炭黒系 濃グレー ウール素材 モヘア混 シンプル ロング 秋冬向け アウター レディース,26400,0,0,0,新品,VINCI,チェスターコート,イタリア製,9号,M相当,炭黒系,濃グレー,ウール素材,モヘア混,シンプル,ロング,秋冬向け,アウター,レディース,,,,,,,,
2024/06/30 03:47:44,,A新品*エムフィル×ユナイテッドアローズ/ボーダー柄/お洒落ツイードパンツ40/11,6790,0,0,600,A新品*エムフィル×ユナイテッドアローズ,ボーダー柄,お洒落ツイードパンツ40,11,,,,,,,,,,,,,,,,,,,
2024/06/28 15:25:06,,美品/レリアン Leilian カットソー 大きい 表記 13号 LL 相当 オレンジ 茶 モダン柄 七分袖 おしゃれ お出掛け 春 夏 トップス レディース,17380,-869,0,0,美品,レリアン,Leilian,カットソー,大きい,表記,13号,LL,相当,オレンジ,茶,モダン柄,七分袖,おしゃれ,お出掛け,春,夏,トップス,レディース,,,,
2024/06/21 15:51:01,,美品/詩仙堂 ヒトシタムラ カットソー ノースリーブ タンクトップ ちりめん 大きいサイズ LL 3L相当 黒 ブラック レディース 春夏 トップス,5500,0,250,600,美品,詩仙堂,ヒトシタムラ,カットソー,ノースリーブ,タンクトップ,ちりめん,大きいサイズ,LL,3L相当,黒,ブラック,レディース,春夏,トップス,,,,,,,,
2024/06/20 10:11:44,,A新品同様/ ラピーヌブランシェ LAPINE BLANCHE フリルジャケット 表記9号(M相当) グレー 微小幾何学柄 パーティー 春夏秋向け アウター,12900,0,0,0,A新品同様,ラピーヌブランシェ,LAPINE,BLANCHE,フリルジャケット,表記9号(M相当),グレー,微小幾何学柄,パーティー,春夏秋向け,アウター,,,,,,,,,,,,
2024/06/20 08:34:58,,新品同様/ハーディエイミス ノースリーブワンピース 表記 11号 L 相当 黒 艶感 シンプル 無地 結婚式 春夏秋 レディース,29150,0,0,0,新品同様,ハーディエイミス,ノースリーブワンピース,表記,11号,L,相当,黒,艶感,シンプル,無地,結婚式,春夏秋,レディース,,,,,,,,,
2024/06/16 20:50:38,,M美品/CECI OU CELA/セシオセラ/茶/伸縮/薄地/大人ノーカラージャケット/M/春夏秋,6790,-1500,0,0,M美品,CECI,OU,CELA,セシオセラ,茶,伸縮,薄地,大人ノーカラージャケット,M,春夏秋,,,,,,,,,,,,
2024/06/16 20:50:38,,M美品*セシオセラ*茶*シフォン×透感×花柄*素敵フレアスカート9,6800,-1500,0,0,M美品*セシオセラ*茶*シフォン×透感×花柄*素敵フレアスカート9,,,,,,,,,,,,,,,,,,,,,,
2024/06/16 20:50:38,,H美品/PRESSE ピノーレ 美彩艶感ブラウス 表記40号(11号Lサイズ相当) 赤/レッド/ワインレッド 春夏向け お食事会 トップス レディース,6800,-1500,0,0,H美品,PRESSE,ピノーレ,美彩艶感ブラウス,表記40号(11号Lサイズ相当),赤,レッド,ワインレッド,春夏向け,お食事会,トップス,レディース,,,,,,,,,,,
2024/06/16 11:32:51,,美品/ダブルスタンダードクロージング DOUBLE STANDARD CLOTHING ノースリーブカットソー M L 相当 古着 黒 ブラック レディース トップス,8580,0,0,600,美品,ダブルスタンダードクロージング,DOUBLE,STANDARD,CLOTHING,ノースリーブカットソー,M,L,相当,古着,黒,ブラック,レディース,トップス,,,,,,,,,
2024/06/13 13:41:45,,新品同様/ジュンコシマダ 49AV JUNKO SHIMADA カーディガン 表記 38号 M 相当 ベージュ レディース 春 夏 麻100 7分袖 カットワークレース,13200,0,0,0,新品同様,ジュンコシマダ,49AV,JUNKO,SHIMADA,カーディガン,表記,38号,M,相当,ベージュ,レディース,春,夏,麻100,7分袖,カットワークレース,,,,,,
2024/06/13 05:10:48,,M美品/ナラカミーチェ NARACAMICIE 総カットワークレースブラウス イタリア製 表記1号(9号相当) 白 7分袖 綿100% 春夏 トップス レディース,6199,0,0,0,M美品,ナラカミーチェ,NARACAMICIE,総カットワークレースブラウス,イタリア製,表記1号(9号相当),白,7分袖,綿100%,春夏,トップス,レディース,,,,,,,,,,,
2024/06/13 05:10:48,,セール★美品*Lois CRAYON ロイスクレヨン*ベージュ*七分袖*ステッチ*素敵ジャケットM(9号相当)/春夏向け レディース/値下18000→8200,6799,0,0,0,セール★美品*Lois,CRAYON,ロイスクレヨン*ベージュ*七分袖*ステッチ*素敵ジャケットM(9号相当),春夏向け,レディース,値下18000→8200,,,,,,,,,,,,,,,,,
2024/06/12 23:02:11,,Ａ新品同様/ナラカミーチェ NARACAMICIE 爽やか半袖ブラウス 表記2号(9号/M相当) 青/ブルー 伸縮性 ストライプ柄 春夏 トップス レディース,6200,0,0,600,Ａ新品同様,ナラカミーチェ,NARACAMICIE,爽やか半袖ブラウス,表記2号(9号,M相当),青,ブルー,伸縮性,ストライプ柄,春夏,トップス,レディース,,,,,,,,,,
2024/06/11 14:14:31,,A美品/TSUMORI CHISATO 　ツモリチサト/黒/上品レース/素敵プリーツカットソー/2/9,4210,0,0,600,A美品,TSUMORI,CHISATO,　ツモリチサト,黒,上品レース,素敵プリーツカットソー,2,9,,,,,,,,,,,,,,
2024/06/09 09:23:42,,新品同様/イッセイミヤケ ISSEY MIYAKE FETE プリーツカットソー 表記 2号 9号 相当 黒 グレー モダン総柄 春 夏 トップス レディース,25630,-1500,0,0,新品同様,イッセイミヤケ,ISSEY,MIYAKE,FETE,プリーツカットソー,表記,2号,9号,相当,黒,グレー,モダン総柄,春,夏,トップス,レディース,,,,,,
2024/06/03 22:56:31,,Ａ美品/ローラアシュレイ LAURA ASHLEY 暖か美脚パンツ 小さいサイズ 表記11号(7号/S相当) 茶/ブラウン カシミヤ混 秋冬 ボトムス,7300,0,0,600,Ａ美品,ローラアシュレイ,LAURA,ASHLEY,暖か美脚パンツ,小さいサイズ,表記11号(7号,S相当),茶,ブラウン,カシミヤ混,秋冬,ボトムス,,,,,,,,,,
2024/06/03 02:57:05,,M美品/総レースカーディガン 小さいサイズ7号(36号/S相当) ベージュ 淡色 透け感 長袖 綿100%素材 美編み 春夏向け トップス レディース,4210,0,0,600,M美品,総レースカーディガン,小さいサイズ7号(36号,S相当),ベージュ,淡色,透け感,長袖,綿100%素材,美編み,春夏向け,トップス,レディース,,,,,,,,,,
2024/06/03 00:20:23,,M新品同様/オペークドットクリップ OPAQUE.CLIP ワールド 花柄ワンピース 表記38号(9号/M相当) 黒×白 2P風デザイン 春夏 レディース,5480,0,0,600,M新品同様,オペークドットクリップ,OPAQUE.CLIP,ワールド,花柄ワンピース,表記38号(9号,M相当),黒×白,2P風デザイン,春夏,レディース,,,,,,,,,,,,
2024/06/01 23:16:18,,H美品/ウィルセレクション WILLSELECTION 可憐プリーツワンピース 小さいサイズ表記1号(7号Sサイズ相当) 桃/ピンク 春秋向け レディース,6810,0,0,600,H美品,ウィルセレクション,WILLSELECTION,可憐プリーツワンピース,小さいサイズ表記1号(7号Sサイズ相当),桃,ピンク,春秋向け,レディース,,,,,,,,,,,,,,
2024/06/01 21:10:16,,新品同様/トランスワーク TRANS WORK ペイズリー柄チュニック 表記40号(11号相当) 青紫系 7分袖 フレア袖 透け感 春夏 トップス レディース,8800,-880,0,600,新品同様,トランスワーク,TRANS,WORK,ペイズリー柄チュニック,表記40号(11号相当),青紫系,7分袖,フレア袖,透け感,春夏,トップス,レディース,,,,,,,,,,
2024/06/01 14:52:27,,美品/ジャーナルスタンダード JOURNAL STANDARD リネンジャケット 9号 M 相当 紺 ネイビー 麻 リネン 半袖 春夏 アウター レディース,6600,0,0,600,美品,ジャーナルスタンダード,JOURNAL,STANDARD,リネンジャケット,9号,M,相当,紺,ネイビー,麻,リネン,半袖,春夏,アウター,レディース,,,,,,,
2024/05/31 07:10:46,,美品*アツコノセ*黒×綺麗レース*麻混*素敵デザインワンピースM,6800,0,0,600,美品*アツコノセ*黒×綺麗レース*麻混*素敵デザインワンピースM,,,,,,,,,,,,,,,,,,,,,,
2024/05/29 19:40:00,,美品/エフデ ef-de スカーチョ ガウチョ 大きいサイズ 表記17号 4L相当 グレー 毛100 ウール シンプル ゆったり 春 秋 ボトムス レディース,7040,0,0,600,美品,エフデ,ef-de,スカーチョ,ガウチョ,大きいサイズ,表記17号,4L相当,グレー,毛100,ウール,シンプル,ゆったり,春,秋,ボトムス,レディース,,,,,,
2024/05/29 01:09:56,,H美品/BOSCH ボッシュ 素敵7分袖カットソー 小さいサイズ表記38号(7号Sサイズ相当) 黒/ブラック 綿混 春秋向 お出掛けトップス レディース,5480,0,0,600,H美品,BOSCH,ボッシュ,素敵7分袖カットソー,小さいサイズ表記38号(7号Sサイズ相当),黒,ブラック,綿混,春秋向,お出掛けトップス,レディース,,,,,,,,,,,,
2024/05/28 12:20:34,,美品/ビースリー B3 B-three スラックスパンツ 表記 36号 11号 相当 紺 ネイビー ストレッチ性 無地 オフィス 春 秋 ボトムス レディース,7700,0,797,0,美品,ビースリー,B3,B-three,スラックスパンツ,表記,36号,11号,相当,紺,ネイビー,ストレッチ性,無地,オフィス,春,秋,ボトムス,レディース,,,,,
2024/05/28 12:20:34,,新品同様/アナイ ANAYI カーディガン 羽織り 小さいサイズ 表記 36号 S 相当 紺 ネイビー レディース 春夏 トップス ニット 麻 リネン 変形,8250,0,797,0,新品同様,アナイ,ANAYI,カーディガン,羽織り,小さいサイズ,表記,36号,S,相当,紺,ネイビー,レディース,春夏,トップス,ニット,麻,リネン,変形,,,,
2024/05/28 01:03:35,,美品/ビスケー BC 大人テーラードジャケット 大きいサイズ 13号/LL相当 濃グレー系 綿/コットン素材 通勤 春秋冬向け アウター レディース,15400,0,0,0,美品,ビスケー,BC,大人テーラードジャケット,大きいサイズ,13号,LL相当,濃グレー系,綿,コットン素材,通勤,春秋冬向け,アウター,レディース,,,,,,,,,
2024/05/27 18:45:02,,新品同様/プラステ PLST セオリー テーラードジャケット 表記 M 9号 相当 黒 ブラック ダブルボタン オフィス 春秋 アウター レディース,12650,-1000,0,0,新品同様,プラステ,PLST,セオリー,テーラードジャケット,表記,M,9号,相当,黒,ブラック,ダブルボタン,オフィス,春秋,アウター,レディース,,,,,,,
2024/05/27 08:46:28,,美品/ローラアシュレイ LAURA ASHLEY ガウチョパンツ スカーチョ 表記 9号 Ｍ 相当 古着 黒 ブラック レディース 春 夏 ボトムス ゆったり,13200,-1000,0,0,美品,ローラアシュレイ,LAURA,ASHLEY,ガウチョパンツ,スカーチョ,表記,9号,Ｍ,相当,古着,黒,ブラック,レディース,春,夏,ボトムス,ゆったり,,,,,
2024/05/24 03:57:52,,M美品/スキャパ SCAPA 美揺フレアスカート 表記40号(11号/L相当) 黒/ブラック 上品ボタニカル柄 透け感素材 春夏向け ボトムス レディース,10030,0,0,0,M美品,スキャパ,SCAPA,美揺フレアスカート,表記40号(11号,L相当),黒,ブラック,上品ボタニカル柄,透け感素材,春夏向け,ボトムス,レディース,,,,,,,,,,
2024/05/21 23:22:55,,A美品/ ケーティーリノ K.T LINO 可憐なジャケット 大きいサイズ 表記13号(LL相当) 白/ホワイト 麻リネン 総レースデザイン 春夏 アウター,9799,0,0,0,A美品,ケーティーリノ,K.T,LINO,可憐なジャケット,大きいサイズ,表記13号(LL相当),白,ホワイト,麻リネン,総レースデザイン,春夏,アウター,,,,,,,,,,
2024/05/18 10:19:49,,新品同様/キャラオクルス CARA O CRUZ テーラードジャケット 表記 11号 L 相当 紺 ネイビー 毛 ウール 薄手 春 夏 アウター レディース,15950,0,20,0,新品同様,キャラオクルス,CARA,O,CRUZ,テーラードジャケット,表記,11号,L,相当,紺,ネイビー,毛,ウール,薄手,春,夏,アウター,レディース,,,,
2024/05/18 09:07:28,,H美品/オスカー OSKAR おしゃれノースリーブワンピース 小さいサイズ表記Sサイズ(7号相当) 黒/ブラック 春夏向け 重ね着風 レディース,5500,0,0,600,H美品,オスカー,OSKAR,おしゃれノースリーブワンピース,小さいサイズ表記Sサイズ(7号相当),黒,ブラック,春夏向け,重ね着風,レディース,,,,,,,,,,,,,
2024/05/18 06:13:39,,美品/レリアン Leilian 清楚ジャケット/ブラウス 表記13号(大きいサイズLL相当) 白/ホワイト ストレッチ 春夏 アウタートップス レディース,24200,-1500,0,0,美品,レリアン,Leilian,清楚ジャケット,ブラウス,表記13号(大きいサイズLL相当),白,ホワイト,ストレッチ,春夏,アウタートップス,レディース,,,,,,,,,,,
2024/05/17 04:32:46,,★美品*ヴィヴィアンタム♪茶系美柄♪ヒラヒラデザインスカート0,12800,0,0,0,★美品*ヴィヴィアンタム♪茶系美柄♪ヒラヒラデザインスカート0,,,,,,,,,,,,,,,,,,,,,,
2024/05/14 10:34:30,,M新品同様/東京イギン TOKYO IGIN 上品フォーマルスカート 大きいサイズ 表記13号(LL相当) 黒/ブラック 透け感 春夏向 ボトムス レディース,6000,0,0,600,M新品同様,東京イギン,TOKYO,IGIN,上品フォーマルスカート,大きいサイズ,表記13号(LL相当),黒,ブラック,透け感,春夏向,ボトムス,レディース,,,,,,,,,,
2024/05/13 05:51:05,,新品同様/セオリー theory チュニック 小さい 表記 S 7号 相当 黒 ブラック 無地 シンプル 異素材切り替え 春 夏 トップス レディース,16500,-825,0,0,新品同様,セオリー,theory,チュニック,小さい,表記,S,7号,相当,黒,ブラック,無地,シンプル,異素材切り替え,春,夏,トップス,レディース,,,,,
2024/05/12 19:46:11,,美品/バラ色の暮し ロングスカート フレアスカート 表記 L 11号 相当 古着 黒 ブラック レディース 春 夏 ボトムス 綿100 コットン 刺繍,11000,-500,0,0,美品,バラ色の暮し,ロングスカート,フレアスカート,表記,L,11号,相当,古着,黒,ブラック,レディース,春,夏,ボトムス,綿100,コットン,刺繍,,,,,
2024/05/08 19:24:14,,美品/ボッシュ BOSCH スラックス パンツ 表記38号 9号 M相当 古着 黒 ブラック レディース 春 夏 秋 ボトムス 美脚 通勤 オフィス シンプル,14300,0,0,0,美品,ボッシュ,BOSCH,スラックス,パンツ,表記38号,9号,M相当,古着,黒,ブラック,レディース,春,夏,秋,ボトムス,美脚,通勤,オフィス,シンプル,,,
2024/05/07 22:08:54,,M美品/斉藤都世子 toyoko saito ニットの女王 上品ニットジャケット 9号/M〜11号/L相当 グレーブラウン系 秋冬向け アウター レディース,22810,0,0,0,M美品,斉藤都世子,toyoko,saito,ニットの女王,上品ニットジャケット,9号,M〜11号,L相当,グレーブラウン系,秋冬向け,アウター,レディース,,,,,,,,,,
2024/05/07 07:25:09,,新品/モガ MOGA カットソー 表記 F フリー M L LL 相当 グレー レディース 春 夏 トップス 綿100 コットン ゆったり シンプル 半袖 未使用,11000,-300,0,0,新品,モガ,MOGA,カットソー,表記,F,フリー,M,L,LL,相当,グレー,レディース,春,夏,トップス,綿100,コットン,ゆったり,シンプル,半袖,未使用,
2024/05/05 23:16:13,,美品/レリアン Leilian ワイドパンツ ロングパンツ 大きいサイズ 表記 13号 LL 相当 白 ホワイト レディース 春夏 ボトムス 薄手 シンプル,11000,-550,0,0,美品,レリアン,Leilian,ワイドパンツ,ロングパンツ,大きいサイズ,表記,13号,LL,相当,白,ホワイト,レディース,春夏,ボトムス,薄手,シンプル,,,,,,
2024/05/05 22:01:38,,美品/マレーラ MARELLA マックスマーラ フレアスカート 大きい 表記 JI44号 LL 相当 茶 ブラウン レディース 春 夏 ボトムス 絹100 シルク,12100,0,0,0,美品,マレーラ,MARELLA,マックスマーラ,フレアスカート,大きい,表記,JI44号,LL,相当,茶,ブラウン,レディース,春,夏,ボトムス,絹100,シルク,,,,,
2024/05/05 20:06:54,,美品/レリアン Leilian チュニック 表記 9号 M 相当 紺 ネイビー カットワークレース ボタニカル柄 お出掛け 春 夏 トップス レディース,17050,-853,0,0,美品,レリアン,Leilian,チュニック,表記,9号,M,相当,紺,ネイビー,カットワークレース,ボタニカル柄,お出掛け,春,夏,トップス,レディース,,,,,,
2024/05/05 11:49:16,,美品/ヴィヴィアンタム VIVIENNE TAM カッシュクールワンピース 小さいサイズ 表記1号(7号相当) 黒 メッシュ素材 美彩なお花刺繍 春夏向け,20020,0,910,0,美品,ヴィヴィアンタム,VIVIENNE,TAM,カッシュクールワンピース,小さいサイズ,表記1号(7号相当),黒,メッシュ素材,美彩なお花刺繍,春夏向け,,,,,,,,,,,,
2024/05/05 00:37:10,,新品同様/ビスケー BC ニットカットソー 表記 9号 M 相当 古着 茶 ブラウン レディース 春 夏 トップス 7分袖 薄手 麻混 リネン シンプル,8690,-300,0,600,新品同様,ビスケー,BC,ニットカットソー,表記,9号,M,相当,古着,茶,ブラウン,レディース,春,夏,トップス,7分袖,薄手,麻混,リネン,シンプル,,,
2024/05/04 12:08:38,,美品/ピンキー&amp;ダイアン Pinky&amp;Dianne ジャケット 羽織り 表記 38号 9号 M 相当 ピンク レディース 春 夏 アウター 薄手 シンプル とろみ感,13090,-200,0,0,美品,ピンキー&amp;ダイアン,Pinky&amp;Dianne,ジャケット,羽織り,表記,38号,9号,M,相当,ピンク,レディース,春,夏,アウター,薄手,シンプル,とろみ感,,,,,
2024/05/02 06:44:39,,M新品同様/キャロラインチャールズ CAROLINE CHARLES ジャガード織ジャケット 表記UK14号(11号/L相当) 黒 結婚式 春秋 アウター レディース,24300,0,0,0,M新品同様,キャロラインチャールズ,CAROLINE,CHARLES,ジャガード織ジャケット,表記UK14号(11号,L相当),黒,結婚式,春秋,アウター,レディース,,,,,,,,,,,
2024/04/30 22:11:47,,Ａ美品/ マダムジョコンダ MADAM JOCONDE 大人な美形ニット 表記9号(Mサイズ相当) 黒/ブラック 煌びやかなデザイン 春夏 トップス,5600,0,0,600,Ａ美品,マダムジョコンダ,MADAM,JOCONDE,大人な美形ニット,表記9号(Mサイズ相当),黒,ブラック,煌びやかなデザイン,春夏,トップス,,,,,,,,,,,,
2024/04/29 21:41:28,,美品/レキップ ヨシエイナバ L'EQUIPE YOSHIE INABA プリーツスカート ロング 表記 7号 S 相当 黒 ブラック レディース 春 夏 秋 ボトムス,9790,0,0,600,美品,レキップ,ヨシエイナバ,L'EQUIPE,YOSHIE,INABA,プリーツスカート,ロング,表記,7号,S,相当,黒,ブラック,レディース,春,夏,秋,ボトムス,,,,
2024/04/28 08:41:21,,美品/タルボット TALBOTS カーディガン 羽織り 表記 Ｍ 9号 相当 黒 ブラック レディース 春 夏 秋 トップス 長袖  シンプル ストレッチ,12430,-200,0,0,美品,タルボット,TALBOTS,カーディガン,羽織り,表記,Ｍ,9号,相当,黒,ブラック,レディース,春,夏,秋,トップス,長袖,シンプル,ストレッチ,,,,
2024/04/26 05:22:58,,新品同様/フラジール FRAGILE スカート 小さいサイズ 表記34号 5号 XS相当 シルバーグレー シンプル 薄手 膝丈 春 夏 ボトムス レディース,6270,0,0,600,新品同様,フラジール,FRAGILE,スカート,小さいサイズ,表記34号,5号,XS相当,シルバーグレー,シンプル,薄手,膝丈,春,夏,ボトムス,レディース,,,,,,,
2024/04/25 15:20:50,,新品/アルアバイル allureville マウンテンパーカー 表記2号 9号 M相当 古着 濃紺 ネイビー レディース フード 春 秋 アウター コットン,12980,0,0,0,新品,アルアバイル,allureville,マウンテンパーカー,表記2号,9号,M相当,古着,濃紺,ネイビー,レディース,フード,春,秋,アウター,コットン,,,,,,,
2024/04/24 13:41:28,,新品同様/フィットミーモア Fit me Moi チュニック 大きいサイズ 表記 EL 3L 15号 相当 古着 ピンク レディース 春 夏 トップス 長袖 薄手,9680,0,0,600,新品同様,フィットミーモア,Fit,me,Moi,チュニック,大きいサイズ,表記,EL,3L,15号,相当,古着,ピンク,レディース,春,夏,トップス,長袖,薄手,,,
2024/04/24 07:57:05,,S美【ニナリッチ】マルチカラ*ボタニカル柄*大人スカートスーツ9,6985,-300,0,600,S美【ニナリッチ】マルチカラ*ボタニカル柄*大人スカートスーツ9,,,,,,,,,,,,,,,,,,,,,,
2024/04/23 08:51:49,,美品/チャコット Chacott 社交ダンススカート 表記 Ｍ 9号 相当 赤 レッド レディース ボトムス フリンジ ミモレ丈 ストレッチ ゴム 伸縮,11000,0,0,0,美品,チャコット,Chacott,社交ダンススカート,表記,Ｍ,9号,相当,赤,レッド,レディース,ボトムス,フリンジ,ミモレ丈,ストレッチ,ゴム,伸縮,,,,,,
2024/04/23 08:35:17,,美品/ソニアリキエル SONIA RYKIEL ニット 大きい 表記 46号 13号〜15号 相当白 ホワイト 綿 ハート ビジュー 春 夏 トップス レディース,9350,0,0,600,美品,ソニアリキエル,SONIA,RYKIEL,ニット,大きい,表記,46号,13号〜15号,相当白,ホワイト,綿,ハート,ビジュー,春,夏,トップス,レディース,,,,,
