OrderTime,Title,TotalPrice,TotalMallCouponDiscount,ShipCharge,Season
2023/6/23 9:29,新品同様【中古】リフレクト Reflect ワールド フレアスカート スカート 表記 9号 M 38号 相当 古着 紫 パープル レディース 春 夏 春夏 ボトムス 膝丈 ひざ丈 薄手 幾何学柄 フレア 大人 女性 20代 30代 日本製 Aライン aライン 美脚 脚長効果 お出掛け,10000,0,0,春夏
2023/6/24 17:59,美品【中古】三年坂 和調ちりめんジャケット 表記M(9号/38号相当) 赤/レッド ヘリンボーン柄 伸縮 ロング丈 ミセス 春秋向け アウター レディース,19000,0,0,春秋
2023/6/24 20:57,美品【中古】ギビー Givy マウンテンパーカー ジャケット 9号 M 38号 相当 古着 茶系 ブラウン レディース 春夏 春 夏 アウター 長袖 薄手 フード 羽織り レオパード柄 ヒョウ柄 比翼 ジップアップファスナー 大人 女性 40代 50代 カジュアル  軽作業 アウトドア 軽い,12800,1280,0,春夏
2023/6/26 10:05,美品【中古】詩仙堂 ヒトシタムラ Hitoshi Tamura ブラウス 9号 M 38号 相当 古着 黒系 ブラック レディース 春 夏 春夏 トップス ちりめん 長袖 薄手 ゆったり 羽織り 襟付き 大人 女性 60代 70代 ミセス 日本製 おしゃれ,14700,0,0,春夏
2023/6/27 1:26,新品【中古】ジュエリー jewelry 東京ブラウス フレアスカート ミモレ丈スカート スカート レディース 表記 9号 M 38号 相当 古着 黒 ブラック 艶感 シンプル 無地 フレア ミモレ丈 薄手 軽やか 着回し 上品 大人 お出掛け 春 夏 秋 春夏秋 ボトムス 30代 40代 50代,19300,1000,0,春夏
2023/6/30 21:27,美品【中古】スペッチオ SPECCHIO カットソー プリーツ チュール 表記 40号 11号 L 相当 古着 黒 ブラック レディース 春 夏 春夏 トップス 半袖 5分袖 異素材 丸首 透け感 ビジュー シンプル おしゃれ ストレッチ 軽い 大人 女性 40代 50代 日本製生地,11900,0,0,春夏
2023/7/1 11:09,新品同様【中古】斉藤都世子 サイトウトヨコ toyoko saito 金ラメ ビジューりぼん ざっくり透け感 七分袖 美編サマーニット 9号/11号 春夏 レディース トップス,10700,2000,0,春夏
2023/7/1 22:39,美品【中古】ラルフローレン RALPH LAUREN 美形ジャケット 表記11号(40号/L相当) 茶/ブラウン グレンチェック柄 通勤 春秋向け アウター レディース,11000,2000,0,春秋
2023/7/1 23:55,美品【中古】コムデギャルソン COMME des GARCONS 大人な美的スカート 小さいサイズ 表記S(7号相当) 黒/ブラック ピンタック 春夏向け ボトムス レディース,12250,2000,0,春夏
2023/7/2 1:20,美品【中古】ソワールドルチェ SOIR DOLCE 東京ソワール フォーマルジャケット ノーカラージャケット 大きいサイズ 表記 13号 LL 2L 42号 相当 シルバーグレー レディース 春 夏 単品 レース 日本製 上品 透け感 おしゃれ エレガント 大人 女性 50代 60代 結婚式 薄手 長袖,30000,3000,0,春 夏
2023/7/2 1:47,美品【中古】東京ソワール D'REREAD-af 華やかジャケット 大きいサイズ 表記13号(LL相当) シルバー系 結婚式 春夏秋冬向け アウター レディース,16500,1650,0,春夏
2023/7/2 20:45,美品【中古】バーバリーブルーレーベル BURBERRY BLUE LABEL 黒×チェック たっぷりフリル お洒落ワンピース チュニック 38号/9号 春夏 レディース トップス,9150,915,0,春夏
2023/7/2 22:42,美品【中古】バーバリーブルーレーベル BURBERRY BLUE LABEL 美揺フレアスカート 小さめ 表記36号(7号相当) 黒/ブラック 牛革ベルト 春夏向け ボトムス レディース,11900,2000,0,春夏
2023/7/2 23:50,新品同様【中古】東京ソワール 上品ブラウスジャケット 小さいサイズ 表記7号(S相当) 黒/ブラック フォーマル 7分袖 透け感 春夏向け レディース,10500,1050,0,春夏
2023/7/4 20:19,新品同様【中古】イッセイミヤケ ISSEY MIYAKE お洒落なノースリーブカットソー 表記L(11号相当) 白 黒 繊細プリーツ チェック柄 春夏 トップス,9250,777,0,春夏
2023/7/4 20:23,新品同様【中古】コムデギャルソン COMME des GARCONS 茶 ヘリーボーン 変形スタイルロングスカート Mサイズ/9号 春夏秋 レディース ボトムス,11500,1000,0,春夏
2023/7/4 21:05,新品同様【中古】ロペ ROPE ワンピース タイトワンピース 表記 9号 9AT M 38号 相当 紺 ネイビー 濃紺 ノースリーブ ノーカラー 襟なし 薄手 艶感 膝丈 ひざ丈 シンプル Iライン vネック お呼ばれ お出掛け オフィス 通勤 大人 20代 30代 40代 春 夏 レディース 美品,8000,777,0,春 夏
2023/7/5 8:32,新品同様【中古】オールドイングランド OLD ENGLAND 美脚ストレッチパンツ 小さいサイズ 36号(7号/Sサイズ相当) 黒 コットン混 春夏向け レディース ボトムス,5000,0,0,春夏
2023/7/5 20:01,美品【中古】バーバリーブルーレーベル バーバリー BURBERRY BLUE LABEL タートル ニット 半袖 セーター 表記 38号 9号 Ｍ 相当 古着 茶 ブラウン レディース 秋 冬 秋冬 トップス 可愛い おしゃれ ウール 暖かい シンプル 大人 20代 30代 40代 お出掛け 通勤 軽い,22900,2000,0,秋冬
2023/7/5 22:16,美品【中古】三年坂 すみれ色 高級ちりめん 美揺ブラウススーツ フリーサイズ 春夏秋 レディース トップス,25150,2000,0,春夏
2023/7/5 22:16,美品【中古】三年坂 美彩スカートスーツ セットアップ 表記Mサイズ(9号/11号/Ｌ相当) 水色 ピンク 美彩色 高級ちりめん 薄手 春夏向け レディース,25150,2000,0,春夏
2023/7/5 22:16,新品同様【中古】三年坂 和柄風プルオーバーブラウス 表記L号(11号/40号相当) 青 グレー ちりめん素材 半袖 涼感 春夏向け トップス レディース,25150,2000,0,春夏
2023/7/5 22:38,美品【中古】レリアン Leilian 大人なフレアスカート 大きいサイズ 表記13号(15号/３L相当) 黒/ブラック 繊細な美柄 春夏 ボトムス レディース,11750,2000,0,春夏
2023/7/5 23:52,美品【中古】美品/三年坂formal 高級ちりめんコート 春コート 大きいサイズ(フリーサイズ９号～１３号相当) 黒 春秋 フォーマル アウター レディース,21900,2000,0,春秋
2023/7/5 23:52,美品【中古】三年坂 黒 高級ちりめん 透け感ジャケット 大きいサイズ フリーサイズ(15号相当) 秋冬 レディース アウター,21900,2000,0,秋冬
2023/7/7 0:21,美品【中古】東京スタイル TOKYO STYLE カーディガン レース 表記 9号 M 38号 相当 古着 白 ホワイト レディース 春 夏 トップス 綿 コットン 前開き 透け感 薄手 軽い おしゃれ 上品 大人 女性 30代 40代 50代 ミセス 羽織り 涼しげ 7分袖 七分袖 ショート丈 ノーカラー,14700,1000,0,春 夏
2023/7/8 19:00,新品同様【中古】CASUAL 三年坂 上品な美形ブラウス 高級ちりめん素材 大きいサイズ 表記F(13号～15号相当) 茶 黄色 ストライプ柄 春夏 トップス,20000,2000,0,春夏
2023/7/8 19:00,新品同様【中古】三年坂 大人な襟付きブラウス 高級ちりめん素材 表記L(11号相当) 黒/ブラック 繊細な美レース 春夏向け トップス レディース,20000,2000,0,春夏
2023/7/8 19:02,新品同様【中古】三年坂 高級ちりめん モダン美柄ジャケット Lサイズ/11号 春秋 レディース アウター,10000,2000,0,春秋
2023/7/8 19:03,美品【中古】三年坂 高級なノーカラージャケット ちりめん素材 (11号/L相当) ピンク 青 モダンな美柄 春夏向け アウター レディース,10650,2000,0,春夏
2023/7/8 19:04,美品【中古】三年坂 高級ちりめん 幾何学柄 美揺れセットアップ Lサイズ 春秋 レディース,10000,1000,0,春秋
2023/7/9 15:38,美品【中古】東京ソワール TOKYO SOIR ブラックフォーマルワンピーススーツ 小さいサイズ7号(S相当) 黒 冠婚葬祭 喪服 春夏秋向け セットアップ レディース,11600,1000,0,春夏
2023/7/10 19:32,新品同様【中古】ケイトスペード kate spade 美尻ストレッチパンツ 小さいサイズ表記0号(7/Sサイズ相当) 黒/ブラック 春夏向 ボトムス レディース,59300,2000,0,春夏
2023/7/10 19:32,新品同様【中古】セオリー theory 黒 ウール混 ピンストライプ柄 美的ジャケット 2号/9号 秋冬 レディース アウター,59300,2000,0,秋冬
2023/7/10 19:32,新品同様【中古】バーバリー Burberry's 上品ノーカラージャケット 表記7号(9～11号/M～L相当) 黒/ブラック グレンチェック柄 フォーマル 春秋冬向け アウター レディース,59300,2000,0,秋冬
2023/7/10 19:32,美品【中古】レリアン Leilian 上品なプリーツカットソー 表記9号(M相当) 黒/ブラック お出掛け お食事会 春夏向け トップス レディース,59300,2000,0,春夏
2023/7/10 20:21,美品【中古】トピーズ Topys ブラウス シャツ 9号 Ｍ 38号 相当 古着 ココア ブラウン系 こげ茶 レディース 春 秋 トップス 長袖 薄手 ゆったり ポップ柄 かわいい 可愛い おしゃれ 羽織り 襟付き 軽い 大人 女性 40代 50代 前開き,10000,2000,0,春 秋
2023/7/10 21:27,美品【中古】カルバンクライン CK Calvin Klein 美形ジャケット 4号(11号/Lサイズ相当) グレー ウール混 秋冬向け レディース アウター,16800,2000,0,秋冬
2023/7/10 21:27,新品同様【中古】スペッチオ SPECCHIO 大人な美揺れワンピース 表記40号(11号/L相当) 黒/ブラック 伸縮性 メッシュ素材 春夏向け レディース,16800,2000,0,春夏
2023/7/10 23:25,美品【中古】バーバリー BURBERRY 素敵なコットンジャケット 表記38号(9号/M相当) ベージュ チェック柄 春夏向け アウター レディース,26150,2000,0,春夏
2023/7/10 23:25,新品同様【中古】バーバリー BURBERRYS 英国WILLIAM BROWN チェック柄ウールスカート 表記9号(Mサイズ相当) 黒/ブラック チェック 春秋冬向け ボトムス レディース,26150,2000,0,秋冬
2023/7/10 23:59,新品同様【中古】レリアン Leilian 大人なフレアスカート 表記11号(L相当) グレー ステッチライン お出掛け 春夏秋向け ボトムス レディース,11400,2000,0,春夏
2023/7/11 0:29,新品同様【中古】エンフォルド ENFOLD ノースリーブワンピース ミモレ丈ワンピース ワンピース レディース 小さい 表記 36号 7号 S 相当 茶 ブラウン ステッチライン 伸縮性 ジャージ素材 ノースリーブ ミモレ丈 おしゃれ 大人 女性 お出掛け 春 夏 春夏 20代 30代,35500,2000,0,春夏
2023/7/11 1:18,新品同様【中古】ブレッケンリッジ breckenridge 黒×艶感 ブラック 比翼ジャケット 小さいサイズ 7号 春秋 レディース アウター,10300,2000,0,春秋
2023/7/11 1:18,美品【中古】ルーニィ LOUNIE 茶 ブラウン 幻想的な美柄 素敵チュニック ワンピース 38号/9号 春夏 レディース トップス,10300,2000,0,春夏
2023/7/11 19:49,美品【中古】バーバリー BURBERRY 大人な美形カットソー 表記38号(9号相当) 紺/ネイビー 綿コットン100％ 定番ロゴ 春夏向け トップス,4400,0,0,春夏
2023/7/12 10:43,新品同様【中古】ヴァンドゥーオクトーブル 22OCTOBRE /東京スタイル 黒×白 幻想美柄 ふんわりシフォン 美揺れスカート 大きいサイズ 46号/17号 春 夏 レディース ボトムス,11400,2000,0,春 夏
2023/7/12 10:43,美品【中古】東京ソワール LUNE SOIR 黒 極小プリーツ×シフォン 優雅なブラックフォーマルワンピース 大きいサイズ 17号(4Lサイズ相当) 春夏 レディース 冠婚葬祭,11400,2000,0,春夏
2023/7/13 22:05,新品同様【中古】ヒトシタムラ Hitoshi Tamura プルオーバーブラウス ブラウス レディース 9号 11号 M L 38号 40号 相当 黒 ブラック 和柄 格子柄 ちりめん素材 ロング丈 長袖 軽やか 上品 大人 女性 春 秋 春秋 トップス 40代 50代 60代,30300,2000,0,春秋
2023/7/16 19:51,新品同様【中古】エムズグレイシー M'S GRACY 素敵なフレアスカート 表記38号(9号相当) 黒 白 美花柄 お出掛け ボトムス 春夏秋向け レディース,19000,0,0,春夏
2023/7/16 19:56,新品同様【中古】ヒロコビス HIROKO BIS お洒落なフレアスカート 大きいサイズ 表記15号(3L相当) 黒/ブラック 異素材切り替え 春秋向け ボトムス レディース,17200,0,0,春秋
2023/7/19 21:08,新品同様【中古】ヒトシタムラ Hitoshi Tamura ガウチョパンツ ワイドパンツ レディース 小さい 7号 9号 S M 36号 38号 相当 ベージュ 黒 ちりめん素材 和柄 七分丈 軽やか 涼しげ お洒落 おしゃれ 上品 大人 女性 春 夏 秋 春夏秋 ボトムス 40代 50代 60代,27300,5460,0,春夏
2023/7/20 23:02,美品【中古】ヒロコビス HIROKO BIS 美揺フレアスカート 大きいサイズ 表記15号(44号/3L相当) 黄色/イエロー 葉柄 春夏向け ボトムス レディース,16300,0,0,春夏
2023/7/20 23:35,美品【中古】スペッチオ SPECCHIO 大人な美形セットアップ ワンピーススーツ 表記40号(11号相当) グレー 繊細な総プリーツ 春夏向け レディース,17800,0,0,春夏
2023/7/23 9:36,新品同様【中古】レリアン Leilian スカートスーツ セットアップ 小さいサイズ 表記 7号 S 相当 白 黒 ホワイト ブラック 幾何学模様 薄手 毛100％ ウール素材 軽やか 五分袖 ミモレ丈 上品 大人 オフィス ビジネス 日本製 40代 50代 春 夏 春夏 レディース,22000,4400,0,春夏
2023/7/23 14:57,美品【中古】ヒロコビス HIROKO BIS ヒロココシノ ワンピース 大きいサイズ 表記 13号 LL 相当 黒系 ブラック ニット 千鳥格子柄 ノーカラー 半袖 ミモレ丈 ストレッチ 伸縮 綺麗め きれいめ クラシカル お出掛け お食事会 大人 30代 40代 50代 春 秋 レディース,10600,0,0,春 秋
2023/7/24 20:04,美品【中古】レオナール LEONARD SPORT 長袖カットソー 表記 40号 11号 L 相当 白 ホワイト 綿 コットン 伸縮性 イラストデザイン Vネック ブランド刺繍 お洒落 おしゃれ 40代 50代 60代 お出掛け 春 秋 春秋 トップス レディース クリーニング後お渡し,16500,3300,0,春秋
2023/7/25 13:28,美品【中古】グラン山貴 RESPEC 黒ブラック 幾何学柄ワンピース チュニック 2号/9号 トップス 春秋 レディース トップス,9700,1940,0,春秋
2023/7/27 9:58,美品【中古】ヴィヴィアンタム VIVIENNE TAM ワンピース フレア フレアワンピース 小さいサイズ 小さめ 表記 0号 7号 S 相当 黒 紺 花柄レース 異素材切り替え 上品 大人 春 夏 春夏 30代 40代 パーティー お食事会 レディース,17500,0,0,春夏
2023/8/4 20:21,美品【中古】スペッチオ SPECCHIO ロングベスト カーディガン 羽織り 表記 40号 11号 L 相当 古着 黒 ブラック レディース 春 夏 春夏 半袖 フード 薄手 ゆったり 大人 女性 30代 40代 50代 シンプル 無地 前開き おしゃれ,13800,2760,0,春夏
2023/8/5 0:14,美品【中古】レリアン Leilian お洒落なフレアスカート 表記11号(L相当) 茶/ブラウン ウール チェック柄 お出掛け 秋冬向け ボトムス レディース,19200,3840,0,秋冬
2023/8/5 2:14,美品【中古】マックスマーラ Max Mara ワンピース イタリア製 表記 JI42号 9号 M 38号 相当 古着 黒 ブラック 絹100 シルク シフォン レディース 春 夏 春夏 薄手 膝丈 ひざ丈 花柄 フラワー おしゃれ 上品 大人 女性 20代 30代,17900,3580,0,春夏
2023/8/10 1:12,美品【中古】エムズグレイシー M'sGRACY ステンカラージャケット 表記 9号 M 38号 相当 濃紺 ネイビー 毛100 ウール 単品 卒業式 七五三 セレモニー 通勤 オフィス 上品 シンプル 無地 長袖 大人 30代 40代 細身シルエット 日本製 春 秋冬 秋 冬 アウター レディース,28800,5760,0,秋冬
2023/8/10 11:44,美品【中古】ヴィアファブリカ Via Faburrica 総透け感 美彩 薔薇柄チュニック Mサイズ～Lサイズ トップス 春夏 レディース トップス,7000,1400,0,春夏
2023/8/14 17:28,新品同様【中古】東京ソワール TOKYO SOIR ブラックフォーマルジャケット ジャケット ノーカラージャケット 表記 9号 M 相当 黒 ブラック 冠婚葬祭 ノーカラー 襟なし サテン 単品 長袖 大人 30代 40代 50代 ミセス 春 夏 秋 冬 オールシーズン アウター レディース,18600,0,0,春 夏
2023/8/14 22:07,美品【中古】ジュンコアラタ JUNKO ARATA 上品ブラックフォーマルワンピーススーツ 表記9号(M/38号相当) 黒 冠婚葬祭 喪服 春夏向け セットアップ レディース,23000,0,0,春夏
2023/8/18 22:30,新品同様【中古】ジュンアシダ jun ahida 上品ノーカラージャケット 表記11号(L相当) 青緑 艶感 絹シルク 繊細な美柄 春秋 アウター レディース,35000,7000,0,春秋
2023/8/20 22:44,美品【中古】TISANE チェスターコート カシミヤコート コート 表記 フリー F 13号 LL 2L 相当 茶 ブラウン 毛100 ウール カシミヤ シンプル 上品 しっとり 暖か 通勤 お出掛け クラシカル 日本製 大人 30代 40代 50代 秋 冬 秋冬 アウター レディース クリーニング後お渡し,18500,3700,0,秋冬
2023/9/1 11:53,新品【中古】アシール ASHILL フォーマル ワンピース ロングワンピース 表記 9号 M 38号 相当 ピンク レディース 春 夏 春夏 ロング 艶感 シンプル 変形裾 ノースリーブ 大人 女性 20代 30代 きれいめ 綺麗め おしゃれ 上品 パーティー お呼ばれ 未使用,21800,0,0,春夏
2023/9/1 18:52,美品【中古】トランク TRUNK ヒロココシノ HIROKO KOSHINO ノースリーブチュニック チュニック レディース 表記 40号 11号 L 相当 黒 ブラック モダン総柄 格子柄 薄手 ノースリーブ 異素材切り替え 軽やか 涼しげ 上品 大人 女性 春夏 春夏 トップス 30代 40代,12000,0,0,春夏
2023/9/3 21:39,新品同様【中古】トピーズ Topys ジップアップベスト ベスト レディース 11号 L 40号 相当 古着 茶 ブラウン 文字総柄 定番キャラクター メッシュ素材 ゆったり 軽やか お洒落 おしゃれ お出掛け 春 夏 秋 春夏秋 トップス 40代 50代 60代,14000,0,0,春夏
2023/9/4 20:03,美品【中古】レリアン Leilian 大人ワンピース 表記9号(38号/M相当) 紺/ネイビー クラシカルデザイン ステッチライン 半袖 春夏向け レディース,15000,1000,0,春夏
2023/9/4 20:49,美品【中古】スペッチオ SPECCHIO プリーツ素材セットアップ 表記40号(11号/L相当) 黒/ブラック ブラウス カットソー スカート 長袖 春夏向け レディース,7100,0,0,春夏
2023/9/4 21:41,新品同様【中古】トクコプルミエヴォル TOKUKO 1er VOL ワンピース ロングワンピース 表記 9号 Ｍ 相当 赤 レッド 綺麗め きれいめ ロング 7分袖 ペイズリー柄 薄手 大人 40代 50代 60代 日本製 ゆったり くつろぎ着 シンプル スリット お出掛け 襟付 春 夏 レディース 美品,13100,1000,0,春 夏
2023/9/4 23:16,新品同様【中古】ジバンシイ GIVENCHY 東京ソワール フォーマルブラウス ブラウス プルオーバー 大きいサイズ 大きい 表記 14号 LL 13号 相当 黒 ブラック レース 単品 長袖 ノーカラー 襟なし 日本製 大人 40代 50代 ミセス 春 夏 秋 冬 オールシーズン トップス レディース,11000,1000,0,春 夏
2023/9/4 23:58,美品【中古】東京ソワール GENIE SOIR ブラックフォーマル ワンピーススーツ 表記 11号 L 相当 黒 冠婚葬祭 喪服 礼服 セレモニー 卒業式 薄手 長袖 7分袖 ノーカラー シンプル 大人 30代 40代 春 夏 日本製 2点セット セットアップ  レディース クリーニング後お渡し,14000,1000,0,春 夏
2023/9/5 1:37,新品同様【中古】イエナ IENA ボーダー柄カーディガン トップス 9号(38号/Мサイズ相当) 茶/ブラウン 上質ウール100% 伸縮 春秋向け レディース,8400,1000,0,春秋
2023/9/5 1:37,新品【中古】ビラーヴェ Beloved ワールド プリーツスカート スカート 表記 11号 L 相当 薄紫 パープル 薄手 膝丈 ひざ丈 ふんわり シフォン 透け感 美揺 シンプル 無地 プリーツ お出掛け お呼ばれ お食事会 大人 20代 30代 春 夏 ボトムス レディース 新品タグ付き,8400,1000,0,春 夏
2023/9/5 4:19,美品【中古】ホコモモラ hocomomola シビラ 刺繍入ワンピース 表記42号(11号/L相当) 紺/ネイビー 綿/コットン 絹/シルク 3分袖 春夏向け レディース,7350,350,0,春夏
2023/9/5 4:20,美品【中古】コウジワタナベ KOJI WATANABE STYLE 東京スタイル ジャケット フォーマル 表記 9号 38号 M 相当 ベージュ ノーカラー  ベロア ウール 毛100 おしゃれ きれいめ 上品 お呼ばれ 令嬢 単品 シンプル 長袖 袖口フレア 春 秋 冬 アウター レディース,14950,0,0,春 秋
2023/9/5 4:20,新品同様【中古】グレード GRADE 東京スタイル 幾何学柄ワンピース 表記9号(38号/M相当) 白/ホワイト 青/ブルー系 グレー系 5分袖 ピンタック 春夏向け レディース,14950,0,0,春夏
2023/9/5 12:00,美品【中古】ちぐさボーベル Bowbell 上品な羽織りジャケット 大きいサイズ 表記17号(４L相当) 緑 青 美花柄 パーティー 春夏向け アウター レディース,27750,2000,0,春夏
2023/9/5 12:00,美品【中古】D’REREAD-af 東京ソワール 上品フォーマルジャケット 大きめ 表記17号(LL/3L相当) グレー 美花柄 フリル パーティー 春秋向け アウター,27750,2000,0,春秋
2023/9/5 17:28,美品【中古】プラステ PLST セオリー ふっくら暖ダウンコート ダウン80% 表記4号(11号/L相当) グレー リブ袖 へちま襟 秋冬向け アウター レディース,11500,1000,0,秋冬
2023/9/5 17:48,新品同様【中古】23区 テーラードジャケット ジャケット 小さいサイズ 小さい 表記 34号 7号 S 相当 黒 ブラック シンプル ストレッチ テーラード 単品 長袖 通勤 お出掛け ストレッチ 大人 日本製 20代 30代 40代 春 秋 アウター レディース クリーリング後お渡し,5400,1500,0,春 秋
2023/9/5 19:33,美品【中古】エフデ ef-de グレー ツイード 美的ワンピース 9号 秋冬春 レディース,8750,0,0,秋冬
2023/9/5 21:09,美品【中古】J.プレス ジェイプレス J PRESS ワンピース 表記 11号 L 40号 相当 古着 グレー レディース 春 夏 春夏 秋 7分袖 七分袖 毛100 ウール 薄手 シンプル 大人 女性 20代 30代 40代 膝丈 ひざ丈 日本製 おしゃれ 上品,13800,1000,0,春夏
2023/9/7 0:31,美品【中古】ローラアシュレイ LAURA ASHLEY 美形ノースリーブワンピース 表記11号(40号/L相当) 黒/ブラック 麻リネン100% 刺繍 シンプル 春夏向け レディース,9000,0,0,春夏
2023/9/7 22:24,美品【中古】ビースリー B3 B-Three クロップドパンツ 七分丈 表記 32号 9号 M 相当 茶 ブラウン モダン美柄 ストレッチ素材 伸縮性 上品 大人 お出掛け 春 秋 春秋 40代 50代 60代 ボトムス レディース,3250,0,0,春秋
2023/9/7 22:43,美品【中古】斉藤都世子 toyoko saito 大人色ニットカーディガン ニットの女王 9号/M相当 濃ワイン色系 シンプル 秋冬向け トップス レディース,7100,0,0,秋冬
2023/9/8 16:52,美品【中古】レリアン Leilian カーディガン ニットカーディガン 表記 9号 M 38号 相当 ピンク 差し色 ラメ 前開き シンプル 羽織 長袖 ニット 毛混 ウール vネック Vネック 大人 40代 50代 60代 おしゃれ 春 秋 冬 秋冬 トップス レディース クリーニング後お渡し,7000,0,0,秋冬
2023/9/9 2:16,美品【中古】アルマーニ ARMANI EXCHANGE ステンカラーコート フレアコート 小さいサイズ 表記 XXS 黒 ブラック aライン 毛混 ウール フェイクファー シンプル 無地 上品 お出掛け 通勤 膝丈 ひざ丈 大人 20代 30代 秋冬 秋 冬 アウター レディース クリーニング後お渡し,15850,1000,0,秋冬
2023/9/9 16:06,美品【中古】マックスマーラ piano forte MaxMara 大人ボレロ 表記I40号(11号相当) 黒/ブラック シルク混 ベルベット イタリア製 秋冬 アウター,14000,0,0,秋冬
2023/9/10 9:34,新品同様【中古】セオリーリュクス theory luxe 美的ワンピース 表記38号(9号/M相当) グレー ラメ 伸縮 膝丈 長袖 毛ウール混 春秋向け レディース,7400,777,0,春秋
2023/9/10 11:12,美品【中古】バーバリー Burberrys' ふっくらツイード 貴賓セットアップスーツ 表記9号(Mサイズ相当) 茶/ブラウン シルク混 秋冬向け レディース,32000,2000,0,秋冬
2023/9/10 11:52,美品【中古】ポールスミス Paul Smith タートルニット 表記 XL 11号 L 相当 グレー カラフル マルチカラー 毛 ウール ボーダー柄 お洒落 おしゃれ 暖かい ふっくら 30代 40代 50代 お出掛け 秋 冬 秋冬 トップス レディース クリーニング後お渡し,6250,500,0,秋冬
2023/9/10 13:49,美品【中古】ビースリー B-Three B3 ストレッチパンツ ロングパンツ 魔法のパンツ 小さいサイズ 表記 30号 7号 S 相当 深緑 グリーン シンプル 無地 ストレッチ 伸びやか 通勤 ロング 大人 30代 40代 50代 秋 冬 秋冬 ボトムス レディース,2600,0,0,秋冬
2023/9/10 14:40,美品【中古】自由区 美揺プリーツスカート 表記42号(11号/L相当) 茶/ブラウン 薄手 毛/ウール100% ロング丈 チェック柄 春秋向け ボトムス レディース,6800,1000,0,春秋
2023/9/10 14:42,新品同様【中古】ローラアシュレイ LAURA ASHLEY シフォン素材ブラウス 表記11号(40号/L相当) 紫/パープル 透け感 ペイズリー柄 半袖 春夏向け トップス レディース,5000,1000,0,春夏
2023/9/10 15:56,美品【中古】ユキサブロウワタナべミッチ YUKISABURO WATANABE MICH 美スカートセットアップスーツ 9号 小さいサイズ 7 レディース ボトムス,6930,0,0,秋冬
2023/9/10 18:01,新品同様【中古】東京ソワール SOIR DYRIQUE 優雅ドレスワンピース 表記9号(38号/M相当) 黒/ブラック ベロア×オーガンジー ラメ刺繍 異素材 透け感 長袖 秋冬向け レディース,18400,1000,0,秋冬
2023/9/10 21:12,新品同様【中古】マックスアズリア BCBG MAXAZRIA 素敵セットアップスーツ 表記M(9号相当)/小さい7号(S相当) ベージュ 花柄 春夏向け レディース,11500,1000,0,春夏
2023/9/10 23:17,美品【中古】ジュンアシダ jun ashida 上品ノーカラージャケット 表記9号(38号/M相当) 黒/ブラック ツイード素材 秋冬向け アウター レディース,15000,1000,0,秋冬
2023/9/10 23:23,美品【中古】カヤック kayak ロングワンピース ワンピース 9号 M 11号 L 相当 ベージュ 麻100 麻 リネン ナチュラル ゆったり シンプル 無地 半袖 ピンタック 日本製 大人 30代 40代 50代 ミセス お洒落 おしゃれ 上品 春 夏 レディース クリーニング後お渡し,4400,0,0,春 夏
2023/9/10 23:45,美品【中古】伊太利屋 GK 薄手ジップアップジャケット 表記11号(L相当) 茶/ブラウン ラメ入り 煌びやかなビジュー 繊細フリル 春夏向け アウター レディース,29150,2915,0,春夏
2023/9/10 23:45,美品【中古】レリアン Leilian デニムパンツ 大きいサイズ 13号/15号(LLサイズ/3Lサイズ/42号/44号相当) 黒/ブラック 刺繍 春秋冬向け レディース ボトムス,29150,2915,0,秋冬
2023/9/10 23:45,美品【中古】伊太利屋 GK 上品ニットチュニック 大きいサイズ 表記13号(LL相当) 金/ゴールド ビジュー付きボタン 春夏向け トップス レディース,29150,2915,0,春夏
2023/9/10 23:57,美品【中古】組曲 KUMIKYOKU フレアスカート スカート ツイードスカート 大きいサイズ 大きい 表記 6号 XXL 3L 相当 ブラウングレー こげ茶 ツイード 毛 ウール 膝丈 ひざ丈 ミモレ丈 シンプル 通勤 オフィス 日本製 大人 20代 30代 秋 冬 秋冬 ボトムス レディース,4100,500,0,秋冬
2023/9/11 1:28,美品【中古】ボッシュ BOSCH アルパカ混・モへヤ混 素敵ロングカーディガン 38号 トップス レディース,18380,0,0,秋冬
2023/9/11 1:28,美品【中古】リフレクト Reflect 紫 フリル ベロア調 お洒落ロングジャケット 9号 秋冬 レディース アウター,18380,0,0,秋冬
2023/9/11 1:28,美品【中古】スキャパ SCAPA フレアスカート スカート ウールスカート イタリア製生地 表記 38号 9号 M 相当 茶 ブラウン 毛100 ウール ペイズリー おしゃれ 上品 お出掛け フレア ミモレ丈 膝下丈 膝丈 軽やか 日本製 大人 30代 40代 春 秋 ボトムス レディース,18380,0,0,春 秋
2023/9/11 1:28,美品【中古】サンジョア Saint joie 素敵ジャケット 9AR号(38号/Mサイズ相当) ケーブル編み ウール素材 秋冬向け レディース アウター,18380,0,0,秋冬
2023/9/14 13:25,新品同様【中古】アイシービー iCB ラップスカート 巻きスカート ロングスカート 表記 40号 L 11号 相当 古着 紺 ネイビー 濃紺 レディース 春 秋 冬 秋冬 ボトムス ロング 可愛い かわいい 大人 女性 20代 30代 40代 綿 コットン シンプル おしゃれ お出掛け,14600,0,0,秋冬
2023/9/17 21:49,美品【中古】東京ソワール D'REREAD-af ブラックフォーマルワンピース 大きいサイズ 表記 21号 6L 相当 黒 冠婚葬祭 礼服 喪服 7分袖 2ピース風 前開き フロントファスナー ノーカラー 単品 ロング丈 日本製 大人 30代 40代 50代 春 夏 レディース クリーニング後お渡し,18550,0,0,春 夏
2023/9/20 2:07,新品同様【中古】東京ソワール D'REREAD-af ブラックフォーマル ワンピース 大きいサイズ 15号 15AR 3L XXL 相当 古着 黒 前開き 7分袖 春夏 春 夏 レディース 2P風 薄手 大人 女性 30代 40代 シンプル 冠婚葬祭 喪服 単品 上品 透け感 ミモレ丈 ノーカラー,31000,2000,0,春夏
2023/9/20 21:25,ファーバッグ 斜めがけ ファーショルダーバッグ トートバッグ ファートート 斜め掛け レディース ミニ バッグ 2way 秋冬 ブラック ベージュ ピンク 女性 軽い フェイクファー 可愛い ふわふわ ふわもこ ショルダーバッグ  手提げバッグ 誕生日 クリスマス プレゼント バック,3980,0,0,秋冬
2023/9/21 15:05,新品同様【中古】バーバリー BURBERRYS 紺 ウール100％ 美揺れスカート 40号/11号 秋冬 レディース ボトムス,24000,2000,0,秋冬
2023/9/28 11:03,美品【中古】ビーシービージーマックスアズリア BCBG MAXAZRIA ワンピース 表記 L 大きいサイズ XL  LL 13号 相当 茶 ブラウン ジャージ素材 7分袖 vネック Vネック ノーカラー ドット柄 花柄 フラワー ミモレ丈 大人 20代 30代 40代 春 夏 レディース クリーニング後お渡し,40840,0,0,春 夏
2023/9/28 11:03,新品同様【中古】クリッツィア EVEX by KRIZIA ワンピース チュニック 大きいサイズ 大きい 表記 44号 13号 LL 2L XL 相当 茶 ブラウン レディース 春 秋 長袖 おしゃれ お出掛け 普段着 大人 女性 30代 40代 50代 ストレッチ ノーカラー 膝丈 ひざ丈,40840,0,0,春 秋
2023/9/28 11:03,美品【中古】アンタイトル UNTITLED ワンピース 大きいサイズ 表記 44号 4L 相当 グレーベージュ 7分袖 毛100％ ウール シンプル お出掛け お食事会 ひざ丈 膝丈 大人可愛い 20代 30代 40代 大人 軽やか素材 日本製 春 秋 レディース,40840,0,0,春 秋
2023/10/1 16:38,美品【中古】ローラアシュレイ LAURA ASHLEY ベロアワンピース ワンピース ロングワンピース 古着 小さいサイズ 小さい 表記 7号 S 相当 黒系 ブラック 艶 美艶 ばら柄 花柄 フラワー ノースリーブ ロング 大人 20代 30代 40代 秋 冬 秋冬 レディース クリーニング後お渡し,22400,50,0,秋冬
2023/10/5 13:12,美品【中古】レリアン Leilian ふっくらニットワンピース 表記9号(M相当) グレー ウール素材 グラデーションデザイン お出掛け 秋冬向け レディース,20800,2000,0,秋冬
2023/10/5 19:55,ファーバッグ 斜めがけ ファーショルダーバッグ トートバッグ ファートート 斜め掛け レディース ミニ バッグ 2way 秋冬 ブラック ベージュ ピンク 女性 軽い フェイクファー 可愛い ふわふわ ふわもこ ショルダーバッグ  手提げバッグ 誕生日 クリスマス プレゼント バック,3980,0,0,秋冬
2023/10/8 10:32,新品同様【中古】アナイ ANAYI グレー 幾何学柄 素敵タートル半袖ニット 38号/9号 トップス 秋冬 レディース,9500,0,0,秋冬
2023/10/8 13:23,美品【中古】スコッチハウス THE SCOTCH HOUSE ミニスカート ボックスプリーツスカート 台形スカート 表記 38号 9号 M 相当 ベージュ シンプル 綿混 コットン混 大人可愛い 20代 30代 お出掛け 脚長効果 美脚魅せ 春 秋冬 ボトムス レディース,8200,0,0,秋冬
2023/10/8 16:38,新品同様【中古】東京ソワール カットソー 表記 L 11号 40号 相当 古着 黒 ブラック レディース 春 秋 冬 トップス 長袖 チュール フロッキー フォーマル 透け感 スタンドカラー お呼ばれ エレガント シースルー 花柄 フワラー 大人 女性 30代 40代 50代 ストレッチ,15200,1000,0,春 秋
2023/10/8 20:14,ファーバッグ 斜めがけ ファーバッグショルダー ファートート 斜め掛け レディース ポシェット ミニバッグ 2way  秋冬 バッグ ブラック ピンク 女性 軽い ファートートバッグ フェイクファー 可愛い ふわふわ ふわもこ ショルダーバッグ 肩掛け 手提げバッグ 【ウルプア】,3980,0,0,秋冬
2023/10/10 0:28,新品同様【中古】ボールジー BALLSEY 刺繍美柄 素敵ツイードラップスカート 小さいサイズ 36号(7号/Sサイズ相当) グレー 春秋冬向け レディース ボトムス,16400,0,0,秋冬
2023/10/10 21:51,美品【中古】ケンゾーワタナベ KENZO WATANABE 微ラメ 千鳥格子柄 スカートセットアップスーツ 11号/9号 レディース ボトムス,9450,0,0,秋冬
2023/10/12 16:20,美品【中古】シネカノン Sinequanone チェスターコート コート フランス製 表記 T38号 M 9号 相当 黒 ブラック 白 ホワイト 黒白ミックス ツイード 膝丈 毛混 ウール クラシカル おしゃれ お出掛け 通勤 チェスター 大人 30代 40代 50代 秋 冬 秋冬 アウター レディース,17700,0,0,秋冬
2023/10/14 7:39,ファーバッグ 斜めがけ ファーバッグショルダー ファートート 斜め掛け レディース ポシェット ミニバッグ 2way  秋冬 バッグ ブラック ピンク 女性 軽い ファートートバッグ フェイクファー 可愛い ふわふわ ふわもこ ショルダーバッグ 肩掛け 手提げバッグ 【ウルプア】,3980,0,0,秋冬
2023/10/14 12:26,美品【中古】エムズグレイシー M'S GRACY お洒落な異素材ワンピース 表記38号(9号/M相当) グレー 黄色 カシミヤ アンゴラ チェック柄 お出掛け 秋冬向け レディース,29800,0,0,秋冬
2023/10/15 14:26,ファーバッグショルダー ファーバッグ トートバッグ 斜めがけ ポシェット レディース 女性 ミニ バッグ 2way 秋冬バッグ ブラック ベージュ ホワイト バイカラー 軽量 可愛い 手提げ 収納 ふわふわ ふわもこ ファーバッグ ショルダーバッグ  誕生日 クリスマス プレゼント,3980,500,0,秋冬
2023/10/16 11:54,新品同様【中古】組曲 KUMIKYOKU A 20 ANS オンワード樫山 ハーフパンツ キュロットパンツ キュロット 表記 2号 9号 Ｍ 相当 グレー ツイード 毛混 ウール ゆったり シンプル 膝丈 ひざ丈 お出掛け 暖かい ストレッチ 伸縮 日本製 大人 20代 30代 秋 冬 ボトムス レディース,5900,20,0,秋 冬
2023/10/16 22:53,美品【中古】マックスマーラ Max Mara イタリア製ジャケット 表記IJ36号(小さいサイズ7号/S&#12316;細め9号/M相当) 黒/ブラック系 毛/ウール系 秋冬向け アウター レディース,29200,2000,0,秋冬
2023/10/18 9:08,ファーバッグショルダー ファーバッグ 斜めがけ トートバッグ ファートート ポシェット ファー レディース 女性 ミニバッグ 小さめ トート 2way 秋冬バッグ 斜め掛け 軽量 軽い 収納 パーティー かわいい きれいめ 手提げ ふわふわ ふわもこ ショルダーバッグ【ウルプア】,3980,796,0,秋冬
2023/10/18 23:48,新品同様【中古】レリアン Leilian シルバータグ 美編みニットポンチョ フリー F 大きいサイズ 黒/ブラック フリンジ 秋冬向け トップス レディース,10000,2000,0,秋冬
2023/10/20 15:17,美品【中古】組曲 KUMIKYOKU お洒落ジャケットコート 3号(11号/LLサイズ相当) 茶 ウール100％ 七分袖 白ドット柄 比翼仕立て 秋冬向け レディース アウター,8400,0,0,秋冬
2023/10/21 20:39,ファーバッグ 斜めがけ ファーバッグショルダー ファートート 斜め掛け レディース ポシェット ミニバッグ 2way  秋冬 バッグ ブラック ピンク 女性 軽い ファートートバッグ フェイクファー 可愛い ふわふわ ふわもこ ショルダーバッグ 肩掛け 手提げバッグ 【ウルプア】,3980,0,0,秋冬
2023/10/25 13:42,ファーバッグ 斜めがけ ファーショルダーバッグ トートバッグ ファートート 斜め掛け レディース ミニ バッグ 2way 秋冬 ブラック ベージュ ピンク 女性 軽い フェイクファー 可愛い ふわふわ ふわもこ ショルダーバッグ  手提げバッグ 誕生日 クリスマス プレゼント バック,3980,0,0,秋冬
2023/10/26 14:50,新品同様【中古】イエナ IENA 台形スカート 巻きスカート スカート 表記 38号 9号 M 相当 グレーベージュ チェック 大判チェック 毛 ウール 暖かい 防寒 フェルト系 おしゃれ 膝丈 ひざ丈 ミニ丈 前開き ストレッチ 大人 20代 30代 40代 秋 冬 ボトムス レディース,6800,0,0,秋 冬
2023/10/26 22:31,新品同様【中古】ローレル Laurel エスカーダ ESCADA テーラードジャケット ジャケット 大きいサイズ 表記 I44号 13号 相当 黒 ブラック ビックカラー 異素材切り替え 伸縮性 ハーフ丈 通勤 30代 40代 50代 春 秋 春秋 アウター レディース,13500,1000,0,春秋
2023/10/27 9:48,美品【中古】フラジール FRAGILE ツイードパンツ ロングパンツ スラックス 表記 38号 9号 M 相当 古着 グレー系 レディース 秋 冬 秋冬 ボトムス ラメ ゆったり 毛混 ウール 絹混 シルク ツイード ロング 大人 女性 40代 50代 日本製 通勤 オフィス お出掛け,8700,0,0,秋冬
2023/10/27 11:40,ファーバッグ 斜めがけ ファーショルダーバッグ トートバッグ ファートート 斜め掛け レディース ミニ バッグ 2way 秋冬 ブラック ベージュ ピンク 女性 軽い フェイクファー 可愛い ふわふわ ふわもこ ショルダーバッグ  手提げバッグ 誕生日 クリスマス プレゼント バック,3980,0,0,秋冬
2023/10/30 18:30,ファーバッグ 斜めがけ ファーショルダーバッグ トートバッグ ファートート 斜め掛け レディース ミニ バッグ 2way 秋冬 ブラック ベージュ ピンク 女性 軽い フェイクファー 可愛い ふわふわ ふわもこ ショルダーバッグ  手提げバッグ 誕生日 クリスマス プレゼント バック,3980,0,0,秋冬
2023/10/30 21:50,美品【中古】フォクシー FOXEY テーラードジャケット ウールジャケット 表記 38号 9号 M 相当 古着 ベージュ レディース 春 秋 アウター 毛 ウール シンプル リボン 大人 女性 20代 30代 日本製 かわいい 単品 ショート丈,10000,0,0,春 秋
2023/10/31 10:23,ファーバッグ 斜めがけ ファーショルダーバッグ トートバッグ ファートート 斜め掛け レディース ミニ バッグ 2way 秋冬 ブラック ベージュ ピンク 女性 軽い フェイクファー 可愛い ふわふわ ふわもこ ショルダーバッグ  手提げバッグ 誕生日 クリスマス プレゼント バック,3980,0,0,秋冬
2023/10/31 22:09,美品【中古】ダックス DAKS 大人テーラードジャケット 表記9号(38号/M相当) 茶/ブラウン チェック柄 クラシカル ゆったり 秋冬向け アウター レディース,26700,0,0,秋冬
2023/11/1 9:25,美品【中古】トクコプルミエヴォル TOKUKO 1er VOL フリルチュニック チュニック レディース 表記 9号 M 38号 相当 黒 ブラック 伸縮性 カラフル 美彩 多彩 円形 モダン フリル 薄手 長袖 軽やか 上品 大人 女性 お出掛け 春 秋 春秋 トップス 40代 50代 60代,15500,3100,0,春秋
2023/11/1 12:02,ファーバッグ 斜めがけ ファーショルダーバッグ トートバッグ ファートート 斜め掛け レディース ミニ バッグ 2way 秋冬 ブラック ベージュ ピンク 女性 軽い フェイクファー 可愛い ふわふわ ふわもこ ショルダーバッグ  手提げバッグ 誕生日 クリスマス プレゼント バック,3980,796,0,秋冬
2023/11/1 13:23,ファーバッグ 斜めがけ ファーショルダーバッグ トートバッグ ファートート 斜め掛け レディース ミニ バッグ 2way 秋冬 ブラック ベージュ ピンク 女性 軽い フェイクファー 可愛い ふわふわ ふわもこ ショルダーバッグ  手提げバッグ 誕生日 クリスマス プレゼント バック,3980,796,0,秋冬
2023/11/2 7:21,ファーバッグ 斜めがけ ファーショルダーバッグ トートバッグ ファートート 斜め掛け レディース ミニ バッグ 2way 秋冬 ブラック ベージュ ピンク 女性 軽い フェイクファー 可愛い ふわふわ ふわもこ ショルダーバッグ  手提げバッグ 誕生日 クリスマス プレゼント バック,3980,0,0,秋冬
2023/11/3 9:11,新品同様【中古】ディーエクステリア D.EXTERIOR /レリアン Leilian 異素材仕立てニットワンピース 1号(5号/7号/XSサイズ相当) 黒 ブラック イタリア製 春秋冬向け レディース トップス,23000,0,0,秋冬
2023/11/4 22:37,美品【中古】マダムジョコンダ MADAM JOCONDE 絹シルク混ジャケット イギリス製生地 9号(38号/Мサイズ相当) 茶/ブラウン ラメ 秋冬向け レディース アウター,26500,9950,0,秋冬
2023/11/6 8:02,美品【中古】マックスマーラ MaxMara 素敵な美形ジャケット イタリア製 表記I42号(9号/M相当) 白 黒 カシミヤ混 微小格子柄 秋冬向け アウター レディース,21500,8450,0,秋冬
2023/11/9 22:12,ファーバッグ 斜めがけ ファーショルダーバッグ トートバッグ ファートート 斜め掛け レディース ミニ バッグ 2way 秋冬 ブラック ベージュ ピンク 女性 軽い フェイクファー 可愛い ふわふわ ふわもこ ショルダーバッグ  手提げバッグ 誕生日 クリスマス プレゼント バック,7960,500,0,秋冬
2023/11/10 4:04,ファーバッグ 斜めがけ ファーショルダーバッグ トートバッグ ファートート 斜め掛け レディース ミニ バッグ 2way 秋冬 ブラック ベージュ ピンク 女性 軽い フェイクファー 可愛い ふわふわ ふわもこ ショルダーバッグ  手提げバッグ 誕生日 クリスマス プレゼント バック,3980,500,0,秋冬
2023/11/10 14:11,ファーバッグ 斜めがけ ファーショルダーバッグ トートバッグ ファートート 斜め掛け レディース ミニ バッグ 2way 秋冬 ブラック ベージュ ピンク 女性 軽い フェイクファー 可愛い ふわふわ ふわもこ ショルダーバッグ  手提げバッグ 誕生日 クリスマス プレゼント バック,3980,500,0,秋冬
2023/11/10 20:45,ファーバッグショルダー ファーバッグ トートバッグ 斜めがけ ポシェット レディース 女性 ミニ バッグ 2way 秋冬バッグ ブラック ベージュ ホワイト バイカラー 軽量 可愛い 手提げ 収納 ふわふわ ふわもこ ファーバッグ ショルダーバッグ  誕生日 クリスマス プレゼント,3980,500,0,秋冬
2023/11/10 20:56,ファーバッグショルダー ファーバッグ 斜めがけ トートバッグ ファートート ポシェット ファー レディース 女性 ミニバッグ 小さめ トート 2way 秋冬バッグ 斜め掛け 軽量 軽い 収納 パーティー かわいい きれいめ 手提げ ふわふわ ふわもこ ショルダーバッグ【ウルプア】,3980,500,0,秋冬
2023/11/12 10:20,新品同様【中古】詩仙堂 ヒトシタムラ ロングブラウス 高級ちりめん素材 ９号～11号 M L 相当 黒 ベージュ お花 幾何学模様 フリル 長袖 上品 大人 薄手 ロング丈 お出掛け 50代 60代 春 秋 春秋 トップス レディース,22500,0,0,春秋
2023/11/15 9:32,ファーバッグ 斜めがけ ファーバッグショルダー ファートート 斜め掛け レディース ポシェット ミニバッグ 2way  秋冬 バッグ ブラック ピンク 女性 軽い ファートートバッグ フェイクファー 可愛い ふわふわ ふわもこ ショルダーバッグ 肩掛け 手提げバッグ 【ウルプア】,3980,0,0,秋冬
2023/11/15 17:39,ファーバッグショルダー ファーバッグ 斜めがけ トートバッグ ファートート ポシェット ファー レディース 女性 ミニバッグ 小さめ トート 2way 秋冬バッグ 斜め掛け 軽量 軽い 収納 パーティー かわいい きれいめ 手提げ ふわふわ ふわもこ ショルダーバッグ【ウルプア】,3980,0,0,秋冬
2023/11/16 10:32,新品同様【中古】ハーモニカ HARMONICA 紺 豪華刺繍 上品ワンピース Mサイズ(9号相当) 春秋 レディース,18700,0,0,春秋
2023/11/16 21:47,ファーバッグ 斜めがけ ファーショルダーバッグ トートバッグ ファートート 斜め掛け レディース ミニ バッグ 2way 秋冬 ブラック ベージュ ピンク 女性 軽い フェイクファー 可愛い ふわふわ ふわもこ ショルダーバッグ  手提げバッグ 誕生日 クリスマス プレゼント バック,3980,0,0,秋冬
2023/11/16 23:52,新品同様【中古】ホコモモラ hocomomola シビラ 中綿入ジャケット 表記40号(M/9号相当) 黒/ブラック 総ボア ステッチライン 秋冬向け アウター レディース,20000,0,0,秋冬
2023/11/20 0:36,ファーバッグ 斜めがけ ファーショルダーバッグ トートバッグ ファートート 斜め掛け レディース ミニ バッグ 2way 秋冬 ブラック ベージュ ピンク 女性 軽い フェイクファー 可愛い ふわふわ ふわもこ ショルダーバッグ  手提げバッグ 誕生日 クリスマス プレゼント バック,3980,796,0,秋冬
2023/11/20 10:31,美品【中古】柔ラビット&フォックス 立体花&レース 毛皮ジャケット Mサイズ/9号 秋冬 レディース アウター,22000,4400,0,秋冬
2023/11/23 20:41,美品【中古】マギー maggy 綺麗水色系 スエード調 柔らか美ジャケット 9号 レディース アウター,10360,1000,0,秋冬
2023/11/23 21:15,ファーバッグ 斜めがけ ファーショルダーバッグ トートバッグ ファートート 斜め掛け レディース ミニ バッグ 2way 秋冬 ブラック ベージュ ピンク 女性 軽い フェイクファー 可愛い ふわふわ ふわもこ ショルダーバッグ  手提げバッグ 誕生日 クリスマス プレゼント バック,3980,0,0,秋冬
2023/11/29 12:53,美品【中古】ビースリー B-Three B3 ストレッチパンツ ロングパンツ スラックス 美脚 魔法のパンツ 表記 32号 9号 M 相当 古着 グレー系 レディース 秋冬 秋 冬 ボトムス 通勤 オフィス シンプル 毛混 ウール 大人 女性 50代 60代 ミセス,5000,0,0,秋冬
2023/11/29 16:52,美品【中古】アトリエフランセ AFEMME ロングワンピース レトロワンピース クラシカルワンピース 表記 11号 40号 L 相当 緑 グリーン レディース 春 夏 春夏 クラシカル レトロ ロング 長袖 薄手 艶感 ウール 毛 シルク 絹 大人 女性 60代 ミセス 前開き おしゃれ,10500,0,0,春夏
2023/12/3 10:21,新品同様【中古】ダブルビー wb スカートスーツ 表記 40号 11号 L 相当 古着 炭黒色系 ブラック系 レディース 春 秋 セットアップ ストライプ 毛混 ウール 絹混 シルク 艶感 おしゃれ 上品 日本製 大人 女性 20代 30代 2点セット,21900,0,0,春 秋
2023/12/4 20:02,美品【中古】プラステ PLST セオリー Theory ダウンコート 表記 9号 M 相当 紺 ネイビー シンプル 異素材切り替え リブ編み ロング丈 軽やか 暖か 極暖 お洒落 おしゃれ お出掛け 30代 40代 50代 秋 冬 秋冬 アウター レディース,10500,0,0,秋冬
2023/12/4 20:03,新品同様【中古】斉藤都世子 toyoko saito ニットカーディガン カーディガン ニット 9号 M 38号 11号 L 40号 相当 古着 黒 ブラック レディース 襟付き おしゃれ コーデ 変形 羽織 上着 長袖 前開き 大人 50代 60代 春 秋冬 秋 冬 トップス お出掛け ゆったり,12500,0,0,秋冬
2023/12/4 20:04,美品【中古】ルネ Rene ウールニット 長袖ニット ニット レディース 表記 34号 9号 M 38号 相当 古着 グレー 毛 ウール レース 白パール 刺繍 ゆったり 暖か ふんわり シンプル お洒落 おしゃれ お出掛け 秋 冬 秋冬 トップス 40代 50代 60代,13500,1000,0,秋冬
2023/12/4 20:05,美品【中古】レリアン Leilian テーラードジャケット ジャケット イタリア製生地 表記 11号 L 相当 カーキ コーデュロイ 綿 コットン カシミヤ 長袖 ふっくら 単品 襟付き テーラード シンプル 通勤 ストレッチ 日本製 大人 40代 50代 ミセス 秋 冬 アウター レディース,17800,0,0,秋 冬
2023/12/4 20:07,美品【中古】レリアン Leilian ジャケット 表記 11号 40号 L 相当 ブルーグレー系 グレンチェック テーラード風 毛 ウール おしゃれ 上品 お出掛け お呼ばれ 通勤 クラシカル 長袖 単品 ミセス 40代 50代 日本製 秋 冬 アウター レディース,17000,1000,0,秋 冬
2023/12/4 20:08,美品  カシミア100％ 黒系 ブラック 3釦 メンズ 高級 ステンカラーコート トップス アウター フォーマル シック あったか 古着 通勤 通学 20代 30代 40代 カシミア 素材 おでかけ 入学式 卒業式 Sサイズ 155～165 春秋冬,7500,0,0,秋冬
2023/12/4 20:09,美品【中古】プラステ PLST セオリー Theory ダウンコート 表記 9号 M 相当 紺 ネイビー シンプル 異素材切り替え リブ編み ロング丈 軽やか 暖か 極暖 お洒落 おしゃれ お出掛け 30代 40代 50代 秋 冬 秋冬 アウター レディース,10500,1000,0,秋冬
2023/12/4 20:16,新品同様【中古】シンクロクロッシング synchro crossings ふんわりアルパカ チェスターコート 38号(9号/11号/M/Lサイズ相当) グレー チェック柄 秋冬向け アウター レディース,13400,1000,0,秋冬
2023/12/4 20:17,美品【中古】三陽商会 SANYO 中綿コート スプリングコート 表記 11号 L 40号 相当 ボルドー ワインレッド ライナー付き シンプル 無地 ふっくら きれいめ 艶感 お出掛け 通勤 大人 40代 50代 ミセス おしゃれ 春 秋 冬 秋冬 アウター レディース クリーニング後お渡し,10500,1000,0,秋冬
2023/12/4 20:19,美品【中古】ヨークランド Yorkland プリーツスカート ウールスカート スカート レディース 大きい 表記 13AR 13号 LL XL 相当 黒 ブラック 毛 ウール チェック柄 ミモレ丈 お洒落 おしゃれ 可愛い かわいい 上品 大人 女性 お出掛け 秋冬 秋 冬 ボトムス 20代 30代,21000,2000,0,秋冬
2023/12/4 20:23,美品【中古】レキップ ヨシエイナバ L'EQUIPE YOSHIE INABA クロップドパンツ パンツ ツイードパンツ 9号 M 38号 相当 緑 グリーン系ミックス グリーン おしゃれ お出掛け 美脚 ツイード クロップド ストレッチ 伸縮 大人 30代 40代 秋 冬 秋冬 ボトムス レディース,2750,0,0,秋冬
2023/12/4 20:25,美品【中古】リリアンビューティ Liliane Burty 茶×ベロア スカートスーツ 小さいサイズ 5号/7号 春秋冬 レディース ボトムス,14200,1000,0,秋冬
2023/12/4 21:18,新品同様【中古】セオリーリュクス theory luxe タイトスカート スカート 古着 表記 38号 9号 M 相当 紺 ネイビー ジャージ素材 ストレッチ 膝丈 ひざ丈 シンプル 通勤 オフィス ビジネス お出掛け 日本製 大人 20代 30代 40代 50代 春 秋 冬 秋冬 ボトムス レディース 美品,5900,0,0,秋冬
2023/12/4 21:26,新品同様【中古】23区 美揺ミニスカート 小さいサイズ 32号(5号/XSサイズ相当) 紺 伸縮 柔らかウール混 秋冬向け レディース ボトムス,7150,0,0,秋冬
2023/12/4 22:06,新品【中古】ビースリー B-Three B3 ロングパンツ スラックス ストレッチパンツ 大きいサイズ 表記 36号 13号 相当 黒 ブラック レディース 春 秋 冬 秋冬 ボトムス 通勤 未使用品 大人 女性 30代 40代 50代 シンプル 無地 10分丈 ロング ストレッチ 魔法のパンツ,5900,0,0,秋冬
2023/12/4 23:56,美品【中古】noa-ge ダウンコート コート 表記 M 9号 38号 相当 紺 ネイビー ダウン90 フード付き ファー レッキス毛皮 ふっくら 膝丈 ひざ丈 お出掛け 通勤 アウトドア 暖かい 防寒 シンプル 大人 きれいめ おしゃれ 女性 30代 40代 50代 秋 冬 秋冬 アウター レディース,37150,1000,0,秋冬
2023/12/4 23:56,美品【中古】マックスコー MAX&CO マックスマーラ 圧縮ウール系コート ジャケット 表記M(9号/38号相当) グレー 2way襟 秋冬向け アウター レディース,37150,1000,0,秋冬
2023/12/4 23:56,新品同様【中古】スポーツマックス SPORTMAX /マックスマーラ イタリア製 黒×シフォンレース仕立 美揺れスカート 38号/9号 秋冬 レディース ボトムス,37150,1000,0,秋冬
2023/12/4 23:56,美品【中古】ジュンアシダ jun ashida スカートスーツ 表記 9号 M 38号 相当 黒 ブラック 毛100 ウール クラシカル 大人 50代 60代 お呼ばれ セレモニー 襟付き 長袖 タイトスカート 膝丈 ひざ丈 秋 冬 秋冬 セットアップ 2点セット レディース クリーニング後お渡し,37150,1000,0,秋冬
2023/12/5 5:56,美品【中古】ジバンシイ GIVENCHY ノーカラージャケット ジャケット 大きいサイズ 表記 42号 13号 LL 相当 青 ブルー ノーカラー 絹混 シルク 毛混 ウール ジャガード ラメ ロング丈 単品 大人 50代 60代 ミセス 秋 冬 アウター レディース クリーニング後お渡し,14150,1000,0,秋 冬
2023/12/5 6:46,新品同様【中古】レリアン Leilian ワンピース ノーカラーワンピース 大きいサイズ 表記 17号 4L 相当 古着 黒 ブラック レディース 秋 冬 秋冬 長袖 フロッキー イタリア製地 ミモレ丈 大人 女性 50代 60代 ノーカラー 日本製 おしゃれ お呼ばれ お食事会 エレガント,34200,2000,0,秋冬
2023/12/5 10:20,美品【中古】22オクトーブル 22OCTOBRE 極暖ダウンジャケット ダウン80% 表記40号(11号/L相当) 黒/ブラック ラクーンファー付 秋冬向け アウター レディース,10000,1000,0,秋冬
2023/12/5 11:05,新品【中古】ST.CHRIS ニット カットソー 表記 M 9号 38号 L 11号 40号 白 ホワイト レディース 春 秋 トップス 長袖 花柄 フラワー 綿混 コットン ビジュー 大人 女性 50代 60代 ミセス おしゃれ 上品 華やか 未使用品,9099,0,0,春 秋
2023/12/5 11:05,新品タグ付【中古】Midage /福助 モヘヤ混 レジメボーダー柄 素敵ニット Mサイズ トップス レディース 新品タグ付￥16000,9099,0,0,秋冬
2023/12/5 12:02,美品【中古】東京イギン TOKYO IGIN ブラックフォーマルジャケット フォーマルジャケット ノーカラージャケット 大きいサイズ 大きい 表記 19号 5L 相当 黒 ブラック 羽織 薄手 長袖 冠婚葬祭 喪服 単品 日本製 大人 40代 50代 60代 春 夏 アウター レディース,10400,1000,0,春 夏
2023/12/5 17:49,美品【中古】バーバリー BURBERRY 美的ジャンパースカート 小さいサイズ 表記38号(7号相当) 黒/ブラック チェック柄 お出掛け 春夏向け レディース,37048,2000,0,春夏
2023/12/5 17:49,新品同様【中古】ボールジー BALLSEY テーラードジャケット ジャケット 9号 M 相当 レンガ色 茶系 ブラウン ツイード 絹 シルク 毛 ウール 長袖 ストレッチ 伸縮 テーラード 通勤 おしゃれ ふっくら 軽やか 日本製 大人 50代 60代 ミセス 秋 冬 アウター レディース,37048,2000,0,秋 冬
2023/12/5 17:49,美品【中古】インディヴィ INDIVI ふっくら美的ワンピース 38号(9号/Mサイズ相当) グレー ウール100％ 半袖 秋冬向け レディース,37048,2000,0,秋冬
2023/12/5 17:49,美品【中古】イギン IGIN ブラックフォーマル ワンピーススーツ 表記 9号 M 38号 相当 黒 ブラック 冠婚葬祭 喪服 長袖 5分袖 襟付き ノーカラー ミモレ丈 2点セット セットアップ 極小ワッフル地風 日本製 大人 40代 50代 春 夏 秋 レディース クリーニング後お渡し,37048,2000,0,春 夏
2023/12/5 21:43,美品【中古】エムプルミエ M-PREMIER ニットジャケット ジップアップジャケット ニットブルゾン ブルゾン 小さいサイズ 小さい 表記 34号 5号 XS 相当 古着 グレー レディース 秋 冬 秋冬 アウター ジップアップ 毛混 ショート丈 比翼 大人 女性 40代 50代 日本製 シンプル,15200,1000,0,秋冬
2023/12/5 22:26,美品【中古】バーバリー BURBERRY LONDON 上品スカート 表記38号(9号/Ｍ相当) アイボリー ツイード素材 微ラメ シンプル 春秋冬向け ボトムス レディース,18900,1000,0,秋冬
2023/12/5 22:26,美品【中古】バーバリー Burberrys 大人なニットジャケット 表記M号(9号相当) オフ白 金ボタン パーティー 春秋向け アウター レディース,18900,1000,0,春秋
2023/12/6 0:07,美品【中古】レオナール LEONARD 黒系 ブラック系 美脚スタイル 大人ロング美パンツ 9号 レディース ボトムス,3080,1500,0,春夏
2023/12/6 13:07,美品【中古】スペッチオ SPECCHIO カーディガン プリーツ加工 表記 40号 11号 L 相当 こげ茶 濃茶 濃ブラウン 羽織 長袖 薄手 軽い シンプル 無地 冷房対策 ノーカラー 襟なし おしゃれ お洒落 日本製 大人 30代 40代 50代 春 夏 トップス レディース,5500,0,0,春 夏
2023/12/6 13:13,美品【中古】OL ITALY レザージャケット スタンドカラージャケット ジャケット レディース イタリア製生地 9号～11号 M～L 相当 古着 黒 ブラック 本革 羊革 高級 レザー スタンドカラー 艶感 滑らか 軽やか クール 上品 大人 お出掛け 秋 冬 秋冬 アウター 30代 40代 50代,18750,0,0,秋冬
2023/12/7 3:42,美品【中古】オッジクラブ oggi club ダウンコート ダウン レディース 大きい 表記 42号 13号 LL XL 2L 相当 古着 紫 パープル シンプル 無地 へちま襟 ふっくら 軽やか 暖か 上品 大人 お洒落 おしゃれ お出掛け 秋 冬 秋冬 アウター 40代 50代 60代,11750,1000,0,秋冬
2023/12/7 8:39,美品【中古】4298 洋服屋 シズカコムロ SHIZUKA KOMURO トレンチコート ウールコート コート レディース 表記 40号 11号 L 相当 古着 グレー 毛 ウール ヘリンボーン柄 ハーフ丈 ミディアム ふっくら 暖か お洒落 おしゃれ お出掛け 秋 冬 秋冬 アウター 40代 50代 60代,14250,50,0,秋冬
2023/12/7 14:41,新品同様【中古】エンスイート ensuite ナイロンジャケット 表記 2号 9号 M 38号 相当 古着 ピンク カーキ レディース フード 春 夏 秋 アウター 花柄 フラワー 薄手 軽い 可愛い かわいい 長袖 ジップアップ アウトドア カジュアル 大人 女性 20代 30代 40代 50代,28849,2000,0,春 夏
2023/12/7 14:41,新品同様【中古】コムサデモード COMME CA DU MODE お洒落ジャケット Mサイズ(9号/38号相当) ネイビー×艶感 コットン混 春秋向け レディース アウター,28849,2000,0,春秋
2023/12/7 14:41,新品同様【中古】スキャパ SCAPA 玉虫色ジャケット/ブラウス 表記40号(11号/L相当) 茶/ブラウン 絹シルク混 長袖 春秋向け アウター トップス レディース,28849,2000,0,春秋
2023/12/7 14:41,美品【中古】コムサ28 COMME CA28 グレー系 お洒落ダメージ風デニムジャケット 小さいサイズ Sサイズ レディース アウター,28849,2000,0,春秋
2023/12/7 14:41,新品同様【中古】ブルーノピアッテリ BRUNO PIRTTELLI カーディガン 表記 緑タグ M 9号 相当 黒 ブラック 長袖 襟付き 薄手 冷房対策 羽織 軽やか プリーツ ストレッチ 伸縮 シンプル おしゃれ お洒落 大人 30代 40代 50代 ミセス 春 夏 秋 トップス レディース,28849,2000,0,春 夏
2023/12/7 14:41,新品同様【中古】アクアスキュータム Aquascutum お洒落カットソー 小さいサイズ (Ｓ相当) 赤 茶 ジャージ素材 幾何学柄デザイン 春夏向け トップス,28849,2000,0,春夏
2023/12/8 0:20,新品同様【中古】東京ソワール SOIR PERLE フォーマルスカート フレアスカート ロングスカート 表記 9号 38号 M 相当 古着 黒 ブラック レディース 春 夏 春夏 秋 冬 オールシーズン ボトムス 単品 シンプル 無地 ゴム 大人 女性 30代 40代 50代 日本製 フォーマル,10950,1000,0,春夏
2023/12/8 23:28,美品【中古】ポールスチュアート Paul Stuart カーディガン ノーカラージャケット 表記 6号 M 9号 38号 相当 古着 濃紺 紺 ネイビー レディース 春 夏 春夏 トップス アウター 綿100 コットン ビーズ 薄手 長袖 日本製 大人 女性 30代 40代 シンプル 通勤 ストレッチ,14500,0,0,春夏
2023/12/8 23:28,美品【中古】ポールスチュアート Paul Stuart 大人ジャケット 表記11号(40号/L相当) 紺/ネイビー 毛ウール100% シンプル 通勤 春秋向け アウター レディース,14500,0,0,春秋
2023/12/9 12:34,美品【中古】伊太利屋 GK ジップアップジャケット スタンドカラージャケット ジャケット レディース 大きい 表記 13号 LL XL 相当 白 ホワイト 黒 ブラック アニマル柄 スタンドカラー おしゃれ 軽やか 上品 大人 女性 お出掛け 春 夏 春夏 アウター 40代 50代 60代,25500,0,0,春夏
2023/12/9 15:39,新品同様【中古】ロイスクレヨン Lois CRAYON チュールスカート スカート 表記 M 9号 38号 相当 古着 ワインレッド おしゃれ レディース 春 夏 春夏 ボトムス かわいい ひざ丈 膝丈 大人 女性 10代 20代 30代 日本製 おしゃれ シースルー ゴム チュール 透け感,7400,0,0,春夏
2023/12/9 19:36,美品【中古】マチコ ジント ロンドン MACHIKO JINTI LONDON ロングワンピース ワンピース 9号 M 38号 相当 古着 紺 ネイビー レディース 春 秋 冬 秋冬 ウール 毛 ストライプ 長袖 ノーカラー ロング 変形 大人 女性 20代 30代 40代 おしゃれ きれいめ きれい 上品,8350,777,0,秋冬
2023/12/9 20:53,新品同様【中古】東京ソワール TOKYO SOIR ブラックフォーマル ワンピーススーツ 表記 11号 L 40号 相当 古着 黒 レディース 春 夏 秋 冬 オールシーズン 前開き 前開きワンピース 冠婚葬祭 喪服 セットアップ 2点セット 長袖 7分袖 ノーカラー 大人 女性 30代 40代 50代,16200,1000,0,春 夏
2023/12/10 0:08,美品【中古】ケティ Ketty ダウンジャケット 表記 2号 9号 M 相当 紺 ネイビー ダウン ふっくら 軽い 暖かい 防寒 シンプル ショート丈 カジュアル 通勤 お出掛け アウトドア 大人 30代 40代 50代 秋 冬 秋冬 アウター レディース クリーニング後お渡し,9450,777,0,秋冬
2023/12/10 1:27,美品【中古】ノコオーノ TYPHOON お洒落ケープコート リバーシブル 表記2号(9号/M相当) 黒/ブラック グレー 毛/ウール 秋冬向け アウター レディース,13400,1000,0,秋冬
2023/12/10 6:22,新品同様【中古】ハーモニカ HARMONICA 美艶フォーマルジャケット 表記L(11号/40号相当) 黒/ブラック 櫛引柄 ノーカラー 春夏秋向け アウター レディース,7599,0,0,春夏
2023/12/10 17:36,新品同様【中古】スペッチオ SPECCHIO スカート プリーツスカート ロングスカート 表記 40号 11号 L 相当 茶 ブラウン 艶感 プリーツ シンプル 無地 ロング丈 上品 大人 お食事会 お出掛け 40代 50代 60代 春 秋 春秋 ボトムス レディース,5399,1000,0,春秋
2023/12/10 20:27,新品同様【中古】斉藤都世子 サイトウトヨコ toyoko saito グレー×ラメ 薔薇柄 ニット 素敵ワンピース 9号/38号 レディース トップス,22500,2000,0,春夏
2023/12/10 20:33,美品【中古】ジュンアシダ jun ashida ノーカラージャケット 表記 11号 L 40号 相当 黒 ブラック クラシカル 単品 麻混 リネン混 長袖 変形裾 シンプル 大人 40代 50代 通勤 オフィス お出掛け 春 秋 アウター レディース,34000,2000,0,春 秋
2023/12/10 20:33,新品同様【中古】ユキトリイ YUKI TORII フォーマルジャケット ノーカラージャケット ジャケット レディース 表記 9号 M 38号 相当 黒 ブラック シンプル 無地 ノーカラー サテン生地 きれいめ 上品 大人 女性 冠婚葬祭 喪服 春 秋 春秋 アウター 単品 40代 50代 60代,34000,2000,0,春秋
2023/12/10 21:48,美品【中古】ビスケー BC 大人なノーカラージャケット 大きいサイズ (13号相当) グレー 絹シルク混 グレンチェック柄 春秋向け アウター レディース,22149,2000,0,春秋
2023/12/10 21:48,新品同様【中古】ビスケー BC ニットカーディガン カーディガン 大きいサイズ 大きい 大きめ 13号 LL 2L 42号 相当 古着 グレー レディース 前開き ニット ウール シンプル 長袖 羽織 襟付き 大人 50代 60代 70代 ミセス ゆったり ゆるめ 秋 冬 秋冬 トップス 日本製,22149,2000,0,秋冬
2023/12/10 23:57,美品【中古】ルゥデ Rewde ダウンコート コート 9号 M 38号 相当 古着 黒 ブラック レディース フード付き ファー 暖かい シンプル カジュアル 秋 冬 秋冬 アウター 大人 女性 40代 50代 ミセス アウトドア リボン 比翼 通勤 お出掛け 上品 きれいめ,7400,0,0,秋冬
2023/12/12 0:19,美品【中古】ソニアリキエル SONIA RYKIEL  タイトスカート ベロアスカート スカート レディース フランス製 表記 M 9号 38号 相当 黒 ブラック 綿 コットン 艶感 シンプル 無地 ロング丈 きれいめ フォーマル 高級感 上品 大人 女性 秋 冬 秋冬 ボトムス 40代 50代 60代,16300,0,0,秋冬
2023/12/14 10:53,美品【中古】チャコット Chacott 社交ダンススカート 表記 M 9号 38号 相当 古着 赤 レッド レディース 春 夏 春夏 秋 冬 オールシーズン ボトムス 膝丈 ひざ丈 ミニ丈 フリル シフォン 日本製 大人 女性 30代 40代 発表会 練習着 単品,10000,0,0,春夏
2023/12/21 12:30,新品【中古】ギビー Givy ロングスカート スカート 表記 11号 L 40号 相当 オレンジブラウン系 差し色 毛100 ウール シンプル 無地 伸縮 ストレッチ おしゃれ お出掛け ロング 大人可愛い 日本製 大人 20代 30代 40代 秋 冬 秋冬 ボトムス レディース 未使用品,10500,1000,0,秋冬
2023/12/21 20:30,美品【中古】セリーヌ SELINE ふっくらツイードジャケット 表記38号(9号/Mサイズ相当) 茶/チェック柄 フランス製 秋冬向け アウター レディース,62000,0,0,秋冬
2023/12/26 8:25,美品【中古】エレントレーシー ELLEN TRACY ウールコート ロングコート コート レディース 表記 10P 11号 13号 L LL 相当 黒 ブラック 毛 ウール フォックスファー ふっくら 暖か 高級 エレガント 上品 大人 女性 お出掛け パーティー 秋冬 秋 冬 アウター 40代 50代 60代,35000,0,0,秋冬
2023/12/29 13:04,美品【中古】ベルタボーノ BELTA BUONO ステンカラーコート ウールコート コート レディース 大きい 13号 LL XL 相当 グレー カシミヤ シンプル 無地 ステンカラー ロング丈 比翼仕立て ふっくら 暖か 上品 大人 女性 お出掛け 通勤 秋 冬 秋冬 アウター 40代 50代 60代,28500,0,0,秋冬
2024/1/1 0:03,新品同様【中古】エフデ ef-de ニット素材ワンピース 大きいサイズ 表記15号(3L相当) 黒/ブラック系 微ラメ ブレード 毛/ウール混 長袖 秋冬向け レディース,78050,7805,0,秋冬
2024/1/1 0:03,新品同様【中古】ランズエンド LANDS END ワンピース 古着 大きいサイズ 大きい 表記 15号 3L 相当 紺 ネイビー 5分袖 7分袖 七分袖 ノーカラー 襟なし チェック 上品 膝丈 ひざ丈 シンプル おしゃれ お出掛け きれいめ 大人 30代 40代 春 秋 レディース 美品,78050,7805,0,春 秋
2024/1/1 0:03,美品【中古】グレープ横浜元町 grape チュニック 大きいサイズ 大きい 9号 M 11号 L 13号 LL 2L 15号 3L相当 古着 濃紺 ネイビー レディース 麻100 リネン 春 春服 春物 夏 春夏 秋 トップス vネック Vネック ゆったり 半袖 1分袖 大人 女性 30代 40代 50代 シンプル,78050,7805,0,春夏
2024/1/1 0:03,新品同様【中古】東京イギン TOKYO IGIN ブラックフォーマル ジャケット 大きいサイズ 大きい 表記 15号 3L 相当 中古 黒 ブラック レディース 単品 ジャケットのみ 春 夏 秋 冬 秋冬 オールシーズン 冠婚葬祭 喪服 テーラード 長袖 大人 女性 40代 50代 60代,78050,7805,0,秋冬
2024/1/1 0:03,美品【中古】東京ソワール SOIR BENIR 上品ブラックフォーマルスーツ 大きいサイズ 表記15号(3L相当) 黒 冠婚葬祭 喪服 春夏秋冬向け セットアップ レディース,78050,7805,0,春夏
2024/1/1 0:03,美品【中古】サルヴァトーレフェラガモ Salvatore Ferragamo スカートスーツ イタリア製 大きいサイズ I46/44(13号/11号相当) 黒 シルク素材 オフィス 春夏向け,78050,7805,0,春夏
2024/1/1 0:03,新品同様【中古】ラブリークイーン KANSAI FORMAL ブラックフォーマル ワンピーススーツ 大きい 大きいサイズ 表記 13号 LL 2L 相当 黒 ブラック 長袖 7分袖 ノーカラー ワッフル地風 冠婚葬祭 セットアップ 2点セット 20代 30代 40代 春 夏 レディース クリーニング済み,78050,7805,0,春 夏
2024/1/1 0:06,新品【中古】23区 ワンピース ツイードワンピース ジャンパースカート 表記 38号 M 9号 相当 グレー ラメ レディース 新品未使用 ツイード 深vネック vネック ノースリーブ シンプル おしゃれ ひざ丈 膝丈 秋 冬 秋冬 暖かい 大人 20代 30代 ストレッチ タイト コットン,8400,0,0,秋冬
2024/1/1 0:17,美品【中古】ヤッコマリカルド YACCO MARICARD 長袖ブラウス ブラウス レディース 表記 2号 9号 M 38号 相当 古着  紫 パープル 綿 コットン ストライプ柄 上品 大人 お洒落 おしゃれ お出掛け 春 秋 春秋 トップス 40代 50代 60代,10500,1050,0,春秋
2024/1/1 0:29,美品【中古】アナイ ANAYI コート ロング ダウン 小さいサイズ 表記 36号 7号 S 相当 紺 ネイビー シンプル 無地 へちま襟 ダウンコート 40代 50代 60代 お出掛け 秋冬 アウター レディース,10000,1000,0,秋冬
2024/1/1 0:33,新品同様【中古】クロチェーラ crociera スタンドカラーコート ハーフコート コート レディース 9号 M 38号 相当 古着  ピンク 毛 ウール 幾何学模様 しっとり 暖か お洒落 おしゃれ 可愛い かわいい お出掛け 秋 冬 秋冬 アウター 20代 30代 40代,11650,1165,0,秋冬
2024/1/1 1:07,美品【中古】バーバリーゴルフ BURBERRY GOLF 茶 シルク混 美脚ツイードパンツ 大きいサイズ 13号 レディース ボトムス,4200,240,600,春秋
2024/1/1 4:30,美品【中古】シャレブラン Chalet Blanc ステンカラーコート ウールコート 表記 11号 L 40号 相当 古着 レンガ色 煉瓦色 茶系 ブラウン系  アルパカ 毛100 ウール お出掛け 通勤 シンプル 長袖 膝下丈 ひざ下丈 ロング 大人 50代 60代 秋冬 秋 冬 アウター レディース,10899,0,0,秋冬
2024/1/1 5:49,美品【中古】バーバリー Burberrys 大人ツイードスカートスーツ 表記9号/7号(M/S相当) 黒 白 シルク混 ウール オフィス ビジネス 秋冬向け レディース,19250,1925,0,秋冬
2024/1/1 6:42,美品【中古】バーバリー BURBERRYS ブラウス スカート セットアップ レディース 表記 9号 M 38号 相当 古着 紺 ネイビー 白 ホワイト ボタニカル柄 シフォン素材 薄手 半袖 ミモレ丈 涼しげ 軽やか 上品 大人 女性 お出掛け お食事会 春 夏 春夏 40代 50代 60代,14500,1450,0,春夏
2024/1/1 7:36,美品【中古】ザラウーマン ZARA WOMAN ワンピース ノースリーブワンピース 表記 L 11号 大きいサイズ 13号 LL 相当 ブラウングレー 絹100 シルク 綿100 コットン ビーズ スパンコール レース 薄手 膝丈 ひざ丈 ふんわり 10代 20代 春 夏 レディース クリーニング後お渡し,2950,0,0,春 夏
2024/1/1 8:50,美品【中古】 ジャンニロジュディチェ GIANNI LO GIUDICE デニムジャケット 表記40号(11号相当) グレー お出掛け 春秋向け アウター レディース,7500,750,0,春秋
2024/1/1 10:26,美品【中古】伊太利屋 GK ストレッチパンツ ロングパンツ パンツ レディース 大きい 大きいサイズ 表記 13号 42号 LL XL 2L 相当 古着 黒 ブラック 艶感 シンプル 無地 上品 大人 お洒落 おしゃれ お出掛け 春 秋 春秋 ボトムス 40代 50代 60代,10500,1240,0,春秋
2024/1/1 15:24,美品【中古】群言堂 石見銀山 コットンスカート ミモレ丈スカート スカート レディース 9号 M 38号 相当 茶色 ブラウン 綿 コットン 薄手 ピンタック ミモレ丈 軽やか お洒落 おしゃれ 上品 大人 女性 お出掛け 春 夏 秋 春夏秋 ボトムス 40代 50代 60代,10899,0,0,春夏
2024/1/1 17:13,美品【中古】ダーマコレクション DAMA collection シルク ワンピース 表記 9号 M 38号 相当 ワインレッド 絹100% 花柄 半袖 薄手 軽やか vネック ひざ丈 膝丈 お出掛け お呼ばれ 上品 お洒落 大人 40代 50代 春 夏 レディース,7500,750,0,春 夏
2024/1/1 21:04,美品【中古】プラステ PLST セオリー theory リブ編みニット ニット レディース 表記 38号 9号 M 相当 紺 ネイビー Vネック シンプル 無地 長袖 薄手 軽やか ふっくら 上品 大人 女性 お出掛け 春 秋 春秋 トップス 20代 30代,6499,649,0,春秋
2024/1/1 22:44,美品【中古】ニコル NICOLE ダウンコート 表記 40号 L 11号 相当 古着 茶 ブラウン モカブラウン 中わた 中綿 ダウン50 ふっくら 暖かい 軽い 極暖 軽量 タヌキファー シンプル 無地 お出掛け フード ミドル丈 膝下丈 大人 30代 40代 長袖 秋冬 秋 冬 アウター レディース,10000,1000,0,秋冬
2024/1/1 23:59,新品同様【中古】アンタイトル UNTITLED プリーツスカート 小さいサイズ 1号(7号/36号/Sサイズ相当) ベージュ 柔らかスエード素材 秋冬向け レディース ボトムス,5900,590,0,秋冬
2024/1/2 10:55,美品【中古】ハナエモリ HANAE MORI タイトスカート ウールスカート スカート レディース 表記 38号 9号 M 相当 古着 緑 グリーン 毛 ウール アンゴラ 絹 シルク シンプル 無地 膝丈 ひざ丈 ふっくら 暖か 軽やか 上品 大人 オフィス 秋 冬 秋冬 ボトムス 40代 50代 60代,6250,625,0,秋冬
2024/1/2 19:31,新品同様【中古】スペッチオ SPECCHIO ワンピース ロングワンピース 半袖ワンピース 表記 40号 11号 L 相当 黒 ブラック 半袖 ストレッチ 伸縮 薄手 ロング 透け感 シンプル ノーカラー 襟なし 軽やか きれいめ お洒落 おしゃれ 大人 30代 40代 50代 春 夏 レディース,4550,1000,0,春 夏
2024/1/3 18:12,美品【中古】23区 ダウンコート ダウン レディース 表記 38号 9号 M 相当 古着 ピンク ベージュ ラクーンファー 艶感 シンプル 無地 ロング丈 ふっくら 暖か 軽やか 可愛い かわいい お出掛け 秋 冬 秋冬 アウター 20代 30代 40代,10000,1000,0,秋冬
2024/1/3 18:21,美品【中古】ビーシービージーマックスアズリア BCBG MAXAZRIA 中綿コート ロングコート 小さいサイズ  小さい 表記 XS S 7号 相当 黒 ブラック フード 軽い 暖かい 比翼 シンプル ロング 大人 30代 40代 50代 秋 冬 秋冬 アウター レディース クリーニング後お渡し,9400,940,0,秋冬
2024/1/5 15:23,美品【中古】プラステ PLST セオリー ダウンコート 表記 L 11号 40号 相当 古着 ベージュ レディース 秋 冬 秋冬 アウター フード ダウン90％ ふっくら 暖かい  シンプル 大人 女性 40代 50代 通勤 お出掛け アウトドア スポーツ観戦,20000,0,0,秋冬
2024/1/5 21:58,新品同様【中古】エスピエ ESPIE テーラードジャケット ジャケット コーデュロイ 大きい 大きいサイズ 表記 44号 3L 15号 相当 茶 ブラウン シンプル ふっくら テーラード 綿 コットン おしゃれ 通勤 お出掛け 大人 40代 50代 秋 冬 秋冬 アウター レディース,6900,690,0,秋冬
2024/1/6 8:44,新品同様【中古】イヴサンローラン YVESSAINTLAURENT 高級スカートスーツ イタリア製ウール毛100% 表記M(9号相当) グレー グレンチェック柄 春夏向け レディース,23500,2350,0,春夏
2024/1/6 9:51,美品【中古】レリアン Leilian ブラウス/スカートセットアップ 表記11号(40号/L相当) 黒/ブラック 長袖 薄手 春夏向け レディース,11400,1140,0,春夏
2024/1/8 17:38,美品【中古】ユーエスピーピー USPP ダウンコート フード付き 表記 M 9号 38号 相当 黒 ブラック シンプルデザイン 無地 ロング丈 ふっくら 暖かい 極暖 軽やか 猫チャーム お洒落 おしゃれ お出掛け 30代 40代 50代 秋 冬 秋冬 アウター レディース,6750,0,0,秋冬
2024/1/9 22:02,美品【中古】デリススポーツ DELICE sport 東京スタイル ノーカラージャケット ジャケット 大きいサイズ 大きい 13号 LL 2L 42号 相当 古着 紺 ネイビー レディース シルク デニム風 ノーカラー 春 秋冬 秋 冬 アウター 大人 女性 40代 50代 60代 シンプル 通勤 お出掛け,11000,1000,0,秋冬
2024/1/10 0:54,美品【中古】COLLAGE ダウンジャケット 表記 F フリー 9号 M 相当 茶 ブラウン ダウン ショート丈 軽い 暖かい 防寒 シンプル 定番 ふっくら お出掛け 通勤 アウトドア ジップアップファスナー 大人 30代 40代 50代 秋 冬 秋冬 アウター レディース,7750,1000,0,秋冬
2024/1/10 8:31,美品【中古】バーバリー BURBERRY ウールコート ハーフコート コート レディース 表記 40号 11号 L 相当 ベージュ 毛 ウール カジュアル ミリタリー調 牛革 ハーフ丈 お洒落 おしゃれ 上品 大人 女性 お出掛け 春秋 春 秋 アウター 40代 50代 60代,12000,1000,0,春秋
2024/1/10 21:23,美品【中古】ノーマカマリ NORMA KAMALI スカートスーツ 表記 9号 M 38号 相当 ワイン系 毛100 ウール 2点セット シンプル ジャケット テーラード ジップアップ ロングスカート タイト フェルト調 日本製 大人 ミセス 40代 50代 60代 秋 冬 秋冬 セットアップ レディース,8650,1000,0,秋冬
2024/1/10 21:32,美品【中古】東京スタイル SCENE DEUX テーラードジャケット 表記 11号 L 相当 濃紺 紺 ネイビー 銀釦 ストレッチ 単品 綿混 コットン混 シンプル 日本製 通勤 お出掛け クラシカル 大人 30代 40代 50代 春 秋 アウター レディース クリーニング後お渡し,9500,777,0,春 秋
2024/1/10 23:17,美品【中古】セオリー Theory ノーカラージャケット ツイードジャケット ジャケット レディース 表記 2号 9号 M 38号 相当 古着 紺 ネイビー 綿 コットン ざっくり ツイード 七分袖 ハーフ丈 ノーカラー 上品 大人 オフィス 春 秋 春秋 アウター 20代 30代 40代,13500,1000,0,春秋
2024/1/11 14:08,美品【中古】ポールスチュアート Paul Stuart フレアスカート ひざ丈スカート スカート レディース 表記 8号 9号 M 相当 緑 グリーン 毛 ウール ひし形 総柄 膝丈 ひざ丈 お洒落 おしゃれ 高級感 上品 大人 女性 春秋 春 秋 ボトムス 30代 40代 50代,11000,1000,0,春秋
2024/1/12 13:56,美品【中古】東京スタイル VESTINA カシミヤコート ステンカラーコート ロングコート 表記 11号 L 40号 相当 古着 濃紺 紺 ネイビー レディース 秋 冬 秋冬 シンプル アウター カシミヤ ステンカラー ロング 大人 女性 30代 40代 50代 通勤 お出掛け 軽い 暖かい,17499,0,0,秋冬
2024/1/12 22:37,新品同様【中古】トクコプルミエヴォル TOKUKO 1er VOL 優美なしわ感スカート 表記9号(38号/M相当) 茶/ブラウン  玉虫色 変形デザイン ロング丈 春夏向け ボトムス レディース,11700,1000,0,春夏
2024/1/13 8:49,美品【中古】斉藤都世子 サイトウトヨコ toyoko saito お花かご刺繍ニットカーディガン (11号/Lサイズ相当) 紺×ネイビー 七分袖 秋冬向け レディース トップス,12100,1000,0,秋冬
2024/1/13 9:35,美品【中古】ダックス DAKS ノーカラージャケット ジャケット 小さいサイズ 小さい 表記 7号 S 36号 相当 古着 黒 ブラック レディース 秋 冬 秋冬 アウター ウール 毛 カシミヤ 大人 女性 40代 50代 シンプル 通勤 お出掛け ノーカラー,23000,0,0,秋冬
2024/1/13 9:35,美品【中古】イヴサンローラン YVESSAINTLAURENT 巻きスカート ラップスカート スカート レディース 表記 L 11号 40号 相当 古着 茶 ブラウン 毛 ウール プリーツ チェック柄 膝丈 ひざ丈 お洒落 おしゃれ お出掛け 20代 30代 秋 冬 秋冬 ボトムス,23000,0,0,秋冬
2024/1/13 18:14,美品【中古】ビースリー B3 B-Three ストレッチパンツ スラックスパンツ パンツ 表記 40号 11号 L 相当 グレー グレンチェック柄 ロゴ釦 万能 軽やか 伸縮性 美脚 脚長 上品 大人 お出掛け オフィス 春 秋 春秋 ボトムス レディース 30代 40代 50代,6250,0,0,春秋
2024/1/15 21:15,美品【中古】フラジール FRAGILR 比翼 裏地玉虫色 美形スカートスーツ 38号 小さいサイズ 34号 春秋 レディース ボトムス,13000,1000,0,春秋
2024/1/18 22:06,ファーバッグ 斜めがけ ファーショルダーバッグ トートバッグ ファートート 斜め掛け レディース ミニ バッグ 2way 秋冬 ブラック ベージュ ピンク 女性 軽い フェイクファー 可愛い ふわふわ ふわもこ ショルダーバッグ  手提げバッグ 誕生日 クリスマス プレゼント バック,3980,398,0,秋冬
2024/1/19 10:15,美品【中古】/トランク TRUNK ヒロココシノ ニットカーディガン レディース 表記 38号 9号 相当 古着 ホワイト ブラウン 茶 マルチボーダー柄 美柄 40代 50代 60代 春秋 トップス ニット素材 フロントボタン ボタン留め 美的 シルエット,13500,1350,0,春秋
2024/1/20 8:32,新品同様【中古】リフレクト Reflect フォーマルジャケット ノーカラージャケット ジャケット 表記 11号 L 40号 相当 古着 濃紺 ネイビー レディース 春 秋 冬 秋冬 ツイード ラメ アウター 卒業式 卒園式 入学式 入園式 セレモニー 七五三 単品 大人 女性 20代 30代 40代,11000,0,0,秋冬
2024/1/20 16:04,新品同様【中古】レオナール LEONARD 高級なふっくらカーディガン 表記L(11号相当) オフ白 絹シルク100％ 美花柄デザイン 春夏 トップス,60000,6000,0,春夏
2024/1/20 22:23,新品【中古】ドゥクラッセ DoCLASSE ニットカットソー カットソー 小さいサイズ 小さい 表記 S 7号 36号 相当 黒 ブラック 長袖 シンプル 無地 ニット ストレッチ 暖かい お出掛け 通勤 オフィス 上品 大人 20代 30代 40代 50代 秋 冬 秋冬 トップス レディース,6600,660,0,秋冬
2024/1/22 13:54,新品同様【中古】マックスマーラ Max Mara ジャケット テーラードジャケット イタリア製 表記 I40号 M 9号 相当 グレー ツイード 毛混 ウール シンプル 細身シルエット 通勤 お出掛け テーラード ベルト紐 大人 40代 50代 ミセス 秋 冬 秋冬 アウター レディース,29000,0,0,秋冬
2024/1/22 22:24,新品同様【中古】クスト KUSTO ウールコート ロングコート カシミヤコート カシミヤ100 表記 9号 M 38号 相当 古着 黒 ブラック レディース 秋 冬 秋冬 アウター ウール ロング シンプル ファー 日本製 通勤 お出掛け 冠婚葬祭 大人 女性 40代 50代 60代,29200,0,0,秋冬
2024/1/26 8:09,美品【中古】ジン 人 zin 素敵デザインワンピース 9号/38号/M相当 茶/ブラウン 花柄×モダン柄 優美なレース 長袖 春夏秋向け レディース,29000,1000,0,春夏
2024/1/26 8:09,美品【中古】人 ジン ZIN 茶 華ぎ美花ベロアカーディガン 大きいサイズ 13号 秋冬 レディース トップス,29000,1000,0,秋冬
2024/2/5 10:22,新品同様【中古】ドゥクラッセ DoCLASSE 長袖ワンピース 膝丈ワンピース ワンピース レディース 表記 9号 M 38号 相当 古着 黒 ブラック シンプル 無地 伸縮性 長袖 膝丈 ひざ丈 上品 大人 女性 オフィス お食事会 冠婚葬祭 春 秋 春秋 30代 40代 50代,16000,0,0,春秋
2024/2/5 18:20,美品【中古】ギャバジンK.T Gabardine K.T パンツスーツ ビジネススーツ スーツ レディース 表記 9号 M 38号 相当 古着 紺 ネイビー ストライプ柄 毛 ウール テーラード 暖か 軽やか 上品 大人 女性 ビジネス オフィス セットアップ 秋 冬 秋冬 20代 30代 40代,31000,0,0,秋冬
2024/2/7 17:59,新品同様【中古】バーバリー BURBERRY スカート 膝丈 タイト 大きいサイズ 42号表記 LL相当 ベージュ 毛100％ ジグザグ 毛100％ ウール 伸縮性 ストレッチ性 お洒落 オシャレ タイトスカート 膝丈スカート 春 秋 40代 50代 60代 お出掛け ボトムス レディース,22000,0,0,春 秋
2024/2/11 11:18,美品【中古】ヘルノ HERNO イタリア製 ロロ・ピアーナ社 グレー 高級ウール ツイードジャケット I42号/9号 秋冬 レディース アウター,40000,0,0,秋冬
2024/2/11 16:22,美品【中古】バーバリー BURBERRY テーラードジャケット ロングジャケット ジャケット レディース 表記 9AR M 38号 相当 紺 ネイビー 毛 ウール テーラードカラー シンプル 無地 ダブルボタン 上品 大人 女性 オフィス 秋冬 秋 冬 アウター 40代 50代 60代,37000,0,0,秋冬
2024/2/20 19:39,美品【中古】レリアン Leilian ノーカラージャケット ジャケット レディース 大きい 表記 17号 4L 46号 相当 紺 ネイビー チェック柄 格子柄 ノーカラー ハーフ丈 軽やか お洒落 おしゃれ 大人 女性 オフィス 春秋 春 秋 アウター 40代 50代 60代,26300,2000,0,春秋
2024/2/20 19:40,新品同様【中古】レリアン Leilian ジャケット フォーマルジャケット 大きいサイズ 表記 17号 4L 相当 ピンクパープル系 古着 レディース 春夏 春 夏 薄手 グレンチェック フリル フォーマル お呼ばれ お食事会 単品 大人 女性 50代 60代 ミセス 日本製 ラメ,32000,2000,0,春夏
2024/2/24 10:16,新品同様【中古】クレージュ courreges 黒×白 ふっくらツイード お洒落ジャケット 9号 レディース アウター,29200,0,0,秋冬
2024/2/24 11:06,美品【中古】コルディア CORDIER シャツワンピース ロングワンピース ワンピース イタリア製素材 表記 40号 11号 L 相当 古着 黒 ブラック レディース 春 夏 春夏 前開き 襟付き 薄手 半袖 ロング 日本製 クラシカル 大人 女性 40代 50代,8800,0,0,春夏
2024/3/3 8:12,美品【中古】ギャラリービスコンティ GALLERY VISCONTI チュニック 表記 3号 L 11号 40号 相当 古着 黒 ブラック レディース 春 秋 トップス 7分袖 七分袖 薄手 千鳥格子 花柄 フラワー 日本製 大人 女性 20代 30代 可愛い かわいい,10000,0,0,春 秋
2024/3/4 20:01,美品【中古】ビースリー B3 B-Three デニムパンツ ストレッチパンツ パンツ レディース 小さいサイズ 表記 30号 7号 S 36号 相当 青 ブルー 綿 コットン 伸縮性 ストレッチ 刺繍 ロゴ釦 カジュアル お洒落 おしゃれ お出掛け 春 秋 春秋 ボトムス 40代 50代 60代,5399,0,0,春秋
2024/3/4 20:01,美品【中古】マギー maggy ノーカラー ツイード ジャケット ノーカラージャケット ツイードジャケット 表記 9号 M 38号 相当 古着 青 ブルー レディース 春 秋 冬 秋冬 アウター 異素材 フォーマル 大人 女性 30代 40代 50代 お出掛け 日本製 長袖 単品 おしゃれ 上品,13099,0,0,秋冬
2024/3/4 20:02,美品【中古】東京イギン TOKYO IGIN ブラックフォーマルジャケット フォーマルジャケット テーラードジャケット 大きいサイズ 大きい 表記13号 LL 2L 相当 黒 ブラック 冠婚葬祭 喪服 長袖 単品 日本製 大人 40代 50代 60代 春 夏 秋 冬 オールシーズン アウター レディース,9799,0,0,春 夏
2024/3/4 20:06,美品【中古】マギー maggy カットソー ブラウス 表記 9号 M 38号 相当 古着 グレー レディース 春 夏 春夏 トップス 半袖 ノーカラー ラメ きれいめ 毛混 ウール 絹混 シルク バックボタン留め 後開き チェック 日本製 大人 女性 40代 50代 単品 おしゃれ シンプル オフィス,9500,0,0,春夏
2024/3/4 20:08,美品【中古】スキャパ SCAPA 伊製 茶 リネン100% チュニックワンピース 38号 春夏 レディース トップス,30200,1000,0,春夏
2024/3/4 20:08,美品【中古】インディヴィ INDIVI 黒×グレー 大人チュニック/ワンピース 38号/9号 春夏秋 レディース トップス,30200,1000,0,春夏
2024/3/4 20:08,新品同様【中古】スペッチオ SPECCHIO プリーツカットソー 半袖カットソー カットソー レディース 表記 40号 L 11号 相当 古着 グレー 総プリーツ スパンコール 艶感 丸首 薄手 半袖 軽やか 上品 大人 ミディアム丈 お出掛け 春 夏 春夏 トップス 40代 50代 60代,30200,1000,0,春夏
2024/3/4 20:08,美品【中古】スペッチオ SPECCHIO チュニック カットソー プリーツ素材 表記 40号 L 11号 相当 黒 ブラック ストレッチ 伸縮 長袖 日本製生地 シンプル 大人 30代 40代 50代 ミセス お洒落 おしゃれ お出掛け ハイネック 春 夏 トップス レディース,30200,1000,0,春 夏
2024/3/4 20:09,美品【中古】プリーツプリーズ PLEATS PLEASE チュニック レディース 表記 3号 11号 L 40号 相当 ピンク サーモンピンク プリーツ 無地 半袖 薄手 軽やか 涼しげ お洒落 おしゃれ 可愛い かわいい 上品 大人 女性 お出掛け 春 夏 春夏 トップス 40代 50代 60代,15600,0,0,春夏
2024/3/4 20:14,美品【中古】リフレクト Reflect ノーカラージャケット 表記 11号 L 40号 相当 古着 紺 ネイビー 濃紺 単品 通勤 オフィス ストレッチ 伸縮 セレモニー シンプル 無地 卒業式 七五三 フォーマル 上品 美形 長袖 大人 20代 30代 40代 日本製 春 秋 アウター レディース,7450,0,0,春 秋
2024/3/4 20:17,美品【中古】フォクシーラビッツ FOXEY RABBITS 美形ノースリーブワンピース 表記38号(9号/M相当) グレー 綿/コットン混 シンプル 春夏向け レディース,19900,1000,0,春夏
2024/3/4 20:30,美品【中古】ピンクハウス PINK HOUSE ミモレ丈ワンピース ワンピース レディース 大きい 13号 LL XL 相当 黒 ブラック 綿 コットン 花束 花柄 お花 フリル ミモレ丈 半袖 軽やか 薄手 おしゃれ かわいい 上品 大人 女性 お出掛け 春 夏 春夏 20代 30代 40代,17000,50,0,春夏
2024/3/4 20:32,新品同様【中古】マックスマーラ MaxMara 大人なジャケット イタリア製 表記IJ42号(9号～11号相当) 紺/ネイビー ストライプ柄 春秋向け アウター レディース,16000,0,0,春秋
2024/3/4 20:50,新品同様【中古】エブール ebure 高級 ジップアップジャケット ブルゾン 小さいサイズ 表記 36号 Ｓ 7号 相当 古着 黒 ブラック コットン 綿100 シンプル 無地 ノーカラー  ゆったり おしゃれ カジュアル 長袖 20代 30代 40代 日本製 秋冬 秋 冬 アウター レディース 美品,25000,0,0,秋冬
2024/3/4 21:01,美品【中古】ハナエモリ HANAE MORI ノーカラージャケット 大きいサイズ 表記 42号 LL 13号 相当 ブラウンベージュ ベージュ 茶 ブラウン 麻100 リネン レース シンプル 単品 薄手 お出掛け お呼ばれ 大人 ミセス 40代 50代 60代 長袖 春 夏 アウター レディース,9150,100,0,春 夏
2024/3/4 21:06,美品【中古】M2 センソユニコ ロングジャケット テーラードジャケット ジャケット レディース 表記 38号 9号 M 相当 古着 カーキグリーン 綿 コットン テーラード ロング丈 羽織り 薄手 伸縮性 軽やか お洒落 おしゃれ お出掛け 春 秋 春秋 アウター 20代 30代 40代,13750,0,0,春秋
2024/3/4 21:09,美品【中古】ユナイテッドアローズ UNITED ARROWS フレアワンピース ノースリーブワンピース ワンピース レディース 小さい 表記 36号 7号 S 相当 白 ホワイト 黒 ブラック 綿 コットン ギンガムチェック柄 Vネック おしゃれ かわいい 大人 女性 春 夏 春夏 20代 30代,8650,0,0,春夏
2024/3/5 9:15,美品【中古】斉藤都世子 saito toyoko ニット 9号 M 11号 L 相当 古着 紺 ネイビー ニットの女王 ゆったり 袖口広め 長袖 大人 50代 60代 ジップアップファスナー 伸縮 ストレッチ おしゃれ 素敵 秋冬 秋 冬 トップス レディース,8450,1000,0,秋冬
2024/3/5 17:59,美品【中古】グレースコンチネンタル GRACE CONTINENTAL お洒落デニムスカート 小さいサイズ 表記36号(S相当) 茶 フリンジ 秋冬向け ボトムス レディース,12100,0,0,秋冬
2024/3/5 21:24,美品【中古】ロイスクレヨン Lois CRAYON 優美ワンピース 表記M(9号/38号相当) 黒/ブラック系 花柄 胸元リボン 5分袖 お出掛け 春夏向け レディース,8400,1000,0,春夏
2024/3/6 8:53,新品同様【中古】絵麻亥由 高級ツイードジャケット 表記9号(38号/M相当) 茶/ブラウン ウール混 絹シルク混 微ラメ 秋冬向け アウター レディース,15000,0,0,秋冬
2024/3/6 9:04,新品同様【中古】Carule フォーマル ジャケット ノーカラージャケット ボレロ 表記 9号 M 9号 相当 古着 モカブラウン 茶 レディース 春 夏 春夏 秋 冬 秋冬 羽織り ショート丈 ノーカラー 刺繍 大人 女性 30代 40代 50代 長袖 透け感 日本製 お呼ばれ パーティー 美品,9600,0,0,春夏
2024/3/7 1:01,美品【中古】ビースリー B3 B-Three デニムパンツ ストレッチパンツ パンツ レディース 表記 36号 11号 L 40号 相当 青 ブルー 綿 コットン 伸縮性 ストレッチ性 ロゴ釦 カジュアル 7分丈 お洒落 おしゃれ 大人 女性 お出掛け 春 夏 秋 春夏秋 ボトムス 40代 50代 60代,6000,0,0,春夏
2024/3/7 10:14,美品【中古】ドレステリア Dress Terior 黒ブラック 美編千鳥格子 お洒落マント風デザインジャケット 9号 レディース アウター,2800,0,0,春夏
2024/3/7 16:39,新品同様【中古】アーノルドパーマー arnold palmer ジップアップジャケット 中綿 フード 表記 M 9号 相当 紺 ネイビー デニム調 定番ロゴ刺? お洒落 おしゃれ キャンプ アウトドア お出掛け 春 秋 冬 春秋冬 アウター レディース,9900,20,0,秋冬
2024/3/7 17:19,美品【中古】伊太利屋 GK フレアスカート ロングスカート スカート 表記 9号 M 38号 相当 古着 ベージュ レディース 春 夏 春夏 ボトムス 綿混 コットン シンプル 無地 大人 女性 30代 40代 フレア ロング きれいめ カジュアル,5949,0,0,春夏
2024/3/7 23:16,新品【中古】タルボット TALBOTS ツイードワンピース ワンピース 大きいサイズ 表記 10号 LL 13号 2L XL 42号 相当 レディース 秋冬 秋 冬 ノーカラー 長袖 2P風 ミモレ丈 おしゃれ マルチカラー 多彩 ミックスカラー 大人 女性 40代 50代 未使用品,8650,0,0,秋冬
2024/3/8 0:13,新品同様【中古】ネミカ NEMIKA レリアン 美形ジャージワンピース 大きいサイズ 表記13号(LL相当) 黒 ベージュ モダン美柄 お食事会 春夏向け レディース,16600,0,0,春夏
2024/3/8 4:59,美品【中古】ハーモニカ HARMONICA ステンカラージャケット ジャケット 9号 38号 M 相当 古着 淡緑系 若草色 グリーン系 レディース 春 秋 アウター レース クラシカル シンプル 日本製 大人 女性 50代 60代 おしゃれ ステンカラー,9000,50,0,春 秋
2024/3/8 15:07,美品【中古】慈雨 センソユニコ ウールコート スタンドカラーコート コート レディース 表記 40号 11号 L 相当 茶 こげ茶 毛 ウール スタンドカラー チェック柄 ロング丈 ふっくら 暖か おしゃれ 上品 大人 女性 お出掛け 秋 冬 秋冬 アウター 40代 50代 60代,19600,0,0,秋冬
2024/3/8 20:01,美品【中古】十仁プラザ Jujin Plaxa お洒落クラシカルロングジャケット/コート 大きいサイズ 表記42号(13号/LL相当) 緑 毛ウール100% 別布ベロア 春秋向け アウター レディース,13000,0,0,春秋
2024/3/8 20:36,新品同様【中古】カルヴェン CARVEN 東京ソワール ブラックフォーマルスーツ 表記10号(9号/38号/M相当) 黒 冠婚葬祭 喪服 長袖 春夏秋向け セットアップ レディース,17400,0,0,春夏
2024/3/8 21:26,美品【中古】ミスアシダ miss ashida /ジュンアシダ 輝く金ボタン ボーダー柄 ニット美ワンピース Mサイズ レディース トップス,6475,0,0,春夏
2024/3/8 23:46,美品【中古】パリエンヌ PARIENNE ブラック系 黒系 カシミヤ混 輝デザイン釦 美ジャケット 9号 レディース アウター,10375,1000,0,春夏
2024/3/8 23:46,新品同様【中古】ダイアンフォンファステンバーグ DIANE von FURSTENBERG チュニック トップス 2号(9号/Mサイズ相当) 大輪美花柄 絹シルク100％ 春夏 トップス,10375,1000,0,春夏
2024/3/9 10:27,美品【中古】ローラアシュレイ laura ashley 花柄スカート 絹/シルクシフォン100% 表記9号(38号/M相当) 紺/ネイビー フレア 春夏向け ボトムス レディース,8000,0,0,春夏
2024/3/9 17:06,美品【中古】レリアン Leilian ベスト 大きいサイズ 表記 15号 3L 相当 古着 茶 ブラウン ココアブラウン レディース 秋 冬 トップス 羽織り 前開き 毛混 ウール 絹混 シルク アンゴラ ジップアップ ふっくら 暖か 大人 女性 50代 60代 ミセス 日本製 おしゃれ,12600,0,0,秋 冬
2024/3/9 19:07,美品【中古】ブルックスブラザーズ Brooks Brothers 茶 美脚ウールパンツ 小さいサイズ 7号 秋冬 レディース ボトムス,29350,0,0,秋冬
2024/3/9 19:07,新品同様【中古】ジョセフ JOSEPH 美脚ロングパンツ 小さいサイズ 表記34号(7号/S相当) 緑 綺麗な玉虫色 フランス製 絹シルク混 春夏向け ボトムス レディース,29350,0,0,春夏
2024/3/9 19:07,美品【中古】ランバンコレクション レリアン LANVIN COLLECTION ワンピース 表記 38号 M 9号 相当 グレー ノースリーブ 襟なし レース 綺麗め きれいめ おしゃれ お洒落 日本製 膝丈 ひざ丈 綿混 コットン混 20代 30代 春 夏 レディース クリーニング後お渡し,29350,0,0,春 夏
2024/3/9 19:16,美品【中古】トゥービーシック TO BE CHIC フレアワンピース ノースリーブワンピース ワンピース レディース 小さい 7号 S 36号 相当 ピンク 大輪 花柄 艶感 ノースリーブ 膝丈 ひざ丈 エレガント 上品 大人 女性 フォーマル お食事会 春 夏 春夏 20代 30代 40代,7750,0,0,春夏
2024/3/10 0:56,美品【中古】慈雨 センソユニコ ベスト レディース 表記 40号 11号 L 相当 茶 ブラウン シンプル 無地 透け感 薄手 軽やか 羽織り 前開き ノーカラー ミディアム丈 ハーフ丈 お洒落 おしゃれ 上品 大人 女性 お出掛け 春 秋 春秋 トップス 40代 50代 60代,10000,0,0,春秋
2024/3/10 4:37,美品【中古】 McGREGOR マックレガー 黒系 ブラック メンズ 男性 中古 古着 伸縮性 フルジップ フリース ジャケットフルジップフリース フリースジャケット 20代 30代 40代 ポリエステル 素材 L 釣り キャンプ スポーツ アウトドア 春秋冬,8000,0,0,秋冬
2024/3/10 4:37,新品【中古】サンジョア Saint Joie ワイドパンツ ロングパンツ パンツ 表記 11号 L 40号 相当 黒 ブラック レディース 春 夏 春夏 ボトムス ゆったり シンプル 無地 薄手 大人 女性 40代 50代 60代 日本製 通勤 オフィス ワイド ロング ゴム 股上深め 未使用,8000,0,0,春夏
2024/3/10 9:38,美品【中古】自由区 デニムジャケット ジャケット オンワード樫山 表記 40号 M 9号 相当 濃紺 インディゴ ネイビー 綿 コットン カジュアル おしゃれ お洒落 ストレッチ デニム Gジャン 長袖 定番 羽織 お出掛け 大人 20代 30代 40代 秋 冬 秋冬 アウター レディース,5399,0,0,秋冬
2024/3/10 11:02,美品【中古】レコパン Les Copain フレアスカート スカート 表記 38号 9号 M 相当 古着 グレー レディース 春 夏 春夏 ボトムス 毛混 ウール シンプル 薄手 膝丈 ひざ丈 大人 女性 20代 30代 40代 通勤 お出掛け,13900,0,0,春夏
2024/3/10 13:23,美品【中古】ポンチョコート ポンチョ マントコート マント ケープコート ケープ 表記 M L 9号 38号 11号 40号 相当 古着 ベージュ レディース フード付き アンゴラ ウール フォックス ファー 秋 冬 秋冬 アウター 大人 女性 20代 30代 長袖 フレア 可愛い きれいめ,11250,0,0,秋冬
2024/3/10 14:55,美品【中古】チャコット Chacott 社交ダンススカート 小さいサイズ 表記 S 7号 36号 相当 古着 黒 ブラック レディース 春 夏 春夏 秋 冬 オールシーズン ボトムス ストレッチ 日本製 美揺 パーティー 発表会 お呼ばれ ミモレ丈 大人 女性 20代 30代 40代 50代 社交ダンス,7500,0,0,春夏
2024/3/10 15:05,美品【中古】ヒロココシノ HIROKO KOSHINO 赤系 ドレープデザイン 羽織カーディガン 38号 トップス レディース,3925,0,600,春夏
2024/3/10 15:45,新品同様【中古】ユキトリイ YUKI TORII ２P風ブラックフォーマルワンピース 大きいサイズ 表記21号(6L相当) 黒/ブラック 冠婚葬祭 春夏向け レディース,17499,0,0,春夏
2024/3/10 16:14,美品【中古】ushiboura21 カシミヤコート ステンカラーコート コート 大きいサイズ 大きい 表記 15号 3L 相当 古着 黒 ブラック レディース フォックス ファー フォーマル 冠婚葬祭 秋 冬 秋冬 アウター 比翼 カシミヤ 大人 女性 40代 50代 60代 シンプル 通勤 お出掛け,20000,0,0,秋冬
2024/3/10 21:32,新品同様【中古】レリアン Leilian 大人な美形セットアップ 表記9号(Mサイズ相当) 紺/ネイビー 花柄レース お食事会 春秋向け レディース,13600,0,0,春秋
2024/3/10 23:46,美品【中古】ナラカミーチェ NARACAMICIE ブラウス 大きいサイズ 表記 3号 LL 13号 42号 XL 2L 相当 古着 白 ホワイト レディース 春 夏 春夏 トップス 半袖 フリル 綿混 コットン 大人 女性 20代 30代 40代 ストライプ オフィス 通勤 ビジネス シンプル おしゃれ,5949,100,0,春夏
2024/3/10 23:51,美品【中古】セオリーリュクス theory luxe セオリー ロングパンツ スラックス ストレートパンツ 表記 38号 9号 M 相当 古着 グレー レディース 春 夏 春夏 ボトムス シンプル 無地 薄手 大人 女性 40代 50代 オフィス ビジネス 通勤 上品 ゆったり 毛混 ウール 日本製,8000,0,0,春夏
2024/3/11 15:49,美品【中古】銀座マギー maggy スカートスーツ スーツ レディース 表記 40号 11号 L 相当 白 ホワイト カラフル シェブロン柄 五分袖 ミモレ丈 華やか 軽やか お洒落 おしゃれ 可愛い かわいい 上品 大人 女性 春夏 春 夏 セットアップ 40代 50代 60代,21300,1000,0,春夏
2024/3/17 13:42,美品【中古】東京ソワール RIFANNE ベロアスカート スカート 古着 大きいサイズ 大きい 表記 13号 LL 2L 42号 相当 黒 ブラック ミモレ丈 ひざ丈 ベロア シンプル 無地 単品 フォーマル お呼ばれ 大人 30代 40代 50代 秋 冬 秋冬 ボトムス レディース クリーニング後お渡し,11000,0,0,秋冬
2024/3/17 19:46,美品【中古】ビースリー B3 B-three スラックスパンツ ロングパンツ パンツ レディース 表記 38号 11号 13号 L XL 相当 グレー 伸縮性 ストレッチ性 無地 シンプル ロング丈 10分丈 軽やか 上品 大人 女性 オフィス お出掛け 春秋 春 秋 ボトムス 40代 50代 60代,10700,0,0,春秋
2024/3/18 20:52,美品【中古】SOIR BENIR 東京ソワール ブラックフォーマルワンピーススーツ 表記11号(L相当) 黒 リボン 冠婚葬祭 喪服 礼服 春夏秋向け レディース,56700,0,0,春夏
2024/3/18 20:52,美品【中古】LUNE SOIR 東京ソワール 大人ブラックフォーマルワンピーススーツ 大きめ 表記13号(LL相当) 黒/ブラック 冠婚葬祭 春夏秋 レディース,56700,0,0,春夏
2024/3/18 23:39,美品【中古】スローブイエナ SLOBE IENA カットソー 9号 M 38号 相当 白 ホワイト レディース 春 夏 春夏 トップス 長袖 ピンタック レース 綿100 コットン しわ感 刺繍 おしゃれ 大人 女性 20代 30代 40代,7800,0,0,春夏
2024/3/20 3:18,美品【中古】ラウラビアジョッティ LAURA BIAGIOTTI タイトスカート ウールスカート ミニスカート イタリア製 表記 42号 11号 L 相当 黒 ブラック 毛100 ウール 上品 大人 ミニ丈 ショート丈 20代 30代 お出掛け 秋 冬 秋冬 ボトムス レディース クリーニング後お渡し,6000,0,0,秋冬
2024/3/22 0:21,美品【中古】ビースリー B3 茶 ブラウン×微艶 美脚デニムパンツ 小さいサイズ 30号 秋冬春 レディース ボトムス,7000,0,0,秋冬
2024/3/23 8:36,美品【中古】三越 MITSUKOSHI フォーマルワンピース ワンピース 小さいサイズ 5号 XS SS 34号 相当 古着 黒 ブラック レディース 春 夏 長袖 刺繍 レース フォーマル きれいめ かわいい おしゃれ ミニ丈 膝丈 ひざ丈 大人 女性 10代 20代 お呼ばれ,17900,1000,0,春 夏
2024/3/25 16:25,美品【中古】アクアスキュータム Aquascutum レナウン テーラードジャケット ジャケット 大きいサイズ 13号 LL 2L 42号 15号 3L 44号 相当 古着 グレー レディース 春夏 春 夏 アウター 絹混 コットン 麻混 リネン 大人 女性 50代 60代 シンプル 通勤 オフィス 日本製,13000,0,0,春夏
2024/3/26 14:54,美品【中古】パティオウェア PATIO WEAR フォーマルジャケット ノーカラージャケット ジャケット 表記 9号 M 38号 相当 黒 ブラック 単品 長袖 袖透け感 パール調ボタン レース 結婚式 お呼ばれ ノーカラー 大人 50代 60代 春 夏 秋 冬 オールシーズン アウター レディース,22000,2000,0,春 夏
2024/3/27 1:55,美品【中古】レキップヨシエイナバ L'EQUIPE YOSHIE INABA 紺 金ボタン 圧縮ウール美形スタイルスーツ 9号 春秋冬 レディース,12000,1000,0,秋冬
2024/3/28 18:11,美品【中古】ラガーフェルド LAGERFELD テーラードジャケット ジャケット 小さいサイズ 小さい 表記 36号 7号 S 相当 黒 ブラック テーラード 綿混 コットン混 ふっくら おしゃれ お出掛け ツイード ストレッチ 日本製 大人 30代 40代 秋 冬 秋冬 アウター レディース,13500,0,0,秋冬
2024/4/7 8:40,美品【中古】ナラカミーチェ NARACAMICIE フレアスカート ウールスカート スカート レディース 表記 II 9号 M 38号 相当 黒 ブラック 毛 ウール チェック柄 ラメ 膝丈 ひざ丈 エレガント おしゃれ かわいい 上品 大人 女性 秋冬 秋 冬 ボトムス 20代 30代 40代,9000,0,0,秋冬
2024/4/7 9:54,美品【中古】メルローズ MELROSE ノーカラーコート コート ツイードコート 表記 3号 11号 L 40号 相当 古着 ベージュ レディース ツイード ノーカラー 上品 ラメ 薄手 長袖 春 秋 アウター 大人 女性 20代 30代 40代 羽織 お出掛け お呼ばれ おしゃれ コットン混 綿,8200,0,0,春 秋
2024/4/9 15:18,美品【中古】フォクシー FOXEY カーディガン 古着 表記 40号 L 11号 相当 こげ茶 茶 ブラウン ストレッチ 羽織 シンプル 無地 長袖 軽い ノーカラー vネック Vネック 冷房対策 オフィス 日本製 大人 20代 30代 40代 春 夏 春夏 秋 トップス レディース,10500,1000,0,春夏
2024/4/14 21:47,美品【中古】Jotaffy Unique Thoughts 半袖チュニック チュニック レディース 表記 M 9号 38号 相当 黒 ブラック メッシュ素材 ドット柄 丸 水玉 ポップ カラフル 軽やか 涼しげ お洒落 おしゃれ 可愛い かわいい 大人 女性 お出掛け 春 夏 春夏 トップス 20代 30代,11300,1000,0,春夏
2024/4/17 23:02,美品【中古】レリアン Leilian 美揺フレアスカート 表記9号(38号/M相当) 茶/ブラウン 艶感 リボン 櫛引柄 膝丈 薄手 春夏向け ボトムス レディース,18300,0,0,春夏
2024/4/21 23:25,新品同様/トラサルディ－ TRUSSARDI 美形カットソー 大きいサイズ46号(13号LLサイズ相当) 黒/ブラック 春夏向け トップス レディース,8800,0,600,春夏
2024/4/21 20:50,美品/東京イギン TOKYO IGIN ブラックフォーマルワンピーススーツ 大きい 表記 21号 6L 相当 黒 ブラック 冠婚葬祭 春 夏 秋 レディース,31900,0,0,春 夏
2024/4/21 3:04,新品同様/ローザ ナラカミーチェ Rosa by NARACAMICIE 素敵チュニック ブラウス 表記2号(9号 M相当) チェック 春夏秋 トップス レディース,6800,100,600,春夏
2024/4/17 22:16,H美品/コムサ COMME CA 美形ウール混ジャケット 表記11号(Lサイズ相当) 黒茶/グレー/茶/ブラウン 春夏向け 背抜き アウター レディース,5500,0,600,春夏
2024/4/16 12:47,美品/ジュンアシダ jun ashida ロングジャケット イタリア製 表記 40号 11号 相当 青 ブルー 毛 飾りボタン 春秋 アウター レディース,26840,0,0,春秋
2024/4/15 8:21,S新同【マックスマーラ】イタリア製*玉虫色*お洒落ジャケット*38,3799,0,600,春夏
2024/4/15 6:10,美品/ヴィヴィアンタム VIVIENNE TAM クールなメッシュワンピース 小さいサイズ 表記7号(S相当) 黒 アシンメトリー 丸い刺繍デザイン 春夏,19580,0,0,春夏
2024/4/14 11:05,Ａ美品/エポカ EPOCA 大人タイトスカート 小さいサイズ 表記I40号(7号相当) 黒/ブラック ウール素材 オフィス 春夏秋 ボトムス レディース,11290,0,0,春夏
2024/4/14 11:01,Ａ美品/クリスチャンディオール Christian Dior 美的タイトスカート 表記9号(38号相当) グレー ウール素材 オフィス 秋冬向け ボトムス,17900,0,0,秋冬
2024/4/14 9:50,Ａ新品同様/エンポリオアルマーニ EMPORIO ARMANI 美的タイトスカート 小さめ 表記38号(7号/S相当) 紺/ネイビー オフィス 春夏 ボトムス,14899,0,0,春夏
2024/4/9 22:59,美品/ジャンポールゴルチエ Jean Paul GAULTIER ラップスカート 表記40号(9号/M相当) グレー ウール素材 プリーツ まち針 秋冬 ボトムス,16500,0,0,秋冬
2024/4/9 22:25,H美品/マギー MAGGY 美脚大人パンツ 表記36号(9号Mサイズ相当) 春秋向け シルク/カシミア混 光沢 茶/ブラウン ボトムス レディース,5951,0,600,春秋
2024/4/9 22:25,A美品*セシオセラ*茶*ツイード素材*ふっくら美脚パンツ38/9,3250,0,0,春夏
2024/4/5 21:49,Ａ美品/アドーア ADORE お洒落なポンチョ 小さいサイズ 表記36号(7号/S相当) 黒/ブラック 麻100％ 春夏向け アウター レディース,5480,0,600,春夏
2024/4/4 18:34,美品/ビルダジュール ville d'azur ワールド フレアスカート 40号 11号 L 相当 古着 グレー系 レディース 春 夏 ボトムス 張り感 薄手,9020,1000,600,春 夏
2024/4/3 12:52,美品/ビースリー B-Three B3 ロングパンツ スラックス 表記 32号 9号 M 相当 古着 茶 ブラウン レディース 秋 冬 ボトムス 千鳥格子柄 綿混,5500,1000,0,秋 冬
2024/4/3 12:46,美品/ビースリー B3 素敵なストレッチパンツ 表記32号(9号相当) 茶/ブラウン ロゴ釦 お出掛け オフィス 春夏秋向け ボトムス レディース,8250,3000,600,春夏
2024/4/2 22:21,美品/詩仙堂 ヒトシタムラ ちりめん素材チュニック 9号/M～11号/L相当 ピンク系 7分袖 シンプル ゆったり 春夏向け トップス レディース,18480,0,0,春夏
2024/4/1 21:24,美品/アナイ ANAYI ノーカラージャケット 小さい 表記 34号 5号 相当 青 ブルー 白 ホワイト ハーフ丈 お出掛け 春秋 アウター レディース,12430,0,0,春秋
2024/4/1 20:34,M美品* 22オクトーブルOCTOBRE*黒*美形テーラードジャケット*大きいサイズ46/17,5500,0,600,春夏
2024/4/1 13:53,美品/レキップ ヨシエイナバ L'EQUIPE YOSHIE INABA デニムジャケット 表記11号 L相当 古着 濃紺 レディース 春 秋 アウター 7分袖 綿,16170,0,0,春 秋
2024/4/1 6:25,新品同様/コムサ COMME CA フレアスカート 表記 11号 L 40号 相当 グレー レディース 春 夏 ボトムス 薄手 シンプル ミモレ丈 ストレッチ,6380,0,600,春 夏
2024/3/27 9:18,Ａ美品/ダナキャラン DKNY お洒落フレアスカート 大きいサイズ 表記4号(13号相当) グレー 絹シルク100 モダンなデザイン 春夏 ボトムス,6300,0,600,春夏
2024/3/26 21:32,Ａ美品/ビースリー B3 素敵な美脚ストレッチパンツ 表記36号(9号/M相当) グレー お出掛け 春秋向け ボトムス レディース,6000,0,600,春秋
2024/3/25 14:49,美品/ノーマカマリ NORMA KAMALI シャツブラウス 表記 9号 M 相当 グレー レディース 春 夏 長袖 綿100 コットン ストライプ ショート丈,8250,300,600,春 夏
2024/3/24 15:42,M新品同様/リヨン LYON ウール系ツイードコート 表記38号(9号/M相当) 茶/ブラウン フォックスファー付フード 秋冬向け アウター レディース,12810,0,0,秋冬
2024/3/22 11:24,新品同様/クリスチャンオジャール CHRISTIAN AUJARD カットソー プリーツ 表記 11号 L 相当 古着 青 茶 レディース 春 夏 トップス 半袖,6820,0,600,春 夏
2024/3/20 15:37,M美品/ラトゥア LATOWA ラピーヌ お洒落トレンチコート 表記38号(9号/M相当) 紺/ネイビー 艶感 ショート丈 春秋向け アウター レディース,4200,200,600,春秋
2024/3/20 13:59,新品同様/リフレクト Reflect ノーカラージャケット 表記 11号 L 相当 古着 黒 ブラック レディース 春 夏 薄手 7分袖 比翼 ショート丈,12430,0,0,春 夏
2024/3/19 22:55,M美品/コルディア CORDIER 美揺プリーツスカート 表記9号(M相当) ブラウングレー 薄手ウール ニット素材 伸縮 春秋冬 ボトムス レディース,5951,0,0,秋冬
2024/3/19 22:55,M美品/COUP DE CHANCE/C DE C クードシャンス アンゴラ混ニット 38号(9号/М相当) アイボリー 7分袖 ラメ 伸縮 秋冬向け レディース,5480,0,0,秋冬
2024/3/19 11:09,美品/インディヴィ INDIVI マウンテンパーカー 表記38号 9号 M相当 古着 茶 ブラウン レディース フード 春 夏 秋 アウター 撥水 羽織,12870,0,0,春 夏
2024/3/14 0:04,美品/ルネ Rene 美的ワンピース イタリアTISSUE社製生地 小さいサイズ 表記34号(XS相当) 白/ホワイト ノースリーブ 春秋冬向け レディース,26400,0,0,秋冬
2024/3/13 19:31,Ａ美品/ シビラ Sybilla お洒落なニットカーディガン 表記Mサイズ(9号相当) 赤/レッド お出掛け 春夏秋向け トップス レディース,12800,0,0,春夏
2024/3/12 21:59,新品同様/バレンザポースポーツ Valenza po Sports テーラードジャケット 表記 38号 9号 相当 黒 ブラック 刺繍 春秋 アウター レディース,20900,0,0,春秋
2024/3/12 7:57,M美品/エプリス EPRISE 東京ブラウス 美的ロングワンピース 表記11号(40号/L相当) ピンクベージュ 結婚式 フォーマル 櫛引 春夏 レディース,15800,790,0,春夏
2024/3/11 22:31,Ａ美品/伊太利屋 大人なマーメイドスカート 表記9号(38号/Ｍ相当) 黒/ブラック 美花柄レース お食事会 パーティー 春夏向け ボトムス,7000,0,600,春夏
2024/3/10 15:54,美品/イヴサンローラン YVESSAINTLAURENT 優美な花柄ワンピース 絹シルク100% 表記M(9号相当) グレー系 クラシカル 春夏 レディース,36960,0,0,春夏
2024/3/7 11:07,新品同様/グレード GRADE レオパード柄ふっくらダウンジャケット コート 表記11号(相当) 茶/ブラウン 秋冬向け アウター レディース,12900,0,0,秋冬
2024/3/7 10:08,A新品同様/ enuan yang チャイナドレスワンピース 表記11号(L相当) 赤/レッド シフォン素材 綺麗な花柄デザイン パーティー 春夏向け,12810,0,0,春夏
2024/3/5 23:48,Ａ新品同様/アンタイトル UNTITLED ふっくら美形コート 表記1号(11号/L相当) ベージュ 圧縮ウール素材 秋冬 アウター レディース,12800,0,0,秋冬
2024/3/5 22:34,美品*クレージュ*ベージュ*耀ビシュロゴプリント*ワンピース38,6810,0,600,春夏
2024/3/5 22:03,新品同様/ダックス DAKS フレアスカート 表記67ー93(9号/M相当) グレー 美花柄 薄手 ミモレ丈 お出掛け 春夏 ボトムス レディース,11880,0,0,春夏
2024/3/5 16:15,美品/シャミー Chamois ニットカットソー セーター 表記 9号 M 相当 古着 グレー レディース 秋 冬 トップス 長袖 毛100 アンゴラ混 蝶柄,9020,3000,600,秋 冬
2024/3/5 15:48,新品同様/グレード GRADE 東京スタイル ダウンコート 大きい 表記 13号 LL 相当 茶 ブラウン レディース 秋冬 アウター ダウン80% ファー,21450,0,0,秋冬
2024/3/4 9:19,美品/ダックス DAKS ボックスプリーツスカート 表記 66-92 9号 相当 ベージュ 毛 ウール チェック柄 お出掛け 春秋 ボトムス レディース,16500,0,0,春秋
2024/3/4 9:19,美品/アクアスキュータム Aquascutum プリーツスカート 11号 40号 相当 グレー 毛 ウール チェック柄 膝丈 春秋 ボトムス レディース,15400,0,0,春秋
2024/3/2 20:47,新品同様/ダーマコレクション DAMA collection チュニック ツイード 表記9号 M相当 青緑 長袖 綿混 コットン 春秋冬 トップス レディース,11000,0,0,秋冬
2024/3/2 3:09,美品/東京スタイル SCENE DEUX テーラード ジャケット 表記11号 L相当 濃紺 紺 ネイビー 銀釦 ストレッチ 単品 春 秋 アウター レディース,19800,0,0,春 秋
2024/3/1 16:50,美品/ヨシエイナバ yoshie inaba フレアスカート 表記 2号 9号 相当 黒 ブラック 絹 シルク シンプル 無地 艶感 春夏 ボトムス レディース,16280,0,0,春夏
2024/2/28 22:17,美品/Pianoforte di MaxMara マックスマーラ シフォンブラウス イタリア製 表記 I40号 9号 相当 黒 ブラック 春 夏 トップス レディース,17820,0,0,春 夏
2024/2/26 20:11,極美品/慈雨 センソユニコ 透け感素材ベスト 表記40号(11号/L相当) 濃紺/ネイビー 麻リネン混 綿コットン混 春夏向け トップス レディース,15400,0,0,春夏
2024/2/26 0:30,美品/スコッチハウス THE SCOTCH HOUSE ピーコート/ジャケット 表記11号(L相当) 炭黒 ウール素材 カシミヤ混 秋冬向け アウター レディース,16830,0,0,秋冬
2024/2/25 17:37,A新品同様/Louis Feraud ルイフェロー 美的タイトスカート 9号(38号/M相当) 茶・ブラウン メッシュ生地 ヒョウ柄 ボタニカル柄 春夏向け,5500,0,600,春夏
2024/2/24 12:34,新品同様/バレンザポースポーツ Valenza po Sports ニット カットソー 表記 40号 L 相当 黒 ブラック レディース 春 夏 半袖 トップス,7370,200,600,春 夏
2024/2/24 9:42,Ａ美品/レキップヨシエイナバ L'EQUIPE YOSHIE INABA 素敵なラップスカート 表記9号(M相当) ベージュ プリーツ 春夏 ボトムス レディース,4980,0,600,春夏
2024/2/22 16:44,Ａ美品/ヴィヴィアンタム VIVIENNE TAM タイトスカート 小さいサイズ 表記0号(5号/XS相当) 煌びやかスパンコール パーティー 春夏 ボトムス,12800,0,0,春夏
2024/2/19 21:35,新品同様/ビースリー B3 素敵な美脚ストレッチパンツ 魔法のパンツ 表記36号(9号相当) 黄色/イエロー ロゴ釦 お出掛け 春秋向け ボトムス,8140,0,600,春秋
2024/2/18 9:21,Ａ美品/詩仙堂 ヒトシタムラ 大人なフレアスカート 高級ちりめん素材 大きいサイズ (13号/LL相当) 黒 白 モダン総柄デザイン 春夏 ボトムス,12800,0,0,春夏
2024/2/18 0:10,新品同様/東京ソワール LUNE SOIR ブラックフォーマル ワンピーススーツ 表記 9号 M 相当 黒 レディース 春夏秋冬 冠婚葬祭 喪服 日本製,31130,0,0,春夏
2024/2/17 1:35,A美品*REGENCE*レジャンス*モダン美柄*ノーカラージャケット38/9,12001,0,0,春秋
2024/2/15 22:44,新品同様/ネミカ NEMIKA ワンピース 大きい 表記 13号 LL 相当 紺 ネイビー 伸縮性 シンプル 無地 Vネック お出掛け 春夏 レディース,18700,0,0,春夏
2024/2/15 0:35,M美品/CHALET BLANC/シャレブラン/紫/シフォン×繊細プリーツ/ワンピース&チュニック/セットアップ/9号（38号/М相当）/春夏/レディース,9799,0,600,春夏
2024/2/14 19:12,美品/レリアン Leilian ダウンコート 表記 9号 M 相当 黄銅色 イエロー 無地 フード 異素材切り替え お出掛け 秋 冬 アウター レディース,41030,0,0,秋 冬
2024/2/13 12:39,Ａ新品同様/エムズグレイシー M'S GRACY 上品なワンピーススーツ 表記11号(40号/Ｌ相当) 紺/ネイビー 煌びやかなラメ パーティー 春夏秋,24810,0,0,春夏
2024/2/11 22:10,M美品/TAKASHIMAYA/高島屋/紺/お洒落ナイロンコート/M（9号/38号相当）/春秋/レディース,5500,300,600,春秋
2024/2/9 23:18,美品/ミラショーン mila schon テーラードジャケット 大きい 表記 42号 13号 相当 紺 ネイビー ツイード素材 秋 冬 アウター レディース,12650,0,0,秋 冬
2024/2/9 23:18,新品同様/ビースリー B3 クロップドパンツ 表記 III 11号 相当 青 ブルー チェック柄 ストレッチ性 お出掛け 春夏 ボトムス レディース,7700,0,0,春夏
2024/2/8 2:15,M新品同様/22オクトーブル 22OCTOBRE 美脚ストレッチパンツ 表記40号(L相当) グレー ネイビー 通勤 シンプル 秋冬向 ボトムス レディース,5200,0,600,秋冬
2024/2/6 12:10,美品/ソワレドヒロミ Solree DeHiromi ニットカーディガン 表記 L 11号 相当 古着 ピンク レディース 春 秋 冬 トップス 長袖 ラメ レース,14520,0,0,春 秋
2024/2/5 14:19,A美品/sah maha sthama prapta 美的ラップスカート (9号～11号相当) 茶/ブラウン ウール100％ タイトデザイン 秋冬 ボトムス レディース,4990,0,600,秋冬
2024/2/1 22:47,M美品*セオリーtheory*グレーベージュ♪美形コットンベスト♪2/9,5600,0,600,春秋
2024/1/29 17:53,Ａ美品/ローラアシュレイ laura ashley 上品フレアスカート 小さいサイズ 表記9号(7号相当) 青/ブルー コットン素材 美花柄 春夏 ボトムス,6000,0,600,春夏
2024/1/27 7:18,美品/BRODEUR 大人スカートスーツ 大きいサイズ 表記13号(LL相当) 黒/ブラック 毛ウール100% ワッフル地 春秋向け セットアップ レディース,20680,1500,0,春秋
2024/1/21 16:54,美品/マックスマーラ Max Mara ウール系ツイードパンツ イタリア製 表記JI42号(9号相当) 黒/ブラック ゆったり 秋冬向 ボトムス レディース,12320,0,0,秋冬
2024/1/20 20:16,新品同様/プリーツプリーズ PLEATS PLEASE クロップドパンツ 表記 2号 9号 相当 黒 ブラック 艶感 プリーツ 無地 春夏 ボトムス レディース,17930,0,0,春夏
2024/1/20 12:17,A美品/ オッズ オネスト OZZ ONESTE 大人なジップアップジャケット 小さいサイズ (7号相当) 黒/ブラック 春秋向け アウター レディース,5500,0,600,春秋
2024/1/17 23:23,新品同様/マント風コート 表記 M 9号 38号 相当 古着 黒 ブラック レディース 秋 冬 アウター 毛 ウール 絹 シルク ミンク ファーボンボン,33000,0,0,秋 冬
2024/1/16 2:36,☆美品*ANTONELLA♪イタリア製*高級カシミヤ100*美形ジャケット7,6200,0,600,秋冬
2024/1/15 8:10,美品/23区 テーラードジャケット ツイード 表記 40号 11号 L 相当 茶 ブラウン レディース 秋 冬 アウター 羊毛混 ウール シンプル 通勤,16280,300,0,秋 冬
2024/1/13 20:31,M美品/グレープ横浜元町 grape お洒落オールインワン 9号/M相当 緑 ボタニカル柄 コットン系軽やか素材 ノースリーブ 春夏向け レディース,6985,0,600,春夏
2024/1/12 13:13,M新品同様/レリアン Leilian 優雅ジャガード織ジャケット 表記11号(L相当) 黒/ブラック 艶感 シルク混 結婚式 春夏秋 アウター レディース,28810,0,0,春夏
2024/1/11 5:27,新品同様/ドゥクラッセ DoCLASSE ノーカラージャケット 表記9号 M相当 グレー 比翼 シンプル レース 長袖 春 秋 冬 アウター レディース,7480,0,600,春 秋
2024/1/7 18:36,新品同様/インディヴィ INDIVI シンプルワンピース 表記42号(11号/L相当) グレー 毛ウール100%素材 半袖 秋冬向け レディース,15400,770,0,秋冬
2024/1/5 12:48,新品/チャコット Chacott 社交ダンススカート 表記 9号 Ｍ 相当 黒 ブラック レディース ボトムス 絹100 シルク ロング チュール 異素材,14630,732,0,春秋
2023/12/27 7:20,美品/イリヤロンタン ILY a LONG TEMPS フレアスカート 表記 W63 9号 相当 赤 レッド 毛 ウール トランプマーク 秋冬 ボトムス レディース,7700,0,600,秋冬
2023/12/25 14:39,☆美品*ロシャス♪グレー系杉綾柄♪洗練ツイードジャケット*9,3800,300,600,秋冬
2023/12/24 17:14,新品同様/トランク TRUNK ヒロココシノ ニットベスト 表記 40号 11号 相当 茶 ブラウン 変形デザイン お出掛け 春秋 トップス レディース,7150,0,600,春秋
2023/12/24 12:31,美品/インディヴィ INDIVI パンツ 大きいサイズ 表記44号 15号相当 グレー系 黒系 千鳥格子 毛 ウール ワイド 秋 冬 ボトムス レディース,8250,0,600,秋 冬
2023/12/23 10:50,A美品/ クリッツィア EVEX by KRIZIA お洒落なデニムスカート 大きいサイズ 表記48号(5Ｌ相当) 茶/ブラウン キラキラビーズ 春秋 ボトムス,6799,0,600,春秋
2023/12/21 8:37,M美品/極柔カシミヤ100% ふっくらニット 表記М(9号/38号相当) 赤/レッド シンプルデザイン 秋冬向け トップス レディース,6199,0,600,秋冬
2023/12/20 10:47,S新同【KYOKO HIGA】艶黒*メタル釦*美ジャケット*大きいサイズ13,3800,0,600,春秋
2023/12/19 21:38,A美品/ヒロココシノ HIROKO KOSHINO 素敵フレアスカート 表記9号(38号/M相当) 茶/ブラウン 艶感 絹シルク混 プリーツ 春夏秋 ボトムス,4990,0,600,春夏
2023/12/18 23:53,新品同様/レリアン Leilian シルバータグ 美艶クロップドパンツ 大きいサイズ表記13号(2L相当) グレー シルク混 春夏 ボトムス レディー,12800,0,0,春夏
2023/12/18 23:09,H新品同様/ザ・スーツカンパニー ふんわりウール100%コート 小さいサイズ表記号36(7号Sサイズ相当) グレー 秋冬向け アウター レディース,12800,111,0,秋冬
2023/12/18 15:41,美品/セオリーリュクス theory luxe ニットスカート 表記 38号 9号 相当 紺 ネイビー 変形デザイン お出掛け 春秋 ボトムス レディース,12100,0,0,春秋
2023/12/18 15:41,美品/ヴィクターヴィクトリア VICTORVICTORIA ウールスカート イタリア製 L 11号 相当 古着 茶 ブラウン レディース 秋 冬 ボトムス 毛100,13090,0,0,秋 冬
2023/12/18 15:41,新品同様/モガ MOGA タイトスカート 表記 3号 11号 L 相当 古着 黒 ブラック レディース 春 夏 ボトムス 単品 ストレッチ 卒業式 卒園式,7920,0,0,春 夏
2023/12/18 15:41,美品/イエナ IENA スカート ツイード 小さいサイズ 表記 36号 S 7号 相当 古着 濃紺系 ネイビー レディース 秋 冬 ボトムス 毛混 ウール,7700,0,0,秋 冬
2023/12/18 1:25,Ａ美品/アナイ ANAYI 素敵なステンカラーコート 小さいサイズ 表記36号(7号/S相当) 白 黒 ツイード素材 秋冬向け アウター レディース,12900,0,0,秋冬
2023/12/17 13:02,A新品同様/SCAPA スキャパ カーディガン トップス M(9号/38号相当) 幾何学柄 ウール100％ 秋冬向け レディース,10000,0,0,秋冬
2023/12/16 21:10,M美品/Emchariot カシミヤ100%コート 大きいサイズ 表記LL(13号/42号相当) 黒/ブラック 冠婚葬祭 フォーマル 秋冬向け アウター レディース,15900,0,0,秋冬
2023/12/13 0:11,美品/23区 フレアスカート 大きい 表記 44号 15号 3L 相当 グレー ツイード素材 幾何学柄 膝丈 お出掛け 秋冬 ボトムス レディース,13200,200,0,秋冬
2023/12/11 22:31,M美品*アツロウタヤマ A/T 上品ロングスカートスカート グレー 圧縮ウール 小さいサイズ 36/7,5480,0,600,秋冬
2023/12/11 18:39,美品/伊太利屋 GK 大人チュニック 小さいサイズ 表記7号(S相当) 黒/ブラック 猫柄 毛ウール100% シンプル 秋冬向け トップス レディース,14080,704,0,秋冬
2023/12/9 23:53,新品同様/スペッチオ SPECCHIO カットソー プリーツ 表記 40号 L 相当 黒 ブラック レディース 春 秋 トップス 長袖 異素材 タートルネック,11000,0,0,春 秋
2023/12/8 16:25,美品/ジュンアシダ jun ashida タイトスカート 表記 11号 L 相当 黄色 イエロー まだら模様 毛 ウール アンゴラ 秋冬 ボトムス レディース,12650,200,0,秋冬
2023/12/6 0:33,M新品同様/シャミー Chamois ふっくらニット 表記9号(38号/М相当) ボルドー 立体柄 極柔&暖か素材 伸縮 秋冬 トップス レディース,8000,0,600,秋冬
2023/12/4 22:47,美品/ホコモモラ hocomomola シビラ 花柄シャツワンピース 表記42号(11号/L相当) 多彩 ベージュ ボタニカル柄 長袖 春夏秋向け レディース,13750,0,0,春夏
2023/12/4 13:12,新品同様/RALPH LAUREN ラルフローレン大人ツイードフレアスカート 9号(M相当) グレー 春夏秋冬向け レディース,4980,0,600,春夏
2023/12/3 6:06,M新品同様/コムサ COMME CA ウール系ジャケット 表記9号(38号/M相当) 茶/ブラウン チェック柄 ダブル仕立て 秋冬向け アウター レディース,6985,0,600,秋冬
2023/12/1 21:14,S美品【ジュンアシダ】7分袖*大人美柄ジャケット大きいサイズ*15,17300,0,0,春秋
2023/11/30 3:54,M新品同様/CORDIER コルディア 大人ロングスカート 42号(9号/М相当) グレー 伸縮 ウール混 シンプルデザイン 秋冬向 ボトムス レディース,5480,200,600,秋冬
2023/11/28 7:51,H新品同様/ BOSCH ボッシュ 極柔フレアースカート 表記40号(11号Lサイズ相当) グレー 秋冬向け ウール100％ お食事会 ボトムス レディース,5500,0,600,秋冬
2023/11/26 16:39,美品/ユキトリイ YUKI TORII ワンピース 表記 11号 40号 L 相当 古着 黒 ブラック レディース 春 夏 半袖 薄手 プリーツ 単品 ノーカラー,15620,0,0,春 夏
2023/11/24 21:49,美品/コルディア CORDIER ノーカラージャケット 大きいサイズ 表記44号 15号 3L相当 古着 黒 ブラック ツイード レディース 秋 冬 アウター,14630,0,0,秋 冬
2023/11/24 15:14,M美品/ビルブラス BILL BLASS ブラックフォーマルワンピーススーツ 表記11号(L相当) 黒 冠婚葬祭 喪服 春夏秋冬向 セットアップ レディース,12799,0,0,春夏
2023/11/24 12:45,M美品/ミゼール MISSEL 上品パンツスーツ 大きいサイズ 表記17号(46号/4L相当) 黒/ブラック ツイード素材 通勤 秋冬向け レディース,12810,0,0,秋冬
2023/11/22 23:06,美品/TRICOSA イトキン スカートスーツ 大きいサイズ 表記42号 13号 LL相当 赤 レッド 2点セット レース 秋 冬 セットアップ レディース,15400,0,0,秋 冬
2023/11/22 18:06,美品/伊太利屋 GK ロングスカート 大きいサイズ 表記13号 LL相当 濃紺 薄手 シンプル ストレッチ スリット 動物 春 夏 ボトムス レディース,6930,0,600,春 夏
2023/11/21 21:46,美品/マックスマーラ MaxMara スカート イタリア製 表記 I40号 11号 相当 黒 ブラック 伸縮性 膝丈 オフィス 春 秋 ボトムス レディース,16830,0,0,春 秋
2023/11/18 11:33,美品/ちぐさボーベル Bowbell チェスターコート 大きい 表記 15号 3L 相当 黒 ブラック 毛 ウール シンプル 無地 秋冬 アウター レディース,28380,1500,0,秋冬
2023/11/16 16:20,美品/MISSONI ミッソーニ 美彩透け感ニットポンチョ (フリーサイズ) 茶/ブラウン イタリア製 春秋冬向け トップス レディース,15900,0,0,秋冬
2023/11/16 15:30,M新品同様/J&R ジェイアンドアール ジャガード織ジャケット 小さいサイズS号(7号/36号相当) 黒 ラメ 結婚式 秋冬向け アウター レディース,9801,0,600,秋冬
2023/11/16 10:08,H新品同様/ルイ ジョーネ LOUIS JOONE ふっくらダウンジャケット 表記号(11号Lサイズ相当) 茶/ブラウン 秋冬向け 光沢 アウター レディース,4100,111,600,秋冬
2023/11/16 0:15,美品/レリアン Leilian ダウンコート 大きいサイズ 表記15号 3L相当 ベージュ ダウン95% 暖かい ジップアップ 秋 冬 アウター レディース,35640,0,0,秋 冬
2023/11/14 21:01,Ａ新品同様/アンタイトル UNTITLED ツイードパンツ 小さいサイズ 表記0号(XS相当) 茶色/ブラウン シルク混 霜降りミックス 秋冬 ボトムス,6800,0,600,秋冬
2023/11/12 23:52,新品/パサデココ PASA DE COCO テーラードジャケット 表記9号 M相当 茶 ブラウン 毛100 ウール クラシカル 単品 秋冬 アウター レディース,33000,0,0,秋冬
2023/11/12 1:11,美品/Pringle ウール100％カーディガン 英国製 9号/38号/M相当 ワインブラウン系 シンプル 毛 伸縮 秋冬向け トップス レディース,7480,0,600,秋冬
2023/11/11 21:00,美品/カマンタ KAMANTA イタリア製絹シルクワンピース 表記40号(11号/L相当) ピンクベージュ系 華やかビーズ 半袖 春夏向け レディース,19800,0,0,春夏
2023/11/11 21:00,新品/バナナリパブリック BANANA REPUBLIC ワンピース 表記 4号 11号 相当 紫 パープル 伸縮性 美柄 プリーツ お出掛け 春夏 レディース,15400,0,0,春夏
2023/11/11 13:26,新品同様/23区 ガウチョパンツ 表記 38号 9号 M 相当 グレー 毛 ウール 薄手 シンプル 無地 ゆったり オフィス 春秋 ボトムス レディース,8030,300,600,春秋
2023/11/10 17:28,美品/マギー MAGGY プリーツスカート ロングスカート 表記 40号 11号 L 相当 古着 グレー レディース 秋冬 ツイードウール ボトムス レース,11000,0,0,秋冬
2023/11/8 22:32,Ａ美品/マックスマーラ MaxMara ふっくらツイードジャケット イタリア製 表記IJ38号(11号/L相当) 茶/ブラウン シルク混 秋冬向け アウター,12900,1290,0,秋冬
2023/11/5 0:24,美品/セオリー Theory フレアスカート 小さい 表記 S 7号 相当 黒 ブラック シンプル 無地 伸縮性 オフィス 春秋 ボトムス レディース,14850,743,0,春秋
2023/11/4 22:33,M美品/コティ Coty 華ロングドレスワンピース 小さいサイズS号(7号相当) すみれ色 フォーマル パーティー マキシ丈 透け感 春夏 レディース,28810,0,0,春夏
2023/11/4 7:54,M美品/エス S イタリア製ロングカーディガン 表記M～L号(9号～11号相当) グレー メリノウール リブ編み 羽織 秋冬向け トップス レディース,7000,700,600,秋冬
2023/11/3 17:41,美品/ピエールカルダン pierre cardin スカートスーツ 大きい 表記 13号 LL 相当 紺 ネイビー ラメ パーティー お食事会 春秋 レディース,31900,0,0,春秋
2023/11/1 10:45,M美品/東京ソワール SOIR BENIR ブラックフォーマルワンピース 大きいサイズ表記13号(42号/LL相当) 黒 半袖 冠婚葬祭 喪服 春夏 レディース,7000,0,600,春夏
2023/11/1 8:21,美品/プリーツプリーズ PLEATS PLEASE イッセイミヤケ プリーツカットソー 表記F(7号・9号・11号相当) イエロー 春夏 トップス レディース,23100,2000,0,春夏
2023/10/31 23:41,M美品/VININI/ヴィニーニ/オレンジ/ふっくらツイード素材/ウール100/美形スカート/大きいサイズ42号（13号/LL相当）/秋冬/レディース,3800,0,0,秋冬
2023/10/31 23:41,M新品同様/ランズエンド LANDS'END ツイードスカート 大きいサイズ 表記13号(42号/LL相当) グレー ウール素材 秋冬向 ボトムス レディース,6200,0,0,秋冬
2023/10/31 8:27,Ａ新品同様/ランチェッティ LANCETTI 高級ベロアジャケット 表記42号(11号/L相当) 黒/ブラック フォーマルにも 秋冬 アウター レディース,17900,0,0,秋冬
2023/10/30 22:40,S美品【ソニアリキエル】濃黒*ストレッチ素材*クロップドパンツ9,3250,0,600,秋冬
2023/10/27 20:28,A新品同様/CK Calvin Klein カルバンクライン 素敵ジップアップジャケット 6号(9号/M相当) 黒 絹・シルク混 春秋向け,12900,0,0,春秋
2023/10/26 1:28,M美品/ラルフローレン RALPH LAUREN 上品ロングスカート 小さいサイズ 表記7号(S相当) 黒/ブラック 毛ウール100% 春秋 ボトムス レディース,7000,0,600,春秋
2023/10/25 0:10,美品/アリスバーリー Aylesbury L フレアスカート 大きいサイズ 表記17号 4L相当 グレー系 千鳥格子柄 ウール 春 秋 ボトムス レディース,11770,589,0,春 秋
2023/10/24 19:54,美品/ホコモモラ hocomomola ワンピーススーツ 大きい 表記 42号 13号 相当 ピンク くすみカラー 無地 毛 ウール お食事会 秋冬 レディース,21230,0,0,秋冬
2023/10/23 21:44,H新品同様/IENA イエナ 美彩カーディガン (Ｍサイズ相当) 赤/レッド 春秋向け お出かけ 羽織 ニット 高級ウール100% トップス レディース,12800,0,0,春秋
2023/10/23 20:35,M美品/On View 住商オットー ウール系ツイードジャケット 表記9号(38号/M相当) 緑 フリンジ 羽織 ノーカラー 秋冬向け アウター レディース,16000,1600,0,秋冬
2023/10/23 20:20,美品/ザラ ZARA BASIC ふっくら極暖ダウンジャケット 表記L(11号相当) 茶/ブラウン お出掛け 秋冬向け アウター レディース,20350,1500,0,秋冬
2023/10/23 16:39,新品/メリージェニー merry jenny 花柄スカート 表記フリー(M～L相当) 綿コットン100% カットワークレース 春夏向 ボトムス レディース,6600,660,600,春夏
2023/10/23 14:14,Ａ美品/ビーティングハート BEATING HEART ジャケット コート 表記2号(9号相当) オフ白 黒 綿コットン100 ピンストライプ柄 春秋 アウター,12800,0,0,春秋
2023/10/22 21:10,美品/ビースリー B-Three B3 ストレッチパンツ 表記32号 9号 M相当 グレー シンプル 通勤 オフィス ロング 秋 冬 ボトムス レディース,4400,300,600,秋 冬
2023/10/21 14:56,美品/ココラッシー COCCOLUSSI 東京ソワール 美艶フォーマルジャケット 表記19号(大きい5L相当) グレー レース 春夏秋 アウター レディース,19800,0,0,春夏
2023/10/19 0:15,美品/アマカ AMACA 半袖 サマーニット 表記 38号 9号 Ｍ 相当 古着 ココア ブラウン レディース シンプル ラメ 軽い 春夏 秋 トップス,8250,3000,0,春夏
2023/10/19 0:15,美品/アナイ ANAYI ウールコート ツイードコート ショート丈コート 表記 38号 9号 相当 黒系 レディース 秋 冬 アウター 毛 ウール 変形襟,20680,0,0,秋 冬
2023/10/19 0:15,新品同様/自由区 タイトスカート 台形 表記 40号 L 相当 グレー レディース 秋 冬 ボトムス 毛100 メルトンウール ウール シンプル 膝丈,9020,0,0,秋 冬
2023/10/19 0:12,美品/ニコルファリ NICOLE FARHI タイトスカート 羊革 表記11号 L相当 黒 ブラック シンプル 膝丈 本革 レザー 秋 冬 ボトムス レディース,13200,0,0,秋 冬
2023/10/18 22:25,H美品/トゥーシー TWO:C 美形フリンジジャケット 表記38号(11号Lサイズ相当) グレー 春夏向け ツイード 比翼仕立て トップス レディース,4200,0,600,春夏
2023/10/16 18:57,M美品/レコパン Les Copains blue ふっくら中綿入りジャケット 表記イタリア40号(9号相当) 茶/ブラウン 艶感 秋冬向け アウター レディース,12810,1281,0,秋冬
2023/10/16 13:40,新品同様/組曲 KUMIKYOKU プリーツスカート 大きいサイズ 表記 5号 15号 相当 青 ブルー ステッチライン デニム生地 ボトムス レディース,8030,803,600,春夏
2023/10/16 8:36,セール★M美品*VALENZA PO SPORTS/バレンザポースポーツ/黒/ウール100/ラメ×ロゴワッペン/ゆったりニットパンツ/M/9/値下9500→6480,5600,560,600,秋冬
2023/10/14 20:44,Ａ新品同様/ソウソウ sou・sou ゆったり暖かパンツ 小さいサイズ 表記S(7号相当) グレー ウール素材 絹シルク混 秋冬 ボトムス レディース,6799,0,600,秋冬
2023/10/6 21:42,Ａ美品/BC ビスケー 大人なふっくらタートルニット (11号/L相当) 茶色 黒 ウール素材 まだら模様 お出掛け 秋冬向け トップス レディース,16000,0,0,秋冬
2023/10/6 15:59,A美品/ジュンコシマダ 49AV. junko shimada 大人な美的タイトスカート 表記40号(L相当) 黒/ブラック ウール100％ 幾何学柄 秋冬 ボトムス,5480,548,600,秋冬
2023/10/6 8:42,新品同様/ソワールドルチェ SOIR DOLCE 東京ソワール フォーマル ワンピース 大きい 表記13号 LL相当 黒 ブラック レディース 春 夏 単品,24970,0,0,春 夏
2023/10/4 21:20,美品/jun ashida ジュンアシダ 素敵なWフレアスカート 9号(M相当) 黒 異素材スタイル 春秋向け レディース,6790,0,600,春秋
2023/10/4 9:58,M新品同様/ラルフローレンゴルフ RALPH LAUREN 優秀スコート 表記00号(身長150) ベージュ ゴルフウエア 伸縮 春夏向け ボトムス レディース,5951,0,600,春夏
2023/10/4 7:20,H新品同様/T-PLEATS 美形プリーツカーディガン 表記Mサイズ(9号相当) 紺/茶/ストライプ 春夏向け 伸縮 透け感 羽織 トップス レディース,6200,0,600,春夏
2023/10/1 17:40,A新品同様/自由区 美脚ウールパンツ 表記38号(9号/Mサイズ相当) グレー 霜振りミックスカラー オフィスなどに 秋冬 ボトムス レディース,6299,0,600,秋冬
2023/9/30 19:37,新品同様/ローズティアラ Rose Tiara ロングワンピース 大きいサイズ 表記 46号 17号 相当 古着 黒 ブラック レディース 春 夏 長袖 花柄,14630,1463,0,春 夏
2023/9/30 13:40,新品/ドゥクラッセ DoCLASSE ロングスカート ツイード 表記 11号 L 40号 相当 濃紺系 ネイビー レディース 秋 冬 ボトムス 綿混 コットン,9020,902,600,秋 冬
2023/9/29 9:11,Ａ美品/VPL 大人なノーカラージャケット 小さいサイズ 表記0号(7号/S相当) 黒/ブラック ジャージ素材 オフィス 春秋 アウター レディース,12800,0,0,春秋
2023/9/28 19:10,新品同様/セシオセラ CECI OU CELA ニットジャケット 表記 40号 L 相当 グレー ケーブル編み フード付き 春秋 アウター レディース,12650,0,0,春秋
2023/9/27 16:09,新品同様/ROND POINT 東京ソワール スカートスーツ 表記 9号 M 相当 黒 ブラック ボーダー柄 リボン 艶感 春秋 セットアップ レディース,26180,2618,0,春秋
2023/9/26 22:59,M新品同様/T-PLEATS 大人ジャケット 繊細プリーツ加工 表記M(9号/38号相当) 黒/ブラック 伸縮 軽やか素材 長袖 春夏向 アウター レディース,6800,200,600,春夏
2023/9/25 13:41,Ａ新品同様/ジョルネア Giornea 大人なスカートスーツ 表記9号(38号相当) 茶色/ブラウン ウール100％ チェック柄 秋冬向け レディース,17899,0,0,秋冬
2023/9/23 13:09,M美品/ビクタービクトリア VICTOVICTORIA フリル付ブラウス 表記イタリア40号(7号～9号相当) 黒/ブラック 艶感 春夏秋 トップス レディース,4110,0,600,春夏
2023/9/23 4:51,M美品/MADAME NICOLE/マダムニコル/ブラウングレー/繊細プリーツ加工/伸縮/ロングスカート/9~11号（38~40号/M~L相当）/春夏/レディース,5500,0,600,春夏
2023/9/21 23:03,M美品/東京ソワール RIFANNE？ クラシカルワンピース 表記11号(40号/L相当) 白/ホワイト ちりめん素材 襟レース 長袖 春夏秋向 レディース,15810,0,0,春夏
2023/9/21 21:49,H美品/トゥモローランド TOMORROWLAND おしゃれガウチョパンツ 表記36号(9号Mサイズ相当) 紺/ネイビー 春夏向け ボトムス レディース,5480,439,600,春夏
2023/9/20 22:12,M美品/CARVEN カルヴェン 東京ソワール ブラックフォーマルワンピース 大きいサイズ14号(15号相当) 黒 半袖 冠婚葬祭 喪服 春夏 レディース,12001,200,0,春夏
2023/9/20 18:38,新品同様/ドゥクラッセ DoCLASSE ワンピース 表記 L 11号 相当 紺 ネイビー 伸縮性 シンプル 無地 オフィス お出掛け 秋冬 レディース,9680,0,600,秋冬
2023/9/19 20:59,A美品/RALPH LAUREN　ラルフローレン/ロゴ釦/美形スカート 表記９号 ベージュ ボトムス レディース,4980,0,600,春秋
2023/9/18 2:42,新品同様/東京イギン TOKYO IGIN ブラックフォーマルワンピーススーツ 大きい 表記 13AR LL 相当 黒 ブラック 冠婚葬祭 喪服 レディース,28820,2000,0,春秋
2023/9/15 21:02,美品/ピンクハウス PINK HOUSE フリルワンピース 大きい 13号 LL 相当 青 ブルー トランプ 白うさぎ お出掛け ディズニー 春秋 レディース,25850,0,0,春秋
2023/9/15 8:16,新品同様/プリーツプリーズ PLEATS PLEASE ロングパンツ 表記 2号 9号 相当 茶 ブラウン プリーツ 薄手 お出掛け 春夏 ボトムス レディース,21450,2000,0,春夏
2023/9/12 21:18,A新品同様*アンタイトル*グレー*ジャケット*大きいサイズ42/13,4100,0,600,春夏
2023/9/11 20:25,M美品/ピノーレ PINORE 上品ロングスカート 9号/38号/M相当 ボルドー ヨーロピアン調刺繍 薄手 シンプル 春夏向け ボトムス レディース,4990,0,600,春夏
2023/9/9 18:09,美品/バラ色の暮し フレアスカート 小さいサイズ  7号 S 相当 グレーベージュ系 レディース 秋 冬 ボトムス ジャガード風 花柄 毛混 ウール,8910,1500,600,秋 冬
2023/9/8 12:56,美品/伊太利屋 GK ジャケット 表記9号 M相当 オレンジイエロー系 ノーカラー クラシカル 薄手 ビジュー 長袖 春夏 アウター レディース,22000,0,0,春夏
2023/9/7 18:00,美品/ビースリー B-Three B3 美脚ストレッチパンツ 大きいサイズ 表記42号 W78～81 淡ピンク系 魔法のパンツ 秋冬向け ボトムス レディース,7150,0,600,秋冬
2023/9/5 9:06,新品同様/ドゥクラッセ DoCLASSE スカート 大きい 表記 13号 LL 相当 黒 グレー モダン総柄 ミモレ丈 お出掛け 春秋 ボトムス レディース,6930,0,600,春秋
2023/9/4 11:07,美品/ アクリス AKRIS 銀座和光 WAKO ふっくらツイードジャケット (11号/Lサイズ相当) グレー フリンジ 麻混 春秋向け アウター レディース,34810,0,0,春秋
2023/8/31 11:04,新品/ネイブル NEIPLE テーラードジャケット 表記L 11号相当 茶 ブラウン 毛 ウール シンプル 通勤 ストレッチ 秋 冬 アウター レディース,8250,0,600,秋 冬
2023/8/30 22:30,新品同様*Ｏｔｔｏオットー*茶*極柔ファー仕立て*素敵コートＬ,12800,0,0,秋冬
2023/8/29 20:45,美品/ビースリー B3 ストレッチパンツ ロング 魔法のパンツ 表記 2号 9号 相当 紫 パープル シンプル お出掛け ボトムス レディース,7700,0,600,春夏
2023/8/28 9:43,美品/ダックス DAKS フレアスカート 表記 11号 L 相当 古着 白 ホワイト 青 ブルー レディース 春 夏 麻100 リネン 花柄 ボタニカル 膝丈,11000,0,0,春 夏
2023/8/23 23:11,新品同様/アニエスベー agnes b リボンブラウス 表記 38号 9号 M 相当 紫 パープル 艶感 花柄 薄手 お出掛け 春秋 トップス レディース,13200,0,0,春秋
2023/8/21 20:10,M新品同様/スポーツマックス SPORTMAX イタリア製変形チュニック 表記L(11号相当) 絹シルク100% ボタニカル柄 春夏向 トップス レディース,12810,0,0,春夏
2023/8/19 10:32,新品同様/ニューヨーカー NEW YORKER お洒落ヘリンボーン柄ワンピース 表記9号(M相当) 黒/ブラック 軽やか素材 長袖 春夏向け レディース,12650,0,0,春夏
2023/8/16 6:34,Ａ美品/RX MOGA モガ 素敵なニットワンピース 表記3号(9号/M相当) 黄色 黒 ウール素材 ロング丈 お出掛け 秋冬向け レディース,12010,0,0,秋冬
2023/8/16 2:15,H新品同様/Jプレス J.PRESS 大人ボタニカルシャツ 表記11号(Lサイズ相当) グレー 春秋向け 透け感 お出掛け お食事会 トップス レディース,5480,0,600,春秋
2023/8/15 23:05,A新品同様/ザラ ZARA 美的タイトワンピース 小さいサイズ 表記S(7号相当) 黒/ブラック ノースリーブ オフィス お食事会 春夏 レディース,12800,0,0,春夏
2023/8/15 20:25,M新品同様/primage 総レースワンピース 大きいサイズ 表記13号(42号/LL相当) 黒/ブラック 7分袖 結婚式 パーティー 春夏向け レディース,12800,0,0,春夏
2023/8/12 20:51,新品同様/TOKUKO 1er VOL*J トクコプルミエヴォル フリルカットソー 表記9号(Mサイズ相当) 黒 春夏向け トップス レディース,9799,0,600,春夏
2023/8/12 14:38,M美品/PLANETE INTERDITE/フランス製/茶/格子柄/変形デザイン/3段切替/伸縮/フレアスカート/9号（38号/М相当）/春秋/レディース,5480,0,600,春秋
2023/8/11 6:55,H美品/モガ MOGA おしゃれシフォンカットソー 表記2号(9号Mサイズ相当) レオパード柄 春夏向け ノースリーブ トップス レディース,4210,0,600,春夏
2023/8/10 19:55,新品同様/REBESA 美柄チュニック イタリア製 9号/38号/M相当 茶/ブラウン系 3分袖 透け感 ジャージ素材 春夏向け トップス レディース,7150,0,0,春夏
2023/8/10 14:24,A美品/ インテレクション INTELLECTION お洒落ジャケット 表記40号(L相当) 黒/ブラック 艶感 プリーツ 春秋向け アウター レディース,6800,0,600,春秋
2023/8/9 19:18,S新同【イッセイミヤケ】濃黒*伸縮性*お洒落プリーツカットソー2,12800,0,0,春夏
2023/8/8 23:09,M新品同様/レリアン Leilian 優雅ジャガード織ジャケット 表記11号(L相当) 黒/ブラック 艶感 シルク混 結婚式 春夏秋 アウター レディース,28800,0,0,春夏
2023/8/8 19:46,美品/伊太利屋 GK 大人な美的タイトスカート 小さいサイズ 表記7号(S相当) 黒 白 ウール素材 ヘリンボーン柄 秋冬 ボトムス レディース,15730,0,0,秋冬
2023/8/8 11:46,M新品同様/バンベール VINVERT 美柄シフォン素材ブラウス 表記11号(40号/L相当) 茶/ブラウン 総透け感 長袖 春夏向け トップス レディース,6785,0,600,春夏
2023/8/8 7:15,セール★美品*Index/インデックス/グレー/ボタニカル柄/お洒落な夏!!ショートパンツ/11号（L相当）春夏/レディース/値下2300→1000,999,0,600,春夏
2023/8/6 20:24,美品/東京ソワール social time ブラックフォーマルワンピース 表記11号 L相当 黒 冠婚葬祭 喪服 半袖 単品 ノーカラー 春 夏 レディース,17160,0,0,春 夏
2023/8/6 13:03,美品/ヤッコマリカルド YACCO MARICARD ブラウス 表記 3号 11号 相当 ピンク 綿 コットン ピンタック お出掛け 春夏 トップス レディース,17600,0,0,春夏
2023/8/4 23:00,新品/ドゥクラッセ DoCLASSE チュニック 大きい 表記 XL 13号 相当 黒 ブラック 伸縮性 シンプル 無地 お出掛け 春夏 トップス レディース,4180,0,600,春夏
2023/7/30 21:22,美品/ヤッコマリカルド YACCO MARICARD チュニックブラウス 表記 1号 11号 13号 相当 白 ホワイト 綿 ピンタック 春夏 トップス レディース,17930,0,0,春夏
2023/7/29 21:08,Ａ新品同様/t.b センソユニコ 上品ジップアップベスト 表記38号(9号/M相当) 黒/ブラック たっぷりフリル 春夏向け トップス レディース,5300,200,600,春夏
2023/7/29 17:19,美品/レキップ ヨシエイナバ L'EQUIPE YOSHIE INABA プリーツスカート ロング 表記 9号 M 相当 黒 ブラック レディース 春 夏 ボトムス,6600,0,600,春 夏
2023/7/29 1:21,美品/ダブルスタンダードクローシング DOUBLE STANDARD CLOTHING ストレッチパンツ 表記 36号 7号 相当 グレー モダン美柄 春秋 レディース,5720,200,600,春秋
2023/7/26 6:14,A美品/NARACAMICIE　ナラカミーチェ/茶/美脚ストレッチパンツ/小さいサイズ/0/7,4990,0,600,春秋
2023/7/25 3:29,美品/ビースリー B-Three B3 美脚ストレッチパンツ 表記2号/W63～69(9号相当) 黒/ブラック 魔法のパンツ 春夏向け ボトムス レディース,6380,0,600,春夏
2023/7/22 21:53,新品同様/コムサ COMME CA フレアスカート 表記 11号 40号 L 相当 古着 黒系 ブラック レディース 春 夏 ボトムス 幾何学 薄手 ロング,6050,484,600,春 夏
2023/7/19 23:19,A美品/コジャーナ cojana 美形ロングコート 大きいサイズ 表記9号(11号～13号相当) 黒 白 ウール素材 微小デザイン 秋冬向け アウター,24900,0,0,秋冬
2023/7/17 22:21,Ａ新品/ザラ ZARA お洒落コットンチュニック 小さいサイズ 表記S(7号相当) ピンク お出掛け 春夏向け トップス レディース,8000,0,600,春夏
2023/7/17 12:55,H新品同様/TREND CLIPS トレンドクリップス 美形レザーパンツ 表記9号(Mサイズ相当) 茶/ブラウン 豚革100% 秋冬向け ボトムス レディース,6000,0,600,秋冬
2023/7/13 17:20,M美品/大人クラシカルワンピース 表記11号(40号/L相当) 緑 うぐいす色 昭和レトロ 透け感 ノーカラー 長袖 伸縮 春夏向け レディース,12800,0,0,春夏
2023/7/13 10:48,新品同様/me ミー イッセイミヤケ 美形ノースリーブカットソー (11号相当) 青/ブルー プリーツデザイン ジグザグ柄 春夏向け トップス,15950,0,0,春夏
2023/7/12 22:56,Ａ新品/ドゥクラッセ DoCLASSE 素敵なジャージワンピース 表記M(9号相当) 抽象的な美花柄 お出掛け 春夏向け レディース,5500,0,600,春夏
2023/7/11 1:57,美品/ヨシキヒシヌマ YOSHIKI HISHINUMA カットソー 小さいサイズ 表記 1号 S 相当 茶 ブラウン レディース 春 夏 トップス 透け感 薄手,11000,0,0,春 夏
2023/7/11 0:22,M美品/VALENZA PO バレンザポー ラップスカート 40号(11号/L相当) 黒/ブラック ロゴ入ボタン&ロゴ刺繍 薄地 春夏向け レディース,5299,0,600,春夏
2023/7/5 12:57,美品/アニエスベー agnes b ハーフパンツ フランス製 小さいサイズ 表記 36号 S 相当 古着 紺 ネイビー レディース 春 夏 ボトムス 綿混,7700,0,600,春 夏
2023/7/3 8:03,美品/セオリーリュクス theory luxe チュニック 表記 40号 11号 相当 黒 ブラック 麻 リネン シンプル お出掛け 春夏 トップス レディース,13750,0,0,春夏
2023/7/2 18:30,新品同様/ビースリー B3 デニムパンツ 表記 32号 9号 M 相当 青 ブルー ストレッチ性 ロゴ釦 カジュアル 春 秋 ボトムス レディース,8360,0,600,春 秋
2023/7/2 9:54,美品/ビスケー BC ストライプ柄ジャケット 大きいサイズ 13号/LL相当 白/ホワイト系 綿/コットン素材 春秋向け アウター レディース,11000,0,0,春秋
2023/7/1 13:16,M美品/レマロン remalon 花柄スカート 大きいサイズ 表記15号(3L相当) ベージュ 薄手 美揺ボックスプリーツ 春夏向け ボトムス レディース,6299,0,600,春夏
2023/7/1 9:57,M美品/HIRSE 軽やかシフォンスカート 9号/38号/M相当 ボルドー 美花柄刺繍 しわ感＆透け感 薄手 ロング丈 春夏向け ボトムス レディース,6000,0,600,春夏
2023/7/1 1:48,美品*ホワイトイタリヤード*紺*美編みニットフリルワンピース9,5300,265,600,春秋
2023/6/28 19:41,美品/トゥモローランド TOMORROW LAND ブラウス 表記 38号 9号 M 相当 古着 グレー レディース 春 夏 トップス 長袖 薄手 透け感 前開き,7920,0,600,春 夏
2023/6/28 18:16,美品/マッキントッシュ MACKINTOSH オーバーブラウス 表記 38号 9号 相当 茶 ブラウン お花 刺繍 お出掛け 春夏 トップス レディース,7700,0,600,春夏
2023/6/28 9:14,M新品同様/メルローズ MELROSE claire ドット柄スカート シフォン素材 表記4号(11号相当) 黒/ブラック 透け感 春夏向 ボトムス レディース,5200,0,600,春夏
2023/6/27 19:17,A美品/ROPE ロペ 上品ボックスプリーツスカート 9号(M/38号相当） 黒 伸縮性素材 春夏向け レディース,6800,0,600,春夏
2023/6/25 20:17,M美品/上品ブラックフォーマルワンピース 表記11号(40号 L相当) 黒 ブラック 冠婚葬祭 喪服 半袖 ウール100% ピンタック 春夏 レディース,4210,0,600,春夏
2023/6/24 2:25,S新同【ノーべスパジオ】ボルド*比翼仕立*総ラメパンツスーツ*38,15899,0,0,春夏
2023/6/23 15:19,美品/三年坂 大人アンサンブル 和柄ちりめん素材 表記M(9号相当) 朱色/オレンジ ジャケット ブラウス 伸縮 春夏向け トップス レディース,11000,0,0,春夏
2023/6/21 20:08,美品/オールドイングランド OLD ENGLAND カットソー 表記 38号 M 9号 相当 紺 レディース 春 夏 トップス 半袖 鳥柄 綿100 コットン 薄手,14080,0,0,春 夏
2023/6/21 14:57,M美品/レスピーギ RESPIGHI 上品総シースルーブラウス 9号/38号/M相当 ピンク 7分袖 繊細ストライプ柄 伸縮 春夏向け トップス レディース,5500,0,600,春夏
2023/6/20 23:52,A新品同様/ アナイ ANAYI 大人なニットカーディガン 表記38号(M相当) 黒/ブラック 艶感 リブ編み 七分袖 春夏向け トップス レディース,6785,0,600,春夏
2023/6/20 9:37,美品*YUKIKO HANAI・ユキコハナイ*茶*花柄レース*素敵ブラウス*9,24900,0,0,春夏
2023/6/19 14:23,Ａ美品/ラピーヌブランシュ LAPINE BLANCHE 大人な美形ジャケット 表記42号(11号相当) 紺/ネイビー 伸縮性 春夏向け アウター レディース,12800,0,0,春夏
2023/6/17 8:45,新品同様/チャコット Chacott 社交ダンススカート 表記 M 9号 相当 紺 ネイビー レディース 春 夏 秋 冬 異素材 オーガンジー 水玉 フリル,13750,0,0,春 夏
2023/6/16 15:56,美品/タケゾー TAKEZO ゆったりチュニック 表記M(9号相当) アイボリー 綿コットン&amp;麻リネン素材 半袖 春夏向け トップス レディース,11000,0,0,春夏