platform,sale_name,date
楽天市場,楽天スーパーSALE,2024-06-04
楽天市場,楽天スーパーSALE,2024-06-05
楽天市場,楽天スーパーSALE,2024-06-06
楽天市場,楽天スーパーSALE,2024-06-07
楽天市場,楽天スーパーSALE,2024-06-08
楽天市場,楽天スーパーSALE,2024-06-09
楽天市場,楽天スーパーSALE,2024-06-10
楽天市場,楽天スーパーSALE,2024-06-11
楽天市場,楽天スーパーSALE,2024-09-04
楽天市場,楽天スーパーSALE,2024-09-05
楽天市場,楽天スーパーSALE,2024-09-06
楽天市場,楽天スーパーSALE,2024-09-07
楽天市場,楽天スーパーSALE,2024-09-08
楽天市場,楽天スーパーSALE,2024-09-09
楽天市場,楽天スーパーSALE,2024-09-10
楽天市場,楽天スーパーSALE,2024-09-11
楽天市場,楽天ブラックフライデー,2024-11-21
楽天市場,楽天ブラックフライデー,2024-11-22
楽天市場,楽天ブラックフライデー,2024-11-23
楽天市場,楽天ブラックフライデー,2024-11-24
楽天市場,楽天ブラックフライデー,2024-11-25
楽天市場,楽天ブラックフライデー,2024-11-26
楽天市場,楽天ブラックフライデー,2024-11-27
楽天市場,楽天大感謝祭,2024-12-19
楽天市場,楽天大感謝祭,2024-12-20
楽天市場,楽天大感謝祭,2024-12-21
楽天市場,楽天大感謝祭,2024-12-22
楽天市場,楽天大感謝祭,2024-12-23
楽天市場,楽天大感謝祭,2024-12-24
楽天市場,楽天大感謝祭,2024-12-25
楽天市場,楽天大感謝祭,2024-12-26
楽天市場,楽天スーパーSALE,2025-03-04
楽天市場,楽天スーパーSALE,2025-03-05
楽天市場,楽天スーパーSALE,2025-03-06
楽天市場,楽天スーパーSALE,2025-03-07
楽天市場,楽天スーパーSALE,2025-03-08
楽天市場,楽天スーパーSALE,2025-03-09
楽天市場,楽天スーパーSALE,2025-03-10
楽天市場,楽天スーパーSALE,2025-03-11
Yahoo!ショッピング,ストアラリー（買い回りキャンペーン）,2024-04-14
Yahoo!ショッピング,ストアラリー（買い回りキャンペーン）,2024-04-15
Yahoo!ショッピング,ストアラリー（買い回りキャンペーン）,2024-04-16
Yahoo!ショッピング,ストアラリー（買い回りキャンペーン）,2024-04-17
Yahoo!ショッピング,ストアラリー（買い回りキャンペーン）,2024-04-18
Yahoo!ショッピング,ストアラリー（買い回りキャンペーン）,2024-06-05
Yahoo!ショッピング,ストアラリー（買い回りキャンペーン）,2024-06-06
Yahoo!ショッピング,ストアラリー（買い回りキャンペーン）,2024-06-07
Yahoo!ショッピング,ストアラリー（買い回りキャンペーン）,2024-06-08
Yahoo!ショッピング,超PayPay祭（夏の超ペイペイ祭）,2024-07-01
Yahoo!ショッピング,超PayPay祭（夏の超ペイペイ祭）,2024-07-02
Yahoo!ショッピング,超PayPay祭（夏の超ペイペイ祭）,2024-07-03
Yahoo!ショッピング,超PayPay祭（夏の超ペイペイ祭）,2024-07-04
Yahoo!ショッピング,超PayPay祭（夏の超ペイペイ祭）,2024-07-05
Yahoo!ショッピング,超PayPay祭（夏の超ペイペイ祭）,2024-07-06
Yahoo!ショッピング,超PayPay祭（夏の超ペイペイ祭）,2024-07-07
Yahoo!ショッピング,超PayPay祭（夏の超ペイペイ祭）,2024-07-08
Yahoo!ショッピング,超PayPay祭（夏の超ペイペイ祭）,2024-07-09
Yahoo!ショッピング,超PayPay祭（夏の超ペイペイ祭）,2024-07-10
Yahoo!ショッピング,超PayPay祭（夏の超ペイペイ祭）,2024-07-11
Yahoo!ショッピング,超PayPay祭（夏の超ペイペイ祭）,2024-07-12
Yahoo!ショッピング,超PayPay祭（夏の超ペイペイ祭）,2024-07-13
Yahoo!ショッピング,超PayPay祭（夏の超ペイペイ祭）,2024-07-14
Yahoo!ショッピング,超PayPay祭（夏の超ペイペイ祭）,2024-07-15
Yahoo!ショッピング,超PayPay祭（夏の超ペイペイ祭）,2024-07-16
Yahoo!ショッピング,超PayPay祭（夏の超ペイペイ祭）,2024-07-17
Yahoo!ショッピング,超PayPay祭（夏の超ペイペイ祭）,2024-07-18
Yahoo!ショッピング,超PayPay祭（夏の超ペイペイ祭）,2024-07-19
Yahoo!ショッピング,超PayPay祭（夏の超ペイペイ祭）,2024-07-20
Yahoo!ショッピング,超PayPay祭（夏の超ペイペイ祭）,2024-07-21
Yahoo!ショッピング,ストアラリー（買い回りキャンペーン）,2024-08-15
Yahoo!ショッピング,ストアラリー（買い回りキャンペーン）,2024-08-16
Yahoo!ショッピング,ストアラリー（買い回りキャンペーン）,2024-08-17
Yahoo!ショッピング,ストアラリー（買い回りキャンペーン）,2024-10-15
Yahoo!ショッピング,ストアラリー（買い回りキャンペーン）,2024-10-16
Yahoo!ショッピング,ストアラリー（買い回りキャンペーン）,2024-10-17
Yahoo!ショッピング,ヤフービッグボーナス,2024-11-01
Yahoo!ショッピング,ヤフービッグボーナス,2024-11-02
Yahoo!ショッピング,ヤフービッグボーナス,2024-11-03
Yahoo!ショッピング,ヤフービッグボーナス,2024-11-04
Yahoo!ショッピング,ヤフービッグボーナス,2024-11-05
Yahoo!ショッピング,ヤフービッグボーナス,2024-11-06
Yahoo!ショッピング,ヤフービッグボーナス,2024-11-07
Yahoo!ショッピング,ヤフービッグボーナス,2024-11-08
Yahoo!ショッピング,ヤフービッグボーナス,2024-11-09
Yahoo!ショッピング,ヤフービッグボーナス,2024-11-10
Yahoo!ショッピング,ヤフービッグボーナス,2024-11-11
Yahoo!ショッピング,ヤフービッグボーナス,2024-11-12
Yahoo!ショッピング,ヤフービッグボーナス,2024-11-13
Yahoo!ショッピング,ヤフービッグボーナス,2024-11-14
Yahoo!ショッピング,ヤフービッグボーナス,2024-11-15
Yahoo!ショッピング,ヤフービッグボーナス,2024-11-16
Yahoo!ショッピング,ヤフービッグボーナス,2024-11-17
Yahoo!ショッピング,ブラックフライデーセール,2024-11-28
Yahoo!ショッピング,ブラックフライデーセール,2024-11-29
Yahoo!ショッピング,ブラックフライデーセール,2024-11-30
Yahoo!ショッピング,超PayPay祭（年末超ペイペイ祭）,2024-12-02
Yahoo!ショッピング,超PayPay祭（年末超ペイペイ祭）,2024-12-03
Yahoo!ショッピング,超PayPay祭（年末超ペイペイ祭）,2024-12-04
Yahoo!ショッピング,超PayPay祭（年末超ペイペイ祭）,2024-12-05
Yahoo!ショッピング,超PayPay祭（年末超ペイペイ祭）,2024-12-06
Yahoo!ショッピング,超PayPay祭（年末超ペイペイ祭）,2024-12-07
Yahoo!ショッピング,超PayPay祭（年末超ペイペイ祭）,2024-12-08
Yahoo!ショッピング,超PayPay祭（年末超ペイペイ祭）,2024-12-09
Yahoo!ショッピング,超PayPay祭（年末超ペイペイ祭）,2024-12-10
Yahoo!ショッピング,超PayPay祭（年末超ペイペイ祭）,2024-12-11
Yahoo!ショッピング,超PayPay祭（年末超ペイペイ祭）,2024-12-12
Yahoo!ショッピング,超PayPay祭（年末超ペイペイ祭）,2024-12-13
Yahoo!ショッピング,超PayPay祭（年末超ペイペイ祭）,2024-12-14
Yahoo!ショッピング,超PayPay祭（年末超ペイペイ祭）,2024-12-15
Yahoo!ショッピング,超PayPay祭（年末超ペイペイ祭）,2024-12-16
Yahoo!ショッピング,超PayPay祭（年末超ペイペイ祭）,2024-12-17
Yahoo!ショッピング,超PayPay祭（年末超ペイペイ祭）,2024-12-18
Yahoo!ショッピング,超PayPay祭（年末超ペイペイ祭）,2024-12-19
Yahoo!ショッピング,超PayPay祭（年末超ペイペイ祭）,2024-12-20
Yahoo!ショッピング,超PayPay祭（年末超ペイペイ祭）,2024-12-21
Yahoo!ショッピング,超PayPay祭（年末超ペイペイ祭）,2024-12-22
Yahoo!ショッピング,超PayPay祭（年末超ペイペイ祭）,2024-12-23
Yahoo!ショッピング,超PayPay祭（春の超ペイペイ祭）,2025-03-01
Yahoo!ショッピング,超PayPay祭（春の超ペイペイ祭）,2025-03-02
Yahoo!ショッピング,超PayPay祭（春の超ペイペイ祭）,2025-03-03
Yahoo!ショッピング,超PayPay祭（春の超ペイペイ祭）,2025-03-04
Yahoo!ショッピング,超PayPay祭（春の超ペイペイ祭）,2025-03-05
Yahoo!ショッピング,超PayPay祭（春の超ペイペイ祭）,2025-03-06
Yahoo!ショッピング,超PayPay祭（春の超ペイペイ祭）,2025-03-07
Yahoo!ショッピング,超PayPay祭（春の超ペイペイ祭）,2025-03-08
Yahoo!ショッピング,超PayPay祭（春の超ペイペイ祭）,2025-03-09
Yahoo!ショッピング,超PayPay祭（春の超ペイペイ祭）,2025-03-10
Yahoo!ショッピング,超PayPay祭（春の超ペイペイ祭）,2025-03-11
Yahoo!ショッピング,超PayPay祭（春の超ペイペイ祭）,2025-03-12
Yahoo!ショッピング,超PayPay祭（春の超ペイペイ祭）,2025-03-13
Yahoo!ショッピング,超PayPay祭（春の超ペイペイ祭）,2025-03-14
Yahoo!ショッピング,超PayPay祭（春の超ペイペイ祭）,2025-03-15
Yahoo!ショッピング,超PayPay祭（春の超ペイペイ祭）,2025-03-16
Yahoo!ショッピング,超PayPay祭（春の超ペイペイ祭）,2025-03-17
Yahoo!ショッピング,超PayPay祭（春の超ペイペイ祭）,2025-03-18
Yahoo!ショッピング,超PayPay祭（春の超ペイペイ祭）,2025-03-19
Yahoo!ショッピング,超PayPay祭（春の超ペイペイ祭）,2025-03-20
Yahoo!ショッピング,超PayPay祭（春の超ペイペイ祭）,2025-03-21
Yahoo!ショッピング,超PayPay祭（春の超ペイペイ祭）,2025-03-22
Yahoo!ショッピング,超PayPay祭（春の超ペイペイ祭）,2025-03-23
Yahoo!ショッピング,超PayPay祭（春の超ペイペイ祭）,2025-03-24
Yahoo!ショッピング,超PayPay祭（春の超ペイペイ祭）,2025-03-25
Yahoo!ショッピング,超PayPay祭（春の超ペイペイ祭）,2025-03-26
Yahoo!ショッピング,超PayPay祭（春の超ペイペイ祭）,2025-03-27
Yahoo!ショッピング,超PayPay祭（春の超ペイペイ祭）,2025-03-28
Yahoo!ショッピング,超PayPay祭（春の超ペイペイ祭）,2025-03-29
Yahoo!ショッピング,超PayPay祭（春の超ペイペイ祭）,2025-03-30
Yahoo!ショッピング,超PayPay祭（春の超ペイペイ祭）,2025-03-31
