0,1,2,3,4,5,6,7,8,9,10,11,12,13,14,15,16,17,18,19,20,21,22,23,24,25,26,27,28,29,30,31,32,33,34,35,36,37,38,39
美品【中古,ピエールカルダン,pierre,cardin,お洒落ジャケット,表記Mサイズ(9号相当),茶色/ブラウン,麻リネン混,ロゴ釦,春夏向け,アウター,レディース,,,,,,,,,,,,,,,,,,,,,,,,,,,,
美品【中古,ポールスミス,Poul,Smith,テーラードジャケット,ジャケット,表記,38号,9号,M,相当,濃紺系,シフォン,総透け感,長袖,薄手,単品,シンプル,無地,とろみ感,通勤,オフィス,お出掛け,大人,40代,50代,日本製,春,夏,アウター,レディース,クリーニング後お渡し,,,,,,,,
新品同様【中古,ホコモモラ,Jocomomola,緑,涼感,素敵ブラウス,トップス,42号/11号,春夏,レディース,,,,,,,,,,,,,,,,,,,,,,,,,,,,,,
美品【中古,組曲,KUMIKYOKU,ワンピース,異素材ワンピース,大きいサイズ,表記,5号,13号,XL,42号,2L,相当,古着,ベージュ,レディース,春,夏,春夏,レース,長袖,異素材,きれいめ,膝丈,ひざ丈,ノーカラー,大人,女性,20代,30代,おしゃれ,フォーマル,お出掛け,,,,,,,
美品【中古,ミラオーウェン,mila,owen,タイトスカート,ニットスカート,スカート,レディース,表記,F,フリー,9号,11号,M,L,相当,古着,緑,カーキ,ニット素材,シンプル,無地,膝丈,ひざ丈,ふっくら,お洒落,おしゃれ,大人,女性,春,秋,春秋,ボトムス,30代,40代,50代,,,,
美品【中古,バーバリー,Burberrys,大人テーラードジャケット,表記9号(38号/M相当),濃紺/ネイビー,毛/ウール100%,薄手,半袖,シンプル,春夏向け,アウター,レディース,,,,,,,,,,,,,,,,,,,,,,,,,,,
新品【中古,センスオブプレイス,SENSE,OF,PLACE,フレアスカート,マキシ丈スカート,スカート,レディース,表記,One,Size,9号,11号,相当,紺,ネイビー,幾何学模様,レース,伸縮性,マキシ丈,エレガント,上品,大人,女性,オフィス,春,秋,春秋,ボトムス,20代,30代,,,,,,,,
美品【中古,ローラアシュレイ,LAURA,ASHLEY,素敵なワンピース,表記LAEGE(11号相当),茶/ブラウン,モダン美柄,お出掛け,春秋向け,レディース,,,,,,,,,,,,,,,,,,,,,,,,,,,,,
新品同様【中古,エリータハリ,ELIE,TAHARI,ノーカラージャケット,ジャケット,表記,2号,9号,Ｍ,38号,相当,古着,黒,ブラック,レディース,春,秋,アウター,毛,ウール,ストレッチ,シンプル,ノーカラー,通勤,お出掛け,大人,女性,20代,30代,40代,,,,,,,,,
美品【中古,リフレクト,Reflect,美形テーラードジャケット,表記9号(小さいサイズS&#12316;細めM相当),グレー,圧縮ウール,毛100%素材,秋冬向け,アウター,レディース,,,,,,,,,,,,,,,,,,,,,,,,,,,,,
美品【中古,アニエスベー,agnes,b,ノーカラージャケット,ウールジャケット,ジャケット,フランス製,レディース,表記,3号,11号,相当,古着,ライトグレー,グレー,毛,ウール,薄手,シンプル,無地,上品,大人,オフィス,秋,冬,秋冬,アウター,30代,40代,50代,,,,,,,,,
美品【中古,東京イギン,TOKYO,IGIN,ブラックフォーマル,ワンピーススーツ,表記,11号,L,40号,相当,古着,黒,レディース,セットアップ,2点セット,春,夏,秋,冬,オールシーズン,冠婚葬祭,喪服,長袖,7分袖,七分袖,大人,女性,40代,50代,,,,,,,,,,
美品【中古,拉薩1104,詩仙堂,タイトワンピース,膝丈ワンピース,ワンピース,高級ちりめん素材,レディース,大きい,11号,13号,L,LL,相当,黒,ブラック,ペイズリー柄,デザイン切り替え,膝丈,ひざ丈,ミモレ丈,上品,大人,女性,お出掛け,春,秋,春秋,40代,50代,60代,,,,,,,,,
美品【中古,ヤッコマリカルド,YACCO,MARICARD,コットンブラウス,長袖ブラウス,ブラウス,レディース,表記,0号,11号,L,40号,相当,オフ白,オフホワイト,綿,コットン,ピンタック,スタンドカラー,軽やか,涼しげ,お洒落,おしゃれ,お出掛け,春,秋,春秋,トップス,40代,50代,60代,,,,,,,,
美品【中古,ヤッコマリカルド,YACCO,MARICARD,コットンブラウス,ブラウス,レディース,表記,2号,9号,M,相当,青紫,ブルー,パープル,綿,コットン,無地,ピンタック,七分袖,薄手,軽やか,涼しげ,お洒落,おしゃれ,上品,大人,女性,春夏,春,夏,トップス,40代,50代,60代,,,,,
美品【中古,SOIR,BENIR,東京ソワール,ブラックフォーマルワンピース,表記13号(9号〜11号相当),黒/ブラック,美花柄レース,冠婚葬祭,喪服,春秋,レディース,,,,,,,,,,,,,,,,,,,,,,,,,,,,
美品【中古,バーバリー,BURBERRY,お洒落な美形ハーフパンツ,表記38号(9号相当),黒,バーバリーチェック柄,お出掛け,春夏向け,ボトムス,レディース,,,,,,,,,,,,,,,,,,,,,,,,,,,,,
新品同様【中古,レリアン,Leilian,黒ブラック,伸縮×チュール×透け感,美柄カットソー,9号,トップス,春夏,レディース,,,,,,,,,,,,,,,,,,,,,,,,,,,,,,
美品【中古,アニエスベー,agnes,b,ジップアップジャケット,薄手ジャケット,ジャケット,レディース,表記,38号,9号,M,相当,黒,ブラック,シンプル,無地,フリル,薄手,長袖,おしゃれ,軽やか,上品,大人,女性,お出掛け,春,夏,秋,春夏秋,アウター,20代,30代,,,,,,,
美品【中古,インディヴィ,INDIVI,パンツスーツ,スカートスーツ,スーツ,38号,9号,M,40号,11号,L,古着,グレー,レディース,春,夏,秋,冬,秋冬,セットアップ,3点セット,日本製,大人,女性,20代,30代,40代,通勤,オフィス,ビジネス,コットン,テーラードジャケット,パンツ,スカート,,,,,
新品同様【中古,マリココウガ,MARIKO,KOHGA,東京ソワール,優美シフォンワンピース,表記38号(9号/M相当),黒/ブラック,結婚式,パーティ,春夏向け,レディース,,,,,,,,,,,,,,,,,,,,,,,,,,,,
美品【中古,ローラアシュレイ,LAURA,ASHLEY,素敵なカッシュクールワンピース,表記11号(L相当),緑/グリーン,ジャージ素材,ドット柄,春夏向け,レディース,,,,,,,,,,,,,,,,,,,,,,,,,,,,,
新品同様【中古,リフレクト,Reflect,チュニック,カットソー,チュニックカットソー,表記,9号,M,38号,相当,黒,ブラック,花,フラワー,ペイズリー,薄手,半袖,シフォン,透け感,涼感,フリル袖,ゆったり,ふんわり,大人,30代,40代,日本製,春夏,春,夏,トップス,レディース,,,,,,,
美品【中古,ジバンシイ,GIVENCHY,東京ソワール,フォーマルスカート,フレアスカート,ロングスカート,大きいサイズ,表記,14号,LL,2L,13号,XL,相当,古着,黒,ブラック,レディース,春夏,春,夏,ボトムス,ロング,単品,大人,女性,40代,50代,フォーマル,スリット,,,,,,,,,
美品【中古,オットーコレクション,OTTO,collection,レザージャケット,豚革,本革,大きいサイズ,13号,LL,2L,XL,42号,相当,古着,赤,レッド,レディース,秋,冬,秋冬,アウター,シンプル,大人,女性,30代,40代,50代,おしゃれ,,,,,,,,,,,
新品同様【中古,レオナール,LEONARD,カットソー,チュニック,レディース,イタリア製,表記,40号,11号,L,相当,黒,ブラック,カラフル,花柄,ジャージ素材,伸縮性,軽やか,長袖,ロング丈,おしゃれ,かわいい,上品,大人,女性,Vネック,お出掛け,春,秋,春秋,トップス,40代,50代,60代,,,,,
新品【中古,ザラベーシック,ZARA,BASIC,ワンピース,表記,XS,小さいサイズ,5号,7号,S,相当,深緑,グリーン,総レース,長袖,ペチコート,透け感,ミニ丈,大人,20代,お呼ばれ,お洒落,おしゃれ,パーティ,結婚式,二次会,綺麗め,きれいめ,大人可愛い,春,夏,レディース,新品タグ付き,,,,,,
美品【中古,ハナエモリ,HANAE,MORI,テーラードジャケット,ジャケット,表記,L,11号,相当,紺,ネイビー,濃紺,長袖,毛100,ウール,薄手,ゆったり,シンプル,無地,通勤,オフィス,大人,40代,50代,60代,日本製,春,夏,秋,アウター,レディース,クリーニング後お渡し,,,,,,,
美品【中古,イエーガー,JAEGER,ダウンジャケット,ダウン,ダウン90％,レディース,表記,10号,11号,L,40号,相当,黒,ブラック,シンプル,無地,へちま襟,艶感,着回し,ふっくら,暖か,軽やか,お洒落,おしゃれ,上品,大人,女性,お出掛け,秋,冬,秋冬,アウター,40代,50代,60代,,,,
美品【中古,クリスチャン,オジャール,c.aujard,CHRISTIAN,AUJARD,スカートスーツ,スーツ,表記上,42号,2L,LL,13号,表記下,38号,M,9号,古着,ベージュ,レディース,2点セット,ツイード,ウール,フリンジ,秋,冬,秋冬,セットアップ,大人,女性,40代,50代,おしゃれ,上品,セレモニー,,,,,
美品【中古,マックスコー,MAX&CO,マックスマーラ,イタリア製,優美キャミソールワンピース,表記JI42号(9号/М相当),紫/パープル系,シフォン素材,パーティー,お呼ばれ,変形裾,春夏向け,レディース,,,,,,,,,,,,,,,,,,,,,,,,,,
新品同様【中古,東京ソワール,LILY,BURN,ブラックフォーマル,ワンピーススーツ,大きいサイズ,大きい,表記,13号,2L,LL,42号,相当,古着,黒,ブラック,レディース,春,夏,春夏,冠婚葬祭,喪服,礼服,大人,女性,20代,30代,40代,長袖,7分袖,七分袖,ノーカラーワンピース,膝丈,ひざ丈,,,,,
美品【中古,ナラカミーチェ,NAEACAMICHE,茶×艶,立体衿,薄手ブラウスジャケット,3号/11号/40号,春夏秋,レディース,アウター,トップス,,,,,,,,,,,,,,,,,,,,,,,,,,,,,
美品【中古,へっぽこ先生,ノーカラージャケット,ノーカラー,ハーフ丈,11号,L,40号,相当,紫,パープル,レース,刺繍,毛100％,ウール素材,ふっくら,暖かい,伸縮,上品,大人,お食事会,パーティ,50代,60代,秋,冬,秋冬,アウター,レディース,クリーニング後お渡し,,,,,,,,,,
美品【中古,ビースリー,B-Three,B3,ストレッチパンツ,ロングパンツ,小さいサイズ,小さい,表記,28号,5号,XS,SS,相当,古着,黒系,レディース,春,夏,春夏,秋,ボトムス,ギンガムチェック,魔法のパンツ,ロング,ストレッチ,伸縮,大人,女性,20代,30代,40代,おしゃれ,,,,,,,
新品同様【中古,タルボット,TALBOTS,ワンピース,大きいサイズ,表記,XL,13号,42号,LL,2L,相当,古着,茶,ブラウン,レディース,春,夏,春夏,長袖,ジャージ素材,ストレッチ,カシュクール,ミモレ丈,総柄,おしゃれ,大人,女性,40代,50代,,,,,,,,,,
美品【中古,スペッチオ,SPECCHIO,チュニック,プリーツ加工,表記,40号,11号,L,相当,グレー,黒,ブラック,グラデーション,軽い,ストレッチ,伸縮,1分袖,半袖,薄手,透け感,おしゃれ,お洒落,大人,30代,40代,50代,春,夏,春夏,トップス,レディース,,,,,,,,
新品同様【中古,レオナール,LEONARD,アワーグラスワンピース,ジャージワンピース,ワンピース,レディース,イタリア製,小さい,表記,36号,7号,S,相当,ピンク,花柄,お花,伸縮性,ジャージ素材,膝丈,ひざ丈,軽やか,涼しげ,おしゃれ,かわいい,大人,女性,春,夏,春夏,40代,50代,60代,,,,,,,
美品【中古,詩仙堂,ヒトシタムラ,by,HITOSHI,プルオーバーブラウス,スカート,2点セット,セットアップ,古着,ちりめん,縮緬,9号,M,相当,薄紫,パープル,藤色,和柄,半袖,5分袖,薄手,ゴム,ミモレ丈,フレア,長袖,おしゃれ,日本製,大人,60代,70代,ミセス,春,夏,春夏,レディース,,,,
美品【中古,レリアン,Leilian,素敵シフォンブラウス,表記11号(40号/L相当),黒/ブラック,袖透け感,半袖,千鳥格子柄風,春夏向け,トップス,レディース,,,,,,,,,,,,,,,,,,,,,,,,,,,,
美品【中古,イヴサンローラン,YVESSAINTLAURENT,タイトスカート,スカート,イタリア製,表記,38号,9号,M,相当,黒,ブラック,艶感,綿100,コットン,シンプル,無地,膝丈,ひざ丈,通勤,大人,20代,30代,40代,春,夏,秋,冬,オールシーズン,ボトムス,レディース,クリーニング後お渡し,,,,,,,
新品【中古,メルローズ,MELROSE,ノースリーブカットソー,カットソー,7号,S,9号,M,相当,ベージュ,フリル,ピンタック,透け感,薄手,お洒落,おしゃれ,ノースリーブ,きれいめ,綺麗め,シフォン,aライン,大人可愛い,大人,20代,30代,春,夏,トップス,レディース,未使用品,,,,,,,,,
新品同様【中古,アナイ,ANAYI,スカーチョ,ガウチョ,ガウチョパンツ,小さいサイズ,表記,36号,S,7号,相当,濃紺,紺,ネイビー,膝丈,ひざ丈,ミモレ丈,シンプル,無地,薄手,ワイド,ゆったり,きれいめ,通勤,オフィス,ビジネス,日本製,20代,30代,40代,春,夏,ボトムス,レディース,,,,,
美品【中古,ジュンアシダ,jun,ashida,美彩モダン柄,大人ノーカラージャケット,9号,秋冬,レディース,アウター,,,,,,,,,,,,,,,,,,,,,,,,,,,,,,
新品同様【中古,セオリー,Theory,半袖ニット,サマーニット,小さいサイズ,表記,S,7号,相当,ベージュ,綿100％,コットン,リブ編み,伸縮性,半袖,丸首カラー,無地,シンプル,上品,大人,お洒落,おしゃれ,お出掛け,20代,30代,40代,春,夏,春夏,トップス,レディース,,,,,,,,
美品【中古,東京ソワール,Applo,berry,フォーマル,ブラウス,プルオーバーブラウス,大きいサイズ,表記,13号,LL,42号,2L,XL,相当,古着,白,ホワイト,レディース,春,夏,春夏,トップス,7分袖,七分袖,ラメ,おしゃれ,上品,単品,大人,女性,30代,40代,50代,オフィス,ノーカラー,,,,
美品【中古,エムズグレイシー,M'S,GRACY,フレアスカート,膝丈スカート,スカート,レディース,表記,38号,9号,M,相当,白,ホワイト,美花柄,お花,フレア,膝丈,ひざ丈,お洒落,おしゃれ,可愛い,かわいい,大人,女性,お出掛け,春夏,春,夏,ボトムス,20代,30代,40代,,,,,,
新品同様【中古,23区,トレンチコート,スプリングコート,表記,40号,11号,L,相当,古着,茶系,ブラウン,レディース,春,秋,冬,秋冬,アウター,綿系,コットン,羽織り,通勤,シンプル,お出掛け,大人,女性,20代,30代,40代,オンワード樫山,,,,,,,,,,
新品同様【中古,ジュンアシダ,jun,ashida,コットンワンピース,ひざ丈ワンピース,ワンピース,レディース,表記,9号,38号,M,相当,緑,グリーン,ブロック柄,モダン,半袖,ひざ丈,涼しげ,軽やか,お洒落,おしゃれ,大人,女性,お出掛け,春夏,春,夏,40代,50代,60代,,,,,,,,
美品【中古,トゥモローランド,TOMORROW,LAND,スカーチョ,ガウチョ,ワイドパンツ,パンツ,キュロット,小さいサイズ,表記,36号,S,7号,相当,薄グレー,淡色,薄手,ゆったり,通勤,オフィス,股上深め,日本製,シンプル,無地,春,夏,大人20代,30代,40代,ボトムス,クリーニング後お渡し,,,,,,,,
美品【中古,伊太利屋,GK,チュニック,ロングシャツ,表記,11号,L,40号,相当,古着,茶,ブラウン,レディース,春,秋,トップス,長袖,前開き,ゆったり,羽織り,おしゃれ,大人,女性,50代,60代,レオパード風,ヒョウ柄,,,,,,,,,,,,
新品同様【中古,ドレステリア,DRESS,TERIOR,ワールド,クロップドパンツ,小さいサイズ,小さい,表記,36号,S,7号,相当,古着,黒,ブラック,レディース,春,夏,春夏,ボトムス,シンプル,日本製,大人,女性,20代,30代,40代,脚長効果,美脚,オフィス,通勤,,,,,,,,
美品【中古,ユミジェンヌ,Yumi,sienne,桂由美,ブラックフォーマルワンピース,表記,11号,L,40号,相当,古着,黒,レディース,春,夏,春夏,透け感,7分袖,七分袖,単品,シフォン,大人,女性,30代,40代,日本製,きれいめ,綺麗め,ロング,ノーカラー,冠婚葬祭,喪服,シンプル,上品,,,,,
新品同様【中古,ユキコハナイ,yukiko,hanai,透け感シフォンジャケット,ブラウス,8号(9号/Mサイズ相当),紺,緑,黒,デニム柄,フリル仕立て,春夏,レディース,アウター,トップス,,,,,,,,,,,,,,,,,,,,,,,,
美品【中古,オニールオブダブリン,O'NEIL,OF,DUBLIN,ラップスカート,プリーツスカート,スカート,レディース,表記,I42号,9号,M,38号,相当,黄色,イエロー,紺,ネイビー,ウール,チェック柄,牛革ベルト,ミモレ丈,おしゃれ,かわいい,女性,秋冬,秋,冬,ボトムス,20代,30代,40代,,,,,,,
美品【中古,アナイ,ANAYI,ジップアップジャケット,ノーカラージャケット,ブルゾン,表記,38号,M,9号,相当,古着,白,ホワイト,レディース,春,夏,春夏,アウター,綿,コットン,麻,リネン,薄手,ノーカラー,アウター,ピンタック,長袖,シンプル,薄手,日本製,大人,女性,30代,40代,,,,,
美品【中古,イヴサンローラン,YVESSAINTLAURENT,ニットカーディガン,表記M(9号相当),グレー,ウール100％,ロゴ釦,秋冬向け,トップス,レディース,,,,,,,,,,,,,,,,,,,,,,,,,,,,,
美品【中古,オールドイングランド,OLD,ENGLAND,クロップドパンツ,コットンパンツ,パンツ,レディース,表記,38号,9号,M,相当,赤,レッド,白,ホワイト,綿,コットン,ギンガムチェック柄,七分丈,クロップド,おしゃれ,かわいい,大人,女性,春,夏,春夏,ボトムス,20代,30代,40代,,,,,,,
新品同様【中古,ソニアリキエル,SONIA,RYKIEL,美脚クロップドパンツ,表記40号(11号/L相当),濃紺/ネイビー,デニム,春夏秋向,ボトムス,レディース,,,,,,,,,,,,,,,,,,,,,,,,,,,,,
新品同様【中古,レリアン,Leilian,フロッキー加工カットソー,表記9号(38号/M相当),茶/ブラウン,総透け感,半袖,伸縮,春夏向け,トップス,レディース,,,,,,,,,,,,,,,,,,,,,,,,,,,,
新品同様【中古,バンベール,VINVERT,カットソー,表記,11号,L,40号,相当,古着,ピンク,レディース,春,夏,春夏,トップス,長袖,レース,ストレッチ,きれいめ,綺麗め,おしゃれ,上品,シンプル,透け感,大人,女性,40代,50代,日本製,三陽商会,,,,,,,,,
美品【中古,ジュンアシダ,jun,ashida,スカートスーツ,表記,9号,M,38号,相当,古着,緑,グリーン,レディース,秋,冬,秋冬,セットアップ,2点セット,毛100,ウール,ノーカラー,膝丈,ひざ丈,クラシカル,お出掛け,お食事会,杉綾柄,大人,女性,50代,60代,,,,,,,,
美品【中古,ダーマコレクション,DAMA,collection,チュニックブラウス,長袖ブラウス,ブラウス,レディース,表記,9R,M,38号,相当,古着,白,ホワイト,赤,レッド,花柄,お花,長袖,ハーフ丈,軽やか,涼しげ,薄手,おしゃれ,かわいい,お出掛け,春,秋,春秋,トップス,30代,40代,50代,,,,,
美品【中古,エフショップ,f,shop,ダウンコート,ダウン,レディース,表記,L,11号,40号,相当,黒,ブラック,ひし形,総柄,フリル,スタンドカラー,ダウン90％,ふっくら,軽やか,暖か,おしゃれ,かわいい,エレガント,上品,大人,女性,お出掛け,秋冬,秋,冬,アウター,40代,50代,60代,,,,
新品同様【中古,ローラアシュレイ,LAURA,ASHLEY,ハーフパンツ,デニムパンツ,表記,11号,L,40号,相当,古着,濃紺,ネイビー,レディース,春,夏,秋,冬,ボトムス,綿,コットン,カジュアル,ワイド,シンプル,大人,女性,20代,30代,40代,,,,,,,,,,
新品同様【中古,アリスバーリー,Aylesbury,プリーツスカート,フォーマル,表記,11号,L,40号,相当,古着,黒,ブラック,シフォン,薄手,レディース,春,夏,春夏,ボトムス,大人,女性,20代,30代,レース,単品,日本製,お呼ばれ,お食事会,膝丈,ひざ丈,透け感,軽い,ふんわり,プリーツ,,,,,
美品【中古,マドモアゼルノンノン,Mademoiselle,NON,NON,フレアスカート,大きい,大きいサイズ,表記,LL,13号,42号,2L,相当,古着,アイボリー系,レディース,春,秋,冬,秋冬,ボトムス,綿100,コットン,日本製,コットンデニム風,ミモレ丈,シンプル,大人,女性,30代,40代,,,,,,,,
新品【中古,トランスワーク,TRANS,WORK,ジャケット,ステンカラージャケット,小さいサイズ,小さい,表記,36号,7号,S,相当,グレー,艶感,ステンカラー,薄手,比翼,シンプル,無地,長袖,通勤,オフィス,美形,大人,30代,40代,50代,春,秋,アウター,レディース,新品タグ付き,,,,,,,
美品【中古,オールドイングランド,OLD,ENGLAND,フレアスカート,スカート,表記,38号,9号,Ｍ,相当,アイボリー系,淡色,麻100,リネン,膝丈,ひざ丈,薄手,シンプル,刺繍,裾レース,レース,日本製,大人,大人可愛い,20代,30代,40代,お出掛け,お食事会,春,夏,ボトムス,レディース,,,,,,
新品同様【中古,バーバリーブルーレーベル,BURBERRY,上品なプリーツワンピース,小さいサイズ,表記38号(7号/S相当),白,黒,千鳥格子柄,ロゴ釦,春夏向け,レディース,,,,,,,,,,,,,,,,,,,,,,,,,,,,
新品同様【中古,伊太利屋,GK,ノースリーブワンピース,ロング丈ワンピース,ワンピース,レディース,表記,9号,38号,M,相当,ピンク,花柄,ビジュー,マキシ丈,変形デザイン,お洒落,おしゃれ,可愛い,かわいい,上品,大人,女性,お出掛け,春夏,春,夏,40代,50代,60代,,,,,,,,,
美品【中古,タケゾー,TAKEZO,カットソー,レディース,大きいサイズ,13号,15号,LL,3L,相当,黒,ブラック,無地,シンプル,後ろボタン,ゆったり,着回し,長袖,丸首,Uネック,ハーフ丈,薄手,上品,大人,女性,お出掛け,春夏,春,夏,トップス,40代,50代,60代,,,,,,
新品同様【中古,ローラアシュレイ,LAURA,ASHLEY,小花柄,ワンピース,小さいサイズ,表記7号,36号,S,相当,黒,ブラック,絹,シルク100%,aライン,きれいめ,細見え,半袖,3分袖,ひざ丈,お出掛け,お呼ばれ,軽やか素材,春,夏,レディース,,,,,,,,,,,,,
新品同様【中古,東京イギン,Belle,Current,フォーマルジャケット,ノーカラージャケット,表記,9号,M,38号,相当,紺,ネイビー,艶感,レディース,春,夏,春夏,アウター,単品,フォーマル,櫛引柄,シンプル,薄手,ノーカラー,当て布,結婚式,お呼ばれ,大人,女性,30代,40代,50代,,,,,,,
美品【中古,ジャンドールパレ,Jean,Dore,Palais,フォーマル,ジャケット,ノーカラージャケット,表記,9号,M,38号,相当,シルバー,レディース,春,夏,秋,冬,秋冬,オールシーズン,アウター,レース,長袖,単品,ノーカラー,ショート丈,結婚式,セレモニー,大人,女性,50代,60代,,,,,,,
美品【中古,ちぐさボーベル,Chigusa,Bowbell,ワンピーススーツ,セットアップ,表記,11号,L,40号,相当,古着,炭黒色,黒系,ブラック系,レディース,秋,冬,秋冬,ウール,毛,ふっくら,大人,女性,50代,60代,おしゃれ,ジャケット,ワンピース,,,,,,,,,,,
新品同様【中古,東京ソワール,TOKYO,SOIR,黒,美花柄レース,リネン混,半袖,上品フォーマルワンピース,9号,春夏,レディース,,,,,,,,,,,,,,,,,,,,,,,,,,,,
美品【中古,ヨウジヤマモト,Y's,YOHJI,YAMAMOTO,ベージュ,リネン100ロングスカート,大きいサイズ,17号/19号/21号,春夏,レディース,ボトムス,,,,,,,,,,,,,,,,,,,,,,,,,,,,
美品【中古,クリッツィア,EVEX,by,KRIZIA,ワンピース,表記,42号,11号,L,相当,黒,ブラック,赤,レッド,半袖,薄手,ジャージ素材,ストレッチ,伸縮,膝丈,ひざ丈,ノーカラー,薄手,お洒落,おしゃれ,とろみ感,透け感,涼しげ,日本製,30代,40代,春,夏,春夏,レディース,,,,
新品同様【中古,クードシャンス,C,DE,C,白×モダン美柄,ロゴ釦,半袖,お洒落シャツワンピース,38号/9号,春夏,レディース,,,,,,,,,,,,,,,,,,,,,,,,,,,,
美品【中古,ミッソーニ,MISSONI,セットアップ,レディース,イタリア製,表記,I42号,11号,L,40号,相当,古着,黒,ブラック,シンプル,無地,ニット素材,薄手,艶感,丸首カラー,ゆったり,ワイド,軽やか,お洒落,おしゃれ,春,夏,春夏,40代,50代,60代,,,,,,,,
新品同様【中古,Defi,カネボウモードクリエイティブ,ロングワンピース,ワンピース,表記,9号,M,相当,茶,ブラウン,チュール素材,半袖,透け感,しわ感,ストレッチ,伸縮,シンプル,涼しげ,お洒落,おしゃれ,お出掛け,2ピース風,軽やか素材,大人,30代,40代,50代,春,夏,レディース,,,,,,,,,
美品【中古,リヨン,Lyon,フレアスカート,ロングスカート,小さいサイズ,小さい,表記,F,フリー,7号,S,36号,細め,相当,古着,紺,ネイビー,レディース,春,夏,春夏,ボトムス,透け感,花柄,フラワー,ウエストゴム,ロング,薄手,大人,女性,40代,50代,,,,,,,
美品【中古,アンタイトル,UNTITLED,オリエンタル美柄,フレアスカート,2号,春夏,レディース,ボトムス,,,,,,,,,,,,,,,,,,,,,,,,,,,,,,,
新品同様【中古,パサデココ,PASA,DE,COCO,テーラードジャケット,ジャケット,小さいサイズ,小さい,表記,36号,S,7号,相当,古着,群青色,青紫,レディース,春,夏,春夏,秋,アウター,麻100,リネン,薄手,テーラード,通勤,お出掛け,日本製,大人,女性,30代,40代,50代,,,,,
新品【中古,Yssing,Sole,テーラードジャケット,長袖ジャケット,ジャケット,レディース,イタリア製,小さい,表記,S,7号,36号,相当,紺,ネイビー,花柄,テーラード,長袖,薄手,軽やか,ミディアム丈,上品,大人,女性,お食事会,春夏,春,夏,アウター,40代,50代,60代,,,,,,,
美品【中古,セオリー,theory,上品な美脚パンツ,小さいサイズ,表記0号(5号相当),黒/ブラック,オフィス,お出掛け,春夏秋向け,ボトムス,レディース,,,,,,,,,,,,,,,,,,,,,,,,,,,,
美品【中古,セキネ,sekine,社交ダンススカート,ロングスカート,表記,11号,L,40号,相当,古着,青,ブルー,レディース,春,夏,春夏,秋,冬,オールシーズン,ボトムス,ストレッチ,社交ダンス,発表会,美舞,美揺,大人,女性,20代,30代,40代,50代,お呼ばれ,パーティー,おしゃれ,日本製,,,,
新品同様【中古,ドゥクラッセ,DoCLASSE,チュニック,ミニ丈ワンピース,表記,9号,38号,M,相当,古着,黒系,ブラック,レディース,春,夏,春夏,ゆったり,おしゃれ,トップス,半袖,ノーカラー,張り感,大人,女性,40代,50代,,,,,,,,,,,,,
美品【中古,セオリー,theory,ノーカラージャケット,羽織りジャケット,ジャケット,レディース,小さいサイズ,小さい,表記,0号,7号,S,相当,オフ白,オフホワイト,無地,シンプル,羽織り,ノーカラー,ロング丈,上品,大人,女性,オフィス,春秋,春,秋,アウター,30代,40代,50代,,,,,,,,
新品同様【中古,伊太利屋,GK,上品な美形タンクトップ,大きいサイズ,表記13号(LL相当),金/ゴールド,ニット素材,春夏向け,トップス,レディース,,,,,,,,,,,,,,,,,,,,,,,,,,,,,
新品同様【中古,レリアン,Leilian,高級シルバータグ,妖艶フレアスカート,表記9号(M相当),ワインレッド,シフォン素材,美花柄レース,ボトムス,春夏向け,レディース,,,,,,,,,,,,,,,,,,,,,,,,,,,,
美品【中古,ビースリー,B-Three,B3,ロングパンツ,スラックス,パンツ,大きいサイズ,表記,36号,W66〜69,13号,LL,2L,42号,相当,古着,黒,ブラック,レディース,春,夏,春夏,ボトムス,薄手,シンプル,大人,女性,40代,50代,60代,ミセス,ピンストライプ,ストライプ,通勤,オフィス,,,,
美品【中古,セキネ,sekine,美揺れドレープスカート,(9号〜11号相当),黒,水色,美花柄,社交ダンス,春夏秋冬向け,ボトムス,レディース,,,,,,,,,,,,,,,,,,,,,,,,,,,,
美品【中古,ハーディエイミス,HARDY,AMIES,ブラックフォーマルワンピース,フォーマルワンピース,レディース,大きい,表記,13号,LL,XL,相当,黒,ブラック,2P風,七分袖,ミモレ丈,上品,大人,女性,フォーマル,入学式,卒業式,冠婚葬祭,喪服,礼服,春夏,春,夏,40代,50代,60代,,,,,,,
美品【中古,タルボット,TALBOTS,ワンピース,ノーカラーワンピース,表記,8号,11号,L,40号,相当,古着,黒,ブラック,レディース,春,夏,春夏,綿100,コットン,1分袖,カットワークレース,vネック,Vネック,ミモレ丈,膝丈,ひざ丈,ノーカラー,大人,女性,20代,30代,上品,,,,,,,
新品同様【中古,アリスバーリー,Aylesbury,東京スタイル,ベロアワンピース,ノースリーブワンピース,フォーマルワンピース,表記,11号,L,40号,相当,古着,黒,ブラック,レディース,秋,冬,秋冬,ノースリーブ,ベロア,美艶,フォーマル,大人,女性,20代,30代,40代,膝丈,ひざ丈,,,,,,,,,,
美品【中古,東京イギン,TOKYO,IGIN,美形ブラックフォーマルジャケット,9号,春秋,レディース,アウター,冠婚葬祭,,,,,,,,,,,,,,,,,,,,,,,,,,,,,,
新品【中古,コムサデモード,COMME,CA,DU,MODE,ロングスカート,表記,M,9号,38号,相当,白,ホワイト,レディース,春,夏,春夏,ボトムス,シンプル,無地,コットン,綿混,大人,女性,20代,30代,40代,日本製,ロング,ミモレ丈,未使用,通勤,オフィス,上品,清楚,,,,
新品同様【中古,マリココウガ,MARIKO,KOHGA,東京ソワール,優美フォーマルワンピース,表記42号(大きいサイズ,13号/LL相当),黒/ブラック,1分袖,結婚式,二次会,パーティ,春夏向け,レディース,,,,,,,,,,,,,,,,,,,,,,,,,
美品【中古,キヨコタカセ,K.T,上品ツイードジャケット,Mサイズ(9号/38号相当),グレー,シルク混・ウール素材,秋冬向け,レディース,アウター,,,,,,,,,,,,,,,,,,,,,,,,,,,,,,
美品【中古,伊太利屋,GK,ロングパンツ,スラックス,ストレッチパンツ,表記,11号,L,40号,相当,古着,青,ブルー,レディース,春,夏,春夏,ボトムス,シンプル,薄手,ストレッチ,ロング,大人,女性,40代,50代,美脚,おしゃれ,総柄,,,,,,,,,,
美品【中古,エムズグレイシー,M'sGRACY,可憐ノースリーブワンピース,表記38号(9号/M相当),ピンク,裾バルーン,綿/コットン混,リボン,春夏向け,レディース,,,,,,,,,,,,,,,,,,,,,,,,,,,,,
美品【中古,イエナ,IENA,ワンピース,小さいサイズ,表記,36号,7号,S,相当,青,ブルー,群青色系,フリル袖,半袖,膝丈,ひざ丈,お出掛け,薄手,シンプル,ｖネック,Vネック,Iライン,ゆったり,シンプル,はり感,大人,20代,30代,日本製,春,夏,レディース,クリーニング後お渡し,,,,,,
美品【中古,アクリスクラブ,AKRISCLUB,ゆったりシルエット,マフラー付きコート,US4号,レディース,アウター,,,,,,,,,,,,,,,,,,,,,,,,,,,,,,,,
美品【中古,リフレクト,Reflect,ダウンコート,ダウン,レディース,表記,9号,M,38号,相当,紺,ネイビー,異素材切り替え,比翼仕立て,ふっくら,暖か,フード,ダウン90％,ロング丈,お洒落,おしゃれ,上品,大人,女性,お出掛け,秋,冬,秋冬,アウター,30代,40代,50代,,,,,,,
美品【中古,ビースリー,B3,B-Three,ストレッチパンツ,ロングパンツ,パンツ,レディース,小さいサイズ,小さいサイズ,小さい,表記,30号,7号,S,相当,黒,シンプル,ロング丈,10分丈,伸縮性,軽やか,上品,大人,女性,お出掛け,オフィス,春夏,春,夏,ボトムス,40代,50代,60代,,,,,,
美品【中古,ビースリー,B-Three,B3,デニムパンツ,ロングパンツ,パンツ,レディース,小さい,表記,32号,7号,S,相当,黒系,ブラック,ストレッチ性,ロゴ釦,ロング丈,軽やか,お洒落,おしゃれ,カジュアル,大人,女性,お出掛け,春秋,春,秋,ボトムス,40代,50代,60代,,,,,,,
新品同様【中古,東京ソワール,D'REREAD,優雅ロングワンピース,大きいサイズ,表記15号(3L相当),黒/ブラック,ラメ,パーティ,ノースリーブ,春夏向け,レディース,,,,,,,,,,,,,,,,,,,,,,,,,,,,
美品【中古,クレージュ,courreges,フレアワンピース,膝丈ワンピース,ワンピース,表記,38号,9号,M,相当,ピンク,薄ピンク,シンプル,無地,伸縮性,ストレッチ,フレア,膝丈,ひざ丈,半袖,お洒落,おしゃれ,上品,大人,女性,お出掛け,春,夏,春夏,レディース,20代,30代,40代,,,,,,
美品【中古,cheerly,フレアコート,スプリングコート,イタリア製,9号,M,11号,L,相当,古着,紫,パープル,立体柄,ベルト付き,エレガント,おしゃれ,上品,きれいめ,膝丈,ひざ丈,大きめポケット,通勤,お出掛け,お呼ばれ,大人,40代,50代,春,秋,アウター,レディース,,,,,,,,
新品【中古,ダーマコレクション,DAMA,collection,ワイドパンツ,ロングパンツ,小さいサイズ,7号,S,相当,黒,ブラック,レディース,秋,冬,秋冬,ボトムス,ロング,ワイド,シンプル,股上深め,通勤,オフィス,ストレッチ,日本製,大人,女性,30代,40代,50代,未使用,,,,,,,,,
美品【中古,アニエスベー,agnes,b,ガウチョパンツ,ワイドパンツ,パンツ,レディース,小さい,表記,36号,7号,S,相当,黒,ブラック,シンプル,無地,薄手,艶感,ワイド,ロング,10分丈,ゆったり,軽やか,上品,大人,女性,お出掛け,オフィス,春,夏,春夏,ボトムス,20代,30代,40代,,,
美品【中古,レジアンス,REGENCE,ジャケット,表記,38号,9号,M,相当,古着,黒,ブラック,羽織り,レディース,春,夏,アウター,透け感,薄手,軽い,ウール,長袖,大人,女性,40代,50代,単品,シンプル,フォーマル,おしゃれ,上品,お出掛け,パーティ,オフィス,冷房対策,,,,,
美品【中古,マックスマーラ,MaxMara,スラックスパンツ,ロングパンツ,レディース,イタリア製,表記,JI38号,9号,M,38号,相当,黒,ブラック,毛,ウール,シンプル,無地,ロング,10分丈,着回し,上品,大人,女性,オフィス,秋,冬,秋冬,ボトムス,40代,50代,60代,,,,,,,
美品【中古,マーガレットハウエル,MARGARET,HOWELL,ワイドパンツ,ウールパンツ,パンツ,レディース,表記,2号,9号,M,相当,黒,ブラック,ウール素材,無地,シンプル,ロング丈,10分丈,ふっくら,暖か,上品,大人,女性,オフィス,お出掛け,秋冬,秋,冬,ボトムス,40代,50代,60代,,,,,,
美品【中古,マックスマーラ,MaxMara,スラックスパンツ,ロングパンツ,レディース,イタリア製,表記,JI38号,9号,M,38号,相当,黒,ブラック,毛,ウール,シンプル,無地,ロング,10分丈,着回し,上品,大人,女性,オフィス,秋,冬,秋冬,ボトムス,40代,50代,60代,,,,,,,
美品【中古,マーガレットハウエル,MARGARET,HOWELL,ワイドパンツ,ウールパンツ,パンツ,レディース,表記,2号,9号,M,相当,黒,ブラック,ウール素材,無地,シンプル,ロング丈,10分丈,ふっくら,暖か,上品,大人,女性,オフィス,お出掛け,秋冬,秋,冬,ボトムス,40代,50代,60代,,,,,,
新品同様【中古,ローラアシュレイ,LAURA,ASHLEY,黒,シフォンチュニックワンピース,40号,春夏,レディース,トップス,,,,,,,,,,,,,,,,,,,,,,,,,,,,,,
新品同様【中古,伊太利屋,GK,上品な美形タンクトップ,大きいサイズ,表記13号(LL相当),金/ゴールド,ニット素材,春夏向け,トップス,レディース,,,,,,,,,,,,,,,,,,,,,,,,,,,,,
【中古,セオリーリュクス,theory,luxe,セオリー,ワイドパンツ,表記,40号,11号,L,相当,古着,アイボリー,レディース,春,秋,ボトムス,毛,ウール,シンプル,日本製,通勤,オフィス,綺麗め,きれいめ,大人,女性,20代,30代,40代,,,,,,,,,,
美品【中古,ブラウス,オーガンジー,9号,M,38号,相当,古着,黒,ブラック,レディース,春,夏,春夏,トップス,透け感,シースルー,長袖,ゆったり,羽織,花柄,フラワー,コットン100,綿,大人,女性,30代,40代,50代,おしゃれ,お洒落,エレガント,お呼ばれ,,,,,,,
美品【中古,トッカ,TOCCA,LIBERTY,オンワード樫山,ワンピース,表記,2号,9号,M,相当,ピンク,多彩,花柄,フラワー,ラメ,膝丈,ひざ丈,薄手,1分袖,ノーカラー,日本製,きれいめ,aライン,Aライン,リゾート,お出掛け,お呼ばれ,大人,20代,30代,春,夏,レディース,クリーニング済み,,,,,
美品【中古,マックスアンドコー,MAX&CO.,/マックスマーラ,チェック柄,美形デニムスカート,40号,春夏向け,レディース,ボトムス,,,,,,,,,,,,,,,,,,,,,,,,,,,,,,
新品同様【中古,ティーラベント,TIRA,VENTO,ワンピース,表記,40号,11号,L,相当,古着,黒系,ブラック系,レディース,春,夏,春夏,長袖,絹100,シルク,膝丈,ひざ丈,フリル,リボン,日本製,大人,女性,40代,50代,,,,,,,,,,,
新品タグ付【中古,スキャパ,SCAPA,黒×美艶,シルク100,素敵バルーンスカート,38号,春夏,レディース,ボトムス,,,,,,,,,,,,,,,,,,,,,,,,,,,,,,
新品同様【中古,レリアン,Leilian,美編サマーニット/チュニック,表記9号(38号/M相当),白/ホワイト,金刺繍&装飾,5分袖,綿/コットン100%,春夏向け,トップス,レディース,,,,,,,,,,,,,,,,,,,,,,,,,,,,
新品同様【中古,スペッチオ,SPECCHIO,羽織りカーディガン,カーディガン,レディース,表記,40号,11号,L,相当,黒,ブラック,プリーツ,シンプル,無地,羽織り,丸首,長袖,薄手,軽やか,着回し,お洒落,おしゃれ,上品,大人,女性,お出掛け,春夏,春,夏,トップス,40代,50代,60代,,,,,
美品【中古,ハナエモリ,HANAE,MORI,コットンブラウス,半袖ブラウス,ブラウス,レディース,大きい,サイズ,サイズ,表記,44号,15号,3L,相当,白,ホワイト,黄色,イエロー,綿,コットン,花柄,お花,半袖,涼しげ,エレガント,上品,大人,女性,お出掛け,春,夏,トップス,40代,50代,60代,,,
美品【中古,プリーツプリーズ,PLEATS,PLEASE,イッセイミヤケ,テーラードジャケット,薄手ジャケット,ジャケット,レディース,表記,3号,11号,L,40号,相当,古着,茶,ブラウン,プリーツ,異素材デザイン,テーラード,薄手,軽やか,上品,大人,女性,春,秋,春秋,アウター,40代,50代,60代,,,,,,,
美品【中古,スナイデル,snidel,ノースリーブワンピース,ワンピース,小さいサイズ,表記,0号,7号,S,相当,薄ピンク,ピンク,花柄,フラワー,vネック,Ｖネック,きれいめ,ノースリーブ,薄手,膝丈,ひざ丈,ミニ丈,フレア,大人,20代,30代,春,夏,レディース,クリーニング後お渡し,,,,,,,,,
新品同様【中古,ローラアシュレイ,LAURA,ASHLEY,美花柄,美彩サテントリムワンピース,9号,春秋,レディース,,,,,,,,,,,,,,,,,,,,,,,,,,,,,,,
新品同様【中古,ローラアシュレイ,laura,ashley,ワンピース,ベロアワンピース,フォーマルワンピース,ロングワンピース,古着,大きいサイズ,大きい,表記,13号,LL,2L,相当,紺,ネイビー,背中魅せ,ノーカラー,5分袖,7分袖,パーティ,日本製,大人,30代,40代,秋,冬,秋冬,レディース,,,,,,,,,
美品【中古,絵麻亥由,茶ブラウン,素敵釦,ツイード,美形テーラードジャケット,9号,レディース,アウター,,,,,,,,,,,,,,,,,,,,,,,,,,,,,,,
美品【中古,オッティモブラッチオ,OTTIMO,BRACCIO,伊製,綺麗水色,高級ウール美ジャケット,11号,レディース,アウター,,,,,,,,,,,,,,,,,,,,,,,,,,,,,,
新品同様【中古,ハーディエイミス,HARDY,AMIES,高級テーラードジャケット,表記11号(40号/L相当),緑,ウール系ツイード素材,美形,通勤,秋冬向け,アウター,レディース,,,,,,,,,,,,,,,,,,,,,,,,,,,
新品同様【中古,トランスワーク,TRANS,WORK,カーディガン,表記,9号,M,38号,相当,古着,白,ホワイト,レディース,春,夏,春夏,トップス,vネック,Vネック,長袖,レース,羽織り,透かし編み,シンプル,冷房対策,薄手,おしゃれ,上品,オフィス,大人,女性,30代,40代,50代,日本製,,,,
新品同様【中古,詩仙堂,ヒトシタムラ,オーバーブラウス,チュニック,ブラウス,レディース,9号,11号,M,L,相当,緑,グリーン,ちりめん素材,和柄,お花,ノーカラー,丸首,長袖,ロング丈,ゆったり,おしゃれ,かわいい,上品,大人,女性,春,秋,春秋,トップス,40代,50代,60代,,,,,,
新品同様【中古,ダナキャラン,DKNY,フォーマルワンピース,ワンピース,表記,2号,9号,相当,黒,ブラック,絹,シルク,異素材切り替え,無地,シンプル,膝丈,ひざ丈,長袖,上品,大人,パーティー,20代,30代,春,秋,春秋,レディース,,,,,,,,,,,,
新品同様【中古,ナチュラルビューティーベーシック,NATURAL,BEAUTY,BASIC,ワンピーススーツ,表記,M,9号,相当,紺,ネイビー,白,ホワイト,ツイード,異素材,ジャケット,ワンピース,フォーマル,卒業式,入学式,大人,20代,30代,40代,春,秋冬,セットアップ,2点セット,レディース,,,,,,,,,,
美品【中古,アナイ,ANAYI,茶,ニット素材,ワンピース風,お洒落セットアップ,38号/9号,秋冬,レディース,トップス,,,,,,,,,,,,,,,,,,,,,,,,,,,,,
美品【中古,マックスアンドコー,MAX&CO.,/マックスマーラ,伊製,黒×艶,素敵サテンワンピース,38号/9号,春夏秋,レディース,,,,,,,,,,,,,,,,,,,,,,,,,,,,,,
新品同様【中古,ローラアシュレイ,LAURA,ASHLEY,カットソー,表記,M,9号,38号,相当,多彩,マルチカラー,ジャージ素材,ストレッチ,とろみ感,半袖,ボタニカル柄,植物柄,胸元布付き,軽やか素材,お洒落,おしゃれ,大人,30代,40代,50代,春,夏,トップス,レディース,美品,,,,,,,,,
美品【中古,プラダ,PRADA,タイトスカート,イタリア製,9号,M,相当,黒,ブラック,ニット素材,ウール100％,リブ編み,ふっくら,暖かい,膝丈,ひざ丈,上品,大人,イタリア製,通勤,オフィス,お出掛け,30代,40代,50代,秋,冬,秋冬,ボトムス,レディース,クリーニング後お渡し,,,,,,,,
美品【中古,ビースリー,B3,B-Three,クロップドパンツ,ストレッチパンツ,パンツ,レディース,小さい,表記,28号,7号,S,36号,相当,白,ホワイト,無地,シンプル,伸縮性,お洒落,おしゃれ,可愛い,かわいい,上品,大人,女性,お出掛け,春,夏,ボトムス,40代,50代,60代,,,,,,
美品【中古,バレンザスポーツ,Valenza,Sports,ニットカーディガン,カーディガン,表記,40号,11号,L,相当,古着,黒,ブラック,レディース,春夏,春,夏,トップス,7分袖,七分袖,ビジュー,おしゃれ,丸首,ストレッチ,日本製,大人,女性,40代,50代,,,,,,,,,,
美品【中古,ユキコハナイ,YUKIKO,HANAI,カーディガン,羽織,プリーツ素材,表記,10号,M,9号,38号,L,11号,40号,大きいサイズ,LL,2L,13号,42号,相当,古着,グレー,レディース,春夏,春,夏,トップス,7分袖,七分袖,シンプル,軽い,薄手,おしゃれ,変形,大人,女性,20代,30代,40代
美品【中古,コンジェペイエアデュートリステス,conges,payes,ADIEU,TRISTESSE,ビギ,大きいサイズ,大きい,13号,LL,42号,2L,相当,古着,紺,ネイビー,濃紺,レディース,春,秋,7分袖,七分袖,コットン,綿,異素材,シンプル,バックボタン,可愛い,かわいい,大人,女性,30代,40代,,,,,,
新品同様【中古,エバンス,EVANCE,シフォンスカート,膝丈スカート,スカート,レディース,大きい,表記,LARGE,13号,LL,相当,黒,ブラック,花柄,お花,フロッキー加工,膝丈,ひざ丈,薄手,上品,大人,女性,お出掛け,お食事会,春,夏,春夏,ボトムス,40代,50代,60代,,,,,,,
美品【中古,グレード,GRADE,/東京スタイル,黒,ブラック,艶感,ふっくら中綿入り,軽やか,暖かコート,9号(38号/Мサイズ相当),秋冬,レディース,アウター,,,,,,,,,,,,,,,,,,,,,,,,,,
美品【中古,グレード,GRADE,/東京スタイル,黒,ブラック,艶感,ふっくら中綿入り,軽やか,暖かコート,9号(38号/Мサイズ相当),秋冬,レディース,アウター,,,,,,,,,,,,,,,,,,,,,,,,,,
美品【中古,タルボット,TALBOTS,カーディガン,羽織り,表記,Ｍ,9号,38号,相当,古着,黒,ブラック,レディース,春,夏,春夏,秋,トップス,長袖,シンプル,ストレッチ,ジャージ素材,オフィス,冷房対策,大人,女性,20代,30代,40代,50代,,,,,,,,,
美品【中古,伊太利屋,GK,お洒落な美脚パンツ,表記9号(11号相当),黒/ブラック,ヒョウ柄,お出掛け,春秋向け,ボトムス,レディース,,,,,,,,,,,,,,,,,,,,,,,,,,,,,
新品同様【中古,ドゥクラッセ,DoCLASSE,チュニック,ブラウス,小さいサイズ,小さい,表記,7号,S,36号,相当,古着,紺,ネイビー,レディース,春,夏,春夏,トップス,麻100,リネン,7分袖,七分袖,シンプル,ゆったり,大人,女性,30代,40代,50代,,,,,,,,,
美品【中古,ナラカミーチェ,NARACAMICIE,ブラウス,大きいサイズ,表記,3号,13号,LL,2L,XL,42号,相当,古着,ピンク,艶感,ストライプ,涼感,涼しげ,レディース,春,夏,春夏,トップス,長袖,薄手,綿混,コットン,襟付き,大人,女性,30代,40代,おしゃれ,上品,通勤,お出掛け,,,
新品【中古,ザラ,ZARA,ロングスカート,タイトスカート,表記,EUR,S,小さい,小さいサイズ,7号,S,36号,9号,M,38号,相当,黒,ブラック,レディース,春,夏,春夏,ボトムス,ジャージ素材,スリット,シンプル,薄手,大人,女性,20代,30代,未使用品,,,,,,,
美品【中古,ビーシービージーマックスアズリア,BCBG,MAXAZRIA,ワンピース,表記,M,L,11号,相当,紺,ネイビー,艶感,サテン,シルク,絹100,ピンタック,ノーカラー,ひざ丈,膝丈,長袖,大人,20代,30代,40代,パーティ,お呼ばれ,二次会,結婚式,春,夏,レディース,クリーニング後お渡し,,,,,,,
美品【中古,マンシングウェア,MUNSINGWEAR,黒ブラック,白ホワイト,ゴルフ,ペンギン刺繍,カットソー,Lサイズ,トップス,春夏,レディース,,,,,,,,,,,,,,,,,,,,,,,,,,,,
美品【中古,ビースリー,B-Three,B3,ロングパンツ,表記,32号,9号,M,相当,キャメル系,レディース,春,秋,冬,秋冬,ボトムス,綿混,コットン,ストレッチ,シンプル,デニム系,大人,女性,30代,40代,50代,,,,,,,,,,,,,
美品【中古,アーバンリサーチドアーズ,URBAN,RESEARCH,DOORS,ダウンジャケット,小さいサイズ,小さい,表記,1号,S,7号,36号,相当,古着,ベージュ,レディース,シンプル,秋,冬,秋冬,アウター,フード,ダウン80%,ふっくら,大人,女性,30代,40代,50代,,,,,,,,,,
新品同様【中古,ポールスミス,Poul,Smith,ジップアップジャケット,表記,42号,9号,38号,M,相当,黒,ブラック,薄手,ノーカラー,長袖,ストレッチ,綿混,コットン,単品,シンプル,通勤,オフィス,お出掛け,おしゃれ,春,夏,秋,アウター,レディース,美品,,,,,,,,,
新品同様【中古,23区,オンワード樫山,フレアスカート,大きいサイズ,大きい,表記,44号,XL,相当,古着,黒,ブラック,レディース,春,夏,春夏,トップス,毛,ウール,絹,シルク,シンプル,ミモレ丈,膝丈,ひざ丈,日本製,大人,女性,20代,30代,,,,,,,,,
美品【中古,バーバリー,Burberrys,ラップスカート,巻きスカート,台形スカート,ウールスカート,表記,M,9号,38号,相当,古着,紺,ネイビー,レディース,秋,冬,秋冬,ボトムス,毛100,ウール,膝丈,ひざ丈,シンプル,ふっくら,金ボタン,大人,女性,20代,30代,40代,,,,,,,,
新品同様【中古,コルディア,CORDIER,デニムスカート,ロングスカート,フレアスカート,スカート,大きいサイズ,大きい,表記,42号,13号,LL,2L,XL,相当,古着,濃紺,ネイビー,紺,ロング,デニム,フレア,レディース,大人,秋,冬,秋冬,綿,ボトムス,大人,女性,20代,30代,40代,シンプル,,,,
美品【中古,コルディア,CORDIER,プリーツスカート,ウールスカート,スカート,レディース,表記,9号,M,38号,相当,赤,レッド,バーガンディー色,毛,ウール,無地,ふっくら,ニット素材,膝丈,ひざ丈,暖か,上品,大人,女性,お出掛け,秋冬,秋,冬,ボトムス,40代,50代,60代,日本製,,,,,
やや美品【中古,ヨウジヤマモト,Y's,YOHJI,YAMAMOTO,茶,ざっくりツイード,羽織りジャケット,2号,秋冬,レディース,アウター,,,,,,,,,,,,,,,,,,,,,,,,,,,,
ファーバッグ,斜めがけ,ファーショルダーバッグ,トートバッグ,ファートート,斜め掛け,レディース,ミニ,バッグ,2way,秋冬,ブラック,ベージュ,ピンク,女性,軽い,フェイクファー,可愛い,ふわふわ,ふわもこ,ショルダーバッグ,手提げバッグ,誕生日,クリスマス,プレゼント,バック,,,,,,,,,,,,,,
美品【中古,トゥービーシック,TO,BE,CHIC,茶,フォックスファー×ニット袖,お洒落カーディガン,大きいサイズ,フリー(9号〜15号),秋冬,レディース,トップス,,,,,,,,,,,,,,,,,,,,,,,,,,,
新品同様【中古,ローラアシュレイ,LAURA,ASHLEY,ジャージ素材ワンピース,小さいサイズ,表記7号(S相当),ワイン色,7分袖,伸縮,春夏向け,レディース,,,,,,,,,,,,,,,,,,,,,,,,,,,,
新品同様【中古,J.プレス,ジェイプレス,J,PRESS,台形スカート,スカート,表記,9号,M,38号,相当,濃紺,ネイビー,紺,レディース,春夏,春,夏,ボトムス,シンプル,薄手,綿混,コットン,膝丈,ひざ丈,大人,女性,20代,30代,40代,オフィス,通勤,美脚,脚長効果,オンワード樫山,,,,
美品【中古,クロエ,Chloe,ブラックフォーマルワンピーススーツ,ワンピーススーツ,スーツ,レディース,表記,9AR,M,9号,38号,相当,黒,ブラック,ノーカラー,ロゴ釦,長袖,五分袖,膝丈,ひざ丈,タイト,上品,大人,女性,冠婚葬祭,喪服,春,秋,春秋,40代,50代,60代,,,,,,,
美品【中古,自由区,オンワード樫山,ニットスカート,小さいサイズ,表記,36号,S,7号,相当,古着,グレー,ミモレ丈,膝丈,ひざ丈,毛,ウール,暖かい,シンプル,ストレッチ,伸縮,おしゃれ,お出掛け,上品,大人,40代,50代,秋冬,秋,冬,日本製,ボトムス,レディース,,,,,,,
美品【中古,ルーニィー,LOUNIE,フレアスカート,ロングスカート,スカート,レディース,表記,40号,11号,L,相当,マルチカラー,カラフル,ウール系,マルチストライプ柄,ロング丈,10分丈,お洒落,大人,女性,お出掛け,秋冬,秋,冬,ボトムス,20代,30代,40代,,,,,,,,,,,
美品【中古,モガ,MOGA,デニムジャケット,表記,3号,11号,L,40号,相当,濃紺,ネイビー,紺,比翼,シンプル,定番,綿,コットン,柔らか,春,秋冬,秋,冬,大人,カジュアル,おしゃれ,お洒落,30代,40代,袖口マジックテープ,長袖,羽織,アウター,レディース,日本製,,,,,
美品【中古,アルファキュービック,ALPHA,CUBIC,ツイードジャケット,3号(11号/40号/Lサイズ相当),ベージュ,フリンジ,秋冬向け,レディース,アウター,,,,,,,,,,,,,,,,,,,,,,,,,,,,,
新品同様【中古,イヴサンローラン,YVES,SAINT,LAURENT,ブラウス,小さいサイズ,36号/38号(Sサイズ/Мサイズ相当),黒×ベージュ春夏向け,スイス製生地,とろみ感,トップス,,,,,,,,,,,,,,,,,,,,,,,,,,,,
美品【中古,23区,ダウンコート,ダウン,ダウン90％,レディース,表記,38号,9号,M,相当,茶,ブラウン,艶感,スタンドカラー,ロング丈,フード,無地,ラクーンファー,ファー,ふっくら,暖か,軽やか,お洒落,おしゃれ,上品,大人,女性,お出掛け,秋,冬,秋冬,アウター,20代,30代,40代,,,,
美品【中古,センソユニコ,Sensounico,黒,美形スタイルコート,75号/11号,秋冬,レディース,アウター,,,,,,,,,,,,,,,,,,,,,,,,,,,,,,,
新品同様【中古,セオリー,Theory,お洒落セットアップ,ニット素材,小さいサイズ,表記上0号/7号相当,表記下00/5号相当,紺/ネイビー系,カットソー,ノースリーブ,スカート,フリンジ,秋冬向け,レディース,,,,,,,,,,,,,,,,,,,,,,,,,
美品【中古,ローラアシュレイ,LAURA,ASHLEY,ジャンパースカート,ウールワンピース,ワンピース,表記,表記,11号,L,40号,相当,茶,ブラウン,毛,ウール,美花柄,お花,ミモレ丈,ふっくら,暖か,おしゃれ,かわいい,エレガント,上品,大人,女性,お出掛け,秋冬,秋,冬,30代,40代,50代,,,,,
美品【中古,ローラアシュレイ,LAURA,ASHLEY,ベロアワンピース,フォーマルワンピース,ワンピース,レディース,表記,9号,M,38号,相当,黒,ブラック,シンプル,無地,ベロア素材,ロング丈,エレガント,高級感,艶感,上品,大人,女性,パーティー,お食事会,秋,冬,秋冬,40代,50代,60代,,,,,,,
美品【中古,ハネカ,HANEKA,カシミヤコート,表記,9号,M,38号,相当,古着,ブラック,黒,ブラックフォーマル,冠婚葬祭,フォーマル,ウール,カシミヤ100%,ステンカラー,シンプル,無地,ゆったり,軽い,暖かい,通勤,お出掛け,大人,40代,50代,秋冬,秋,冬,アウター,レディース,,,,,,,
美品【中古,三陽商会,SANYO,ステンカラーコート,ロングコート,ウールコート,表記,9号,M,38号,相当,古着,茶,ブラウン,レディース,秋,冬,秋冬,アウター,比翼,アンゴラ,羊毛,ロング,ウール,ステンカラー,日本製,シンプル,大人,女性,50代,60代,通勤,,,,,,,,
新品同様【中古,ピノーレ,PINORE,中綿コート,表記,38号,M,9,号,相当,古着,濃グレー,炭黒色,細見え,ふっくら,暖かい,軽い,極暖,軽量,防寒,保温,中わた,ポケット,ミドル丈,ひざ下丈,きれいめ,通勤,お出掛け,長袖,シンプル,大人,40代,50代,秋冬,秋,冬,アウター,レディース,,
美品【中古,詩仙堂,ヒトシタムラ,素敵なセットアップ,高級ちりめん素材,(11号/L相当),グレー,ドレープライン,お出掛け,春夏向け,レディース,,,,,,,,,,,,,,,,,,,,,,,,,,,,,
新品同様【中古,チャコット,ROYAL,DANCE,by,Chacott,カットソー,社交ダンス,表記,L,11号,40号,相当,赤,レッド,レディース,透け感,薄手,長袖,トップス,春,夏,秋,冬,オールシーズン,フレア袖,衣装,レッスン着,練習着,発表会,単品,日本製,大人,女性,20代,30代,40代,50代,60代,
新品【中古,ザラウーマン,ZARA,WOMAN,ワンピース,表記,S,小さいサイズ,7号,9号,M,相当,黒,ブラック,総レース,透け感,長袖,ミモレ丈,膝丈,ひざ丈,お洒落,おしゃれ,エレガント,フォーマル,結婚式,お呼ばれ,パーティ,二次会,大人,20代,春,夏,レディース,新品タグ付き,,,,,,
美品【中古,東京ソワール,SOIR,PERLE,ブラックフォーマル,ワンピーススーツ,大きいサイズ,大きい,表記,13号,2L,LL,相当,古着,黒,レディース,春,夏,春夏,秋,冬,秋冬,オールシーズン,冠婚葬祭,喪服,シンプル,日本製,大人,女性,30代,40代,50代,,,,,,,,
新品同様【中古,シップス,SHIPS,テーラードジャケット,ニットジャケット,ジャケット,レディース,小さい,表記,S,7号,36号,相当,ベージュ,毛,ウール,綿,コットン,ニット素材,TEXBRID,長袖,おしゃれ,上品,大人,女性,オフィス,お出掛け,秋,冬,秋冬,アウター,30代,40代,50代,,,,,,
新品同様【中古,ソニアリキエル,SONIA,RYKIEL,collection,オンワード樫山,薄手コート,スプリングコート,フード,表記,38号,M,9号,相当,古着,黒,ブラック,レディース,春,秋,羽織り,大人,女性,30代,40代,50代,,,,,,,,,,,,,,
美品【中古,ボールジー,BALLSEY,黒ブラック,美艶感ベロア,美脚ロングパンツ,40号,レディース,ボトムス,,,,,,,,,,,,,,,,,,,,,,,,,,,,,,,
美品【中古,エトロ,ETRO,ブラウス,シャツ,イタリア製,小さいサイズ,表記,I40号,7号,S,36号,相当,古着,白,ホワイト,薄青紫,レディース,春,夏,春夏,トップス,長袖,コットン,綿,薄手,襟付き,羽織り,前開き,冷房対策,大人,女性,30代,40代,50代,ミセス,おしゃれ,カジュアル,,
美品【中古,ローラアシュレイ,LAURA,ASHLEY,ツイードスカート,フレアスカート,スカート,レディース,表記,9号,M,38号,相当,青,ブルー,茶,ブラウン,チェック柄,ざっくり,ミモレ丈,暖かい,おしゃれ,かわいい,大人,女性,お出掛け,秋冬,秋,冬,ボトムス,40代,50代,60代,,,,,,,
美品【中古,クレージュ,courreges,ダウンコート,9号,M,38号,相当,古着,オレンジイエロー,レディース,ダウン80％,秋,冬,秋冬,アウター,軽量,ふっくら,フード,軽量,ドローコード,アウトドア,スポーツ観戦,大人,女性,40代,50代,,,,,,,,,,,,,
新品【中古,リフレクト,Reflect,ウールコート,ロングコート,コート,レディース,表記,11号,L,40号,相当,古着,黒,ブラック,毛,ウール,アルパカ,艶感,シンプル,無地,ロング丈,へちま襟,長袖,上品,大人,ふっくら,暖か,お出掛け,通勤,秋,冬,秋冬,アウター,20代,30代,40代,,,
新品同様【中古,ロペ,ROPE,黒,贅沢ラビットファー,ふっくらダウンジャケット,小さいサイズ,7号,秋冬,レディース,アウター,,,,,,,,,,,,,,,,,,,,,,,,,,,,,
美品【中古,J.プレス,ジェイプレス,JPRESS,タイトワンピース,襟付きワンピース,ワンピース,レディース,表記,11号,L,40号,相当,黒,ブラック,毛,ウール,シンプル,無地,美柄レース,レース襟,膝丈,ひざ丈,おしゃれ,上品,大人,女性,お食事会,お出掛け,秋,冬,秋冬,20代,30代,40代,,,,,
美品【中古,アナザーエディション,ANOTHER,EDITION,ユナイテッドアローズ,ダウンジャケット,表記,M,9号,38号,相当,古着,黒,ブラック,レディース,秋,冬,秋冬,アウター,ダウン80%,ラクーンファー,フード,シンプル,ふっくら,大人,女性,20代,30代,40代,50代,軽い,暖かい,防寒,,,,,,,
美品【中古,ミスオンワード,Miss,Onward,ロングスカート,ベロア,ロング・マキシ丈,表記,W69,L,11号,相当,黒,ブラック,濃黒色,優雅,エレガント,美艶,シンプル,無地,お呼ばれ,フォーマル,お出掛け,お食事会,綺麗め,大人,30代,40代,50代,秋冬,秋,冬,ボトムス,レディース,,,,,,
美品【中古,ハート,HaaT,HeaRT,イッセイミヤケ,フレアスカート,スカート,表記,2号,9号,相当,ピンク,毛100％,ウール,ミックスカラー,ニット素材,ツイードデザイン,ミモレ丈,お出掛け,20代,30代,40代,秋冬,ボトムス,レディース,クリーニング後お渡し,,,,,,,,,,,,,,
美品【中古,伊太利屋,GK,ロングパンツ,スラックス,大きいサイズ,大きい,表記,13号,LL,2L,XL,42号,相当,古着,グレー,レディース,春,夏,春夏,ボトムス,シンプル,薄手,ストレッチ,ロング,大人,女性,40代,50代,60代,日本製,,,,,,,,,
新品同様【中古,オットー,Otto,黒ブラック×紫系,フリル,素敵ワンピース,大きいサイズ,LLサイズ/13号,春夏,レディース,,,,,,,,,,,,,,,,,,,,,,,,,,,,,,
新品同様【中古,ディセット,dix-sept,ダウンコート,ダウン,レディース,表記,40号,11号,L,相当,紺,ネイビー,まだら模様,ロング丈,へちま襟,ダウン90％,ふっくら,暖かい,極暖,軽やか,お洒落,おしゃれ,上品,大人,女性,お出掛け,秋冬,秋,冬,アウター,20代,30代,40代,,,,,,
美品【中古,トゥービーシック,TO,BE,CHIC,オフ白,カシミヤ混,美脚,フリンジパンツ,40号,秋冬,レディース,ボトムス,,,,,,,,,,,,,,,,,,,,,,,,,,,
新品同様【中古,ローズティアラ,Rose,Tiara,ダウンコート,ダウン,レディース,大きい,表記,46号,17号,4L,相当,ピンク,フォックスファー,リボン,シンプル,無地,ふっくら,軽やか,暖か,ロング丈,おしゃれ,かわいい,大人,女性,お出掛け,秋,冬,秋冬,アウター,40代,50代,60代,,,,,,
美品【中古,イオコムイオ,io,comme,io,センソユニコ,カーディガン,羽織り,ニット,表記,38号,M,相当,黄,茶,毛100％,ウール,ストライプ柄,ゆったり,羽織りカーディガン,ニットカーディガン,40代,50代,60代,お出掛け,秋冬,トップス,レディース,,,,,,,,,,,,
美品【中古,ロペ,ROPE,シフォンブラウス,リボンブラウス,ブラウス,レディース,表記,9号,M,38号,相当,古着,緑,グリーン,シフォン素材,ピンタック,リボン,薄手,七分袖,無地,お洒落,おしゃれ,可愛い,かわいい,お出掛け,春,秋,春秋,トップス,,,,,,,,,,
新品【中古,チャコット,Chacott,カットソー,表記,L,11号,40号,相当,黒,ブラック,レディース,春,夏,春夏,トップス,7分袖,七分袖,シンプル,Vネック,vネック,背中魅せ,チュール,フロッキー,ストレッチ,日本,大人,女性,40代,50代,,,,,,,,,,
新品同様【中古,スペッチオ,SPECCHIO,グレー×艶感,万能ナイロンコート,40号/11号,春夏秋,レディース,アウター,,,,,,,,,,,,,,,,,,,,,,,,,,,,,,,
美品【中古,ボッシュ,BOSCH,ロングパンツ,スラックス,ストレートパンツ,表記,38号,9号,M,相当,古着,黒,ブラック,レディース,春,夏,春夏,ボトムス,シンプル,無地,ストレッチ,薄手,大人,女性,40代,50代,オフィス,通勤,ビジネス,,,,,,,,,,
美品【中古,ダックス,DAKS,テーラードジャケット,ウールジャケット,ジャケット,レディース,表記,9AR,M,38号,相当,黄色,黄銅色,毛,ウール,テーラード,無地,シンプル,ロング丈,ふっくら,暖かい,上品,大人,女性,オフィス,秋冬,秋,冬,アウター,40代,50代,60代,,,,,,,
新品同様【中古,ポールスチュアート,Paul,Stuart,フレアスカート,小さいサイズ,表記７号(S相当),茶,ベージュ,イタリア生地,ヨーロピアン調,春夏向け,ボトムス,レディース,,,,,,,,,,,,,,,,,,,,,,,,,,
新品同様【中古,ニューヨーカー,NEW,YORKER,ステンカラーコート,ウールコート,コート,レディース,大きい,表記,13号,LL,2L,相当,グレー,毛,ウール,カシミヤ,シンプル,無地,着回し,ふっくら,暖か,万能,上品,大人,女性,お出掛け,オフィス,秋冬,秋,冬,アウター,40代,50代,60代,,,,
美品【中古,シズカコムロ,4298,SHIZUKA,KOMURO,羽織,ジャケット,カーディガン,9号,M,11号,L,相当,黒,ブラック,圧縮ウール系,シンプル,無地,お洒落,おしゃれ,個性的,綺麗め,きれいめ,大人,20代,30代,40代,袖口広め,お出掛け,日本製,秋冬,秋,冬,アウター,レディース,,,,,
美品【中古,オットー,Otto,ピンク,美レース,美形スタイル,素敵トレンチコート,Mサイズ/9号,春秋,レディース,アウター,,,,,,,,,,,,,,,,,,,,,,,,,,,,,
美品【中古,セオリー,theory,テーラードジャケット,表記,2号,9号,M,38号,相当,グレー,毛,ウール,軽やか,細身,単品,シンプル,通勤,オフィス,ビジネス,大人,20代,30代,40代,50代,1釦,シングル,美形,上品,長袖,日本製,春,秋冬,アウター,レディース,,,,,
美品【中古,シズカワダ,SHIZUKA,WADA,ウールカーディガン,カーディガン,9号,M,38号,相当,古着,黒,ブラック,レディース,秋冬,秋,冬,トップス,毛混,ウール混,長袖,刺繍,前開き,大人,女性,60代,70代,ミセス,おしゃれ,羽織り,,,,,,,,,,
美品【中古,ケイタマルヤマ,KEITA,MARUYAMA,スカート,フレアスカート,小さいサイズ,小さい,表記,1号,S,7号,相当,茶,ブラウン,刺繍,ししゅう,ピンストライプ,毛100,ウール,おしゃれ,上品,ミモレ丈,膝丈,大人,40代,50代,秋,冬,秋冬,ボトムス,レディース,クリーニング済み,,,,,,,
新品同様【中古,ペカ,PECA,ダウンコート,ダウン,レディース,大きい,表記,13号,LL,2L,相当,カーキ,無地,ふっくら,暖か,軽やか,へちま襟,ロング丈,お洒落,おしゃれ,上品,大人,女性,お出掛け,秋冬,秋,冬,アウター,40代,50代,60代,,,,,,,,
新品同様【中古,スペッチオ,SPECCHIO,チュニック,カットソー,プリーツ素材,表記,40号,11号,L,相当,黒,ブラック,長袖,伸縮,ストレッチ素材,シンプル,お洒落,おしゃれ,ゆったり,大人,30代,40代,50代,春,夏,トップス,レディース,美品,,,,,,,,,,,
美品【中古,グレード,GRADE,ふっくらダウンコート,ダウン80%,大きいサイズ,表記13号(LL相当),紫/パープル系,ブルーフォックスファー,秋冬向け,アウター,レディース,,,,,,,,,,,,,,,,,,,,,,,,,,,,
新品同様【中古,伊太利屋,GK,タイトスカート,ロングスカート,小さいサイズ,小さい,表記,7号,Ｓ36号,相当,古着,黒,ブラック,レディース,春,夏,春夏,ボトムス,ロング,タイト,細身,シンプル,無地,スリット,おしゃれ,大人,女性,40代,50代,60代,,,,,,,,,
新品同様【中古,Genie,Elewer,東京ソワール,ブラックフォーマルワンピーススーツ,ワンピーススーツ,ジャケット,ワンピース,レディース,表記,9号,M,38号,相当,黒,ブラック,2P風,五分丈,長袖,膝丈,ひざ丈,上品,大人,女性,冠婚葬祭,喪服,春,夏,秋,春夏秋,40代,50代,60代,,,,,,,
美品【中古,ノーマカマリ,OMO,GYM,by,NORMA,KAMALI,中綿コート,中わたコート,ロングコート,表記,9号,M,38号,相当,古着,黒,ブラック,レディース,秋,冬,秋冬,アウター,シンプル,ふっくら,ゆったり,ベルト,大人,女性,40代,50代,60代,通勤,アウトドア,お出掛け,,,,,
美品【中古,バーバリー,BURBERRY,コットンブラウス,大きい,表記,44号,15号,相当,グレー,ストライプ柄,刺繍,お出掛け,春,夏,トップス,レディース,,,,,,,,,,,,,,,,,,,,,,,
美品【中古,Glace,a,la,Vanille,スカートスーツ,表記,40号,11号,L,相当,古着,黒系,レディース,春,秋,冬,秋冬,セットアップ,毛100,ウール,セレモニー,慶事,お呼ばれ,七五三,卒業式,卒園式,日本製,大人,女性,30代,40代,50代,上品,2点セット,,,,,
新品【中古,ミゼール,MISSEL,ジュニアー,ロングスカート,フレアスカート,表記,L,11号,40号,相当,黒,ブラック,レディース,春,夏,春夏,ボトムス,しわ感,ラメ,薄手,フレア,軽い,シンプル,無地,ミモレ丈,上品,未使用,大人,女性,40代,50代,きれいめ,,,,,,,
新品【中古,MORRIS,Gallery,エトワール海渡,チュニック,表記,M,L,9号,11号,相当,ピンク,7分袖,七分袖,薄手,ジャージ素材,ストレッチ,伸縮,フレア,軽い,ノーカラー,とろみ感,おしゃれ,お洒落,美柄,日本製,大人,30代,40代,春,夏,トップス,レディース,未使用,新品タグ付き,,,,,
新品同様【中古,ギビー,Givy,ブラウス,シャツブラウス,シャツ,プリーツ加工,9号,M,38号,相当,黒,ブラック,7分袖,七分袖,透け感,軽い,襟付き,シンプル,無地,立体柄,ストレッチ,伸縮,羽織,冷房対策,大人,30代,40代,50代,春,夏,春夏トップス,レディース,,,,,,,
新品同様【中古,クリツィア,KRIZIA,茶×レオパード,ふっくらロングダウンコート,Lサイズ/11号,秋冬,レディース,アウター,,,,,,,,,,,,,,,,,,,,,,,,,,,,,,,
美品【中古,クードシャンス,COUP,DE,CHANCE,ワンピース,ノーカラーワンピース,フォーマルワンピース,小さいサイズ,表記,34号,5号,XS,SS,相当,古着,紺,ネイビー,レディース,春,夏,フォーマル,半袖,薄手,シンプル,ひざ丈,大人,女性,20代,30代,40代,単品,上品,きれいめ,,,,,,
美品【中古,ちぐさボーベル,Bowbell,上品チェスターコート,表記11号(40号/L相当),黒/ブラック,毛ウール100%,冠婚葬祭,秋冬向,アウター,レディース,,,,,,,,,,,,,,,,,,,,,,,,,,,,,
新品同様【中古,ドレスキップ,DRESKIP,ワールド,チェスターコート,コート,ハーフ丈,表記,40号,11号,L,相当,黒,ブラック,毛100％,ウール,シンプル,無地,暖かい,通勤,お出掛け,30代,40代,50代,秋,冬,秋冬,アウター,レディース,,,,,,,,,,,
美品,【中古,SOIR,PERLE,東京ソワール,ブラックフォーマル,ワンピーススーツ,スーツ,レディース,表記,11号,L,40号,相当,古着,黒,ブラック,モダン総柄,スタンドカラー,膝丈,ひざ丈,上品,大人,冠婚葬祭,喪服,春,秋,春秋,40代,50代,60代,,,,,,,,,
美品【中古,グレード,GRADE,東京スタイル,ウールコート,コート,表記,9号,M,38号,相当,古着,白,ホワイト,クリーム,レディース,秋,冬,秋冬,アウター,毛,ウール,アンゴラ,大人,女性,20代,30代,かわいい,ピーコート風,おしゃれ,お出掛け,,,,,,,,,
美品【中古,ピエールカルダン,pierre,cardin,スタンドカラーコート,ウールコート,コート,レディース,表記,40号,11号,L,相当,茶,こげ茶,白,ホワイト,毛,ウール,スタンドカラー,ハーフ,ミディアム,幾何学柄,おしゃれ,上品,大人,女性,秋,冬,秋冬,アウター,30代,40代,50代,,,,,,
新品同様【中古,ユキトリイ,YUKI,TORII,ブラックフォーマルワンピース,タイトワンピース,ワンピース,レディース,小さい,表記,7号,S,36号,相当,黒,ブラック,シンプル,伸縮性,七分袖,膝丈,ひざ丈,タイト,上品,大人,女性,冠婚葬祭,喪服,礼服,春,秋,春秋,30代,40代,50代,,,,,,
美品【中古,セシオセラ,CECI,OU,CELA,ダウンコート,ダウン,レディース,表記,40号,11号,L,相当,ベージュ,無地,シンプル,フォックスファー,フード,ふっくら,暖かい,お洒落,おしゃれ,可愛い,かわいい,上品,大人,女性,お出掛け,秋冬,秋,冬,アウター,40代,50代,60代,,,,,
美品【中古,23区,オンワード樫山,スタンドカラーコート,ウールコート,大きいサイズ,表記,48号,LL,2L,13号,相当,古着,黒,ブラック,レディース,秋冬,秋,冬,アウター,アンゴラ,毛混,ウール,日本製,シンプル,大人,女性,20代,30代,40代,,,,,,,,,,
美品【中古,コムデギャルソン,COMME,des,GARCONS,大人なタイトスカート,小さいサイズ,表記S(7号相当),黒/ブラック,美柄の総レース,春夏向け,ボトムス,,,,,,,,,,,,,,,,,,,,,,,,,,,,
美品【中古,伊太利屋,GK,スタンドカラージャケット,ロングジャケット,レディース,表記,11号,L,40号,相当,ベージュ,伸縮性,ヒョウ柄,レオパード柄,薄手,軽やか,煌びやか,エレガント,ラメ,お洒落,おしゃれ,上品,大人,女性,春秋,春,秋,アウター,40代,50代,60代,,,,,,,,
美品【中古,マックスマーラ,Max,Mara,イタリア製,茶×チェック,美脚コットンパンツ,大きいサイズ,42号/13号,春夏秋,レディース,ボトムス,,,,,,,,,,,,,,,,,,,,,,,,,,,,
美品【中古,スペッチオ,SPECCHIO,黒×ラメ,1釦,大人ジャケット,40号/11号,秋春,レディース,アウター,,,,,,,,,,,,,,,,,,,,,,,,,,,,,,
新品同様【中古,アンタイトル,UNTITLED,スタンドカラーコート,コート,ハーフ丈,表記,2号,9号,M,相当,グレー,毛,ウール,アンゴラ,薄手,末広がり,ゆったり,軽やか,シンプル,無地,お洒落,おしゃれ,お出掛け,20代,30代,40代,春秋,アウター,レディース,日本製,,,,,,,,,
美品【中古,プラステ,PLST,/セオリー,黒,ふわふわニット,ロングワンピース,2号/9号,秋冬,レディース,トップス,,,,,,,,,,,,,,,,,,,,,,,,,,,,,
美品【中古,カルバンクライン,Calvin,Klein,ステンカラーコート,ウールコート,表記,9号,M,38号,相当,古着,こげ茶系,レディース,秋,冬,秋冬,比翼,アウター,毛100,ウール,シンプル,ベルト,大人,女性,30代,40代,50代,通勤,お出掛け,,,,,,,,,,
新品同様【中古,クードシャンス,COUP,DE,CHANCE,CDEC,トレンチコート,スプリングコート,ロングコート,表記,40号,11号,L,相当,古着,シルバーグレー系,レディース,春,秋,冬,秋冬,アウター,シンプル,ベルト,ライナー付き,綿,コットン,大人,女性,30代,40代,50代,通勤,,,,,,,
美品【中古,ランバール,Lamballe,クラシカルワンピースロングワンピース,ワンピース,表記,11号,L,40号,相当,古着,青,ブルー,レディース,春,夏,春夏,長袖,透け感,シフォン,前開き,薄手,大人,女性,50代,60代,,,,,,,,,,,,,,
美品【中古,伊太利屋,GK,ウールニット,ニット,レディース,表記,11号,L,40号,相当,黒,ブラック,毛,ウール,アニマルデザイン,動物,ビジュー,丸首,長袖,ふっくら,暖か,お洒落,おしゃれ,エレガント,大人,上品,女性,お出掛け,秋冬,秋,冬,トップス,40代,50代,60代,,,,
美品【中古,インディヴィ,INDIVI,ダウンコート,レディース,小さい,表記,36号,7号,相当,古着,ベージュ,スタンドカラー,シンプル,無地,上品,大人,暖かい,軽やか,30代,40代,50代,秋,冬,秋冬,アウター,お出掛け,アウトドア,,,,,,,,,,,,
新品【中古,モッカギーネ,MOCKA,GIENE,ウールカーディガン,ニットカーディガン,カーディガン,表記,M,L,9号,38号,11号,40号,相当,薄緑系,レディース,秋,冬,秋冬,トップス,長袖,前開き,刺繍,丸首,毛混,ウール,アンゴラ,大人,女性,60代,70代,ミセス,未使用品,,,,,,
美品【中古,アクアスキュータム,Aquascutum,プリーツスカート,表記,9号,S,7号,細めM,相当,茶,ブラウン,クラシカル,チェック柄,ウール,毛100,膝下丈,ひざ下丈,上品,美揺,おしゃれ,大人,40代,50代,通勤,お出掛け,秋冬,秋,冬,ボトムス,レディース,,,,,,,,,
新品同様【中古,ジュンコシマダ,49AV,JUNKO,SHIMADA,ウールコート,ノーカラーコート,コート,表記,38号,M,9号,相当,古着,グレー,レディース,秋,冬,アウター,羊毛,毛,ウール,圧縮ウール,アルパカ,シンプル,通勤,大人,女性,30代,40代,50代,,,,,,,,,
美品【中古,クリッツィア,EVEX,by,KRIZIA,ダウンジャケット,リバーシブル,表記,40号,9号,M,38号,相当,古着,黒,ブラック,レディース,秋,冬,秋冬,アウター,ダウン80％,ジップアップファスナー,スタンドカラー,ふっくら,軽い,暖かい,大人,女性,20代,30代,40代,50代,,,,,,,
新品同様【中古,インゲボルグ,INGEBORG,ピンクハウス,ニット,アンサンブル,カーディガン,カットソー,9号,M,38号,相当,古着,茶,ブラウン,春,秋,トップス,2点セット,毛,ウール,長袖,半袖,丸首,日本製,大人,女性,50代,60代,,,,,,,,,,,
美品【中古,ビスケー,BC,ノーカラージャケット,ウールジャケット,ジャケット,レディース,表記,9号,M,38号,相当,赤,レッド,毛,ウール,mixカラー,ロング丈,ノーカラー,長袖,ふっくら,暖か,お洒落,おしゃれ,上品,大人,女性,秋,冬,秋冬,アウター,40代,50代,60代,,,,,,
新品同様【中古,インゲボルグ,INGEBORG,ピンクハウス,ニット,アンサンブル,カーディガン,カットソー,9号,M,38号,相当,古着,茶,ブラウン,春,秋,トップス,2点セット,毛,ウール,長袖,半袖,丸首,日本製,大人,女性,50代,60代,,,,,,,,,,,
新品同様【中古,自由区,オンワード樫山,フレアスカート,スカート,大きい,大きいサイズ,表記,44号,XL,相当,古着,茶,ブラウン,レディース,秋,冬,秋冬,ボトムス,しわ感,シンプル,スウェード調,通勤,オフィス,お出掛け,日本製,ミモレ丈,大人,女性,20代30代,40代,,,,,,,,,
美品【中古,アドルフォドミンゲス,ADOLFO,DOMINGUEZ,タイトスカート,スカート,表記,38号,M,9号,相当,古着,白,ホワイト,レディース,春,秋,冬,秋冬,ボトムス,シンプル,綿混,コットン,ストレッチ,膝丈,ひざ丈,大人,女性,30代,40代,大人,女性,30代,40代,,,,,,
美品【中古,FREE'S,MART,ニットワンピース,表記,フリー,9号,Ｍ,11号,L,相当,ココアブラウン系,ココア系,ロング丈,マキシ丈,長袖,高身長,伸縮,ストレッチ,シンプル,無地,綺麗め,きれいめ,上品,細見せ,柔らか素材,大人,20代,30代,40代,秋冬,秋,冬,レディース,,,,,,
美品【中古,FREE'S,MART,ニットワンピース,表記,フリー,9号,Ｍ,11号,L,相当,ココアブラウン系,ココア系,ロング丈,マキシ丈,長袖,高身長,伸縮,ストレッチ,シンプル,無地,綺麗め,きれいめ,上品,細見せ,柔らか素材,大人,20代,30代,40代,秋冬,秋,冬,レディース,,,,,,
美品【中古,moldy,fig,Y’S,ワイズ,ヨウジヤマモト,ラップスカート,プリーツスカート,スカート,レディース,9号,M,38号,相当,古着,黒,ブラック,プリーツ,チェック柄,綿,コットン,毛,ウール,変形デザイン,薄手,軽やか,お洒落,おしゃれ,春,夏,春夏,ボトムス,20代,30代,40代,,,,,
美品【中古,スコッチハウス,The,Scotch,House,ダッフルコート,ウールコート,コート,レディース,表記,38号,9号,M,相当,グレー,毛,ウール,シンプル,無地,フード付き,ロング丈,トグルボタン,お洒落,おしゃれ,大人,女性,お出掛け,通勤,秋,冬,秋冬,アウター,30代,40代,50代,,,,,
美品【中古,慈雨,センソユニコ,ウールコート,ロングコート,コート,レディース,表記,40号,11号,L,相当,青,ブルー,緑,グリーン,毛,ウール,モダン美柄,ふっくら,暖かい,ロング丈,お洒落,おしゃれ,可愛い,かわいい,大人,女性,お出掛け,秋冬,秋,冬,アウター,40代,50代,60代,,,,
美品【中古,リツコシラハマ,RITSUKO,SHIRHAMA,ベージュ,ペーパー素材,お洒落ロングコート,1号/11号,秋冬,レディース,アウター,,,,,,,,,,,,,,,,,,,,,,,,,,,,,
新品同様【中古,バーバリー,BURBERRY,暖かウールパンツ,小さいサイズ,5号(34号/SSサイズ相当),ベージュ,微小千鳥格子柄×チェック柄,秋冬向け,ボトムス,,,,,,,,,,,,,,,,,,,,,,,,,,,,,,
美品【中古,D’REREADーaf,東京ソワール,ブラックフォーマルワンピーススーツ,ワンピーススーツ,レディース,小さい,表記,7号,S,36号,相当,黒,ブラック,シンプル,美柄,刺繍,レース,ノーカラー,膝丈,ひざ丈,上品,大人,女性,冠婚葬祭,喪服,礼服,春秋,春,秋,40代,50代,60代,,,,,,,
美品【中古,クレージュ,courreges,ワンピース,表記,40号,11号,L,相当,古着,グレー,レディース,春,秋,冬,秋冬,長袖,ノーカラー,ラメ,ミモレ丈,ゆったり,日本製,大人,女性,30代,40代,,,,,,,,,,,,,,
美品【中古,イグネス,ignes,銀座マギー,チェスターコート,表記,38号,9号,M,相当,古着,グレー系,毛100,ウール,アンゴラ,カシミヤ,きれいめ,上品,クラシカル,エレガント,おしゃれ,大人,30代,40代,50代,ロング,通勤,お出掛け,お呼ばれ,長袖,秋冬,秋,冬,アウター,レディース,,,,,
新品同様【中古,伊太利屋,GK,チュニック,大きいサイズ,大きい,表記,13号,LL,2L,42号,相当,古着,黒,ブラック,レディース,春,秋,トップス,長袖,薄着,ビジュー,袖口広め,変形,おしゃれ,大人,女性,50代,60代,,,,,,,,,,,
美品【中古,伊太利屋,ITALIYA,ラメ×チェック,シルク,素敵フリルベスト,羽織り,9号,春夏,レディース,,,,,,,,,,,,,,,,,,,,,,,,,,,,,,
美品【中古,ポールスチュアート,Paul,Stuart,ひざ丈ワンピース,ワンピース,レディース,表記,6号,9号,M,38号,相当,黒,ブラック,毛,ウール,無地,シンプル,五分袖,膝丈,ひざ丈,伸縮性,上品,大人,女性,お食事会,春秋,春,秋,40代,50代,60代,,,,,,,
美品【中古,ネネット,Ne-net,シャツワンピース,膝丈ワンピース,ワンピース,レディース,表記,2号,9号,38号,M,相当,古着,赤,レッド,チェック柄,綿,コットン,膝丈,ひざ丈,Aライン,お洒落,おしゃれ,可愛い,かわいい,お出掛け,春,秋,春秋,20代,30代,40代,,,,,,,
美品【中古,ニューヨーカー,NEW,YORKER,ツイードスカート,プリーツスカート,スカート,レディース,表記,70ー95,13号,11号,L,相当,グレー,シンプル,ツイード,プリーツ,着回し,膝丈,ひざ丈,ふっくら,暖か,上品,大人,女性,オフィス,秋,冬,秋冬,ボトムス,20代,30代,40代,,,,,,
美品【中古,ローラアシュレイ,LAURA,ASHLEY,フレアスカート,ウールスカート,スカート,レディース,表記,11号,L,40号,相当,茶,ブラウン,毛,ウール,無地,膝丈,ひざ丈,ふっくら,暖か,おしゃれ,かわいい,上品,大人,女性,お出掛け,オフィス,秋冬,秋,冬,ボトムス,40代,50代,60代,,,,
新品同様【中古,アリスバーリー,Aylesbury,テーラードジャケット,ジャケット,表記,9号,M,38号,相当,古着,炭黒色,濃グレー,レディース,春,夏,春夏,アウター,ショート丈,シンプル,長袖,7分袖,薄手,オフィス,通勤,大人,女性,20代,30代,40代,テーラード,,,,,,,,,
美品【中古,ドゥクラッセ,DoCLASSE,ワンピース,表記,L,11号,40号,相当,古着,マルチカラー,レディース,春,夏,春夏,長袖,幾何学柄,膝丈,ひざ丈,薄手,ノーカラー,大人,女性,40代,50代,,,,,,,,,,,,,,,
新品同様【中古,クリスチャンオジャール,CHRISTIAN,AUJARD,ブラウス,チュニック,大きいサイズ,表記,13号,LL,2L,XL,42号,相当,古着,茶,ブラウン,レディース,春,夏,春夏,トップス,長袖,羽織り,大人,女性,40代,50代,前開き,透け感,日本製,薄手,おしゃれ,綿混,コットン,襟付き,,,,
新品同様【中古,ミッシェルクラン,MICHEL,KLEIN,スカートスーツ,ツイード,表記,38号,M,9号,相当,古着,グレー系,レディース,秋,冬,秋冬,セットアップ,2点セット,ラメ,卒業式,卒園式,お呼ばれ,お食事会,フリンジ,ノーカラー,膝丈,ひざ丈,大人,女性,20代,30代,40代,,,,,,,
美品【中古,スペッチオ,SPECCHIO,中綿入りコート,ロング丈,表記,40号,11号,L,相当,黒,ブラック,ラビットファー,シンプルデザイン,艶感,ふっくら,軽やか,お出掛け,秋,冬,秋冬,40代,50代,60代,アウター,レディース,,,,,,,,,,,,,,
新品【中古,レセントピース,Recent,Piece,ロングコート,ウールコート,コート,レディース,表記,9BR,9号,M,38号,相当,古着,黒,ブラック,毛,カシミヤ,ブルーフォックス,シンプル,無地,ふんわり,暖か,上品,大人,エレガント,優雅,秋,冬,秋冬,アウター,40代,50代,60代,,,,,
美品【中古,カシミヤコート,ウールコート,ロングコート,ステンカラーコート,表記,11号,L,相当,古着,紺,ネイビー,レディース,秋,冬,秋冬,アウター,シンプル,カシミヤ,ウール,毛,ロング,ステンカラー,大人,女性,40代,50代,通勤,お出掛け,,,,,,,,,,,
新品同様【中古,エンスイート,ensuite,ニットチュニック,チュニック,カットソー,表記,L,11号,40号,相当,古着,黒系,ブラック,レディース,春,秋,トップス,長袖,毛100,ウール,ニット,タートルネック,ボーダー,薄手,日本製,大人,女性,30代,40代,50代,,,,,,,,,
美品【中古,グレープ,横浜元町,grape,ツイード,コート,大きいサイズ,15号,3L,相当,ボルドー系,ワインレッド,秋色,毛混,ウール,アンゴラ混,トグル釦,絹混,毛混,ウール,アンゴラ混,比翼,おしゃれ,シンプル,大人50代,60代,伸縮,長袖,日本製,秋冬,アウター,レディース,,,,,,,,
美品【中古,バイスバーサ,VICEVERSA,ニットカーディガン,カーディガン,レディース,表記,40号,11号,L,相当,グレー,モヘヤ,毛,ウール,絹,シルク,丸首,ロング丈,ケーブル編み,ビジュー,ふっくら,暖か,お洒落,おしゃれ,上品,大人,女性,秋,冬,トップス,40代,50代,60代,,,,,,
美品【中古,セオリー,theory,大人ロングパンツ,表記28号(9号,М相当),グレー,ウール100%素材,ゆったり,ロゴ入ボタン,秋冬,ボトムス,レディース,,,,,,,,,,,,,,,,,,,,,,,,,,,
新品同様【中古,エバンス,EVANS,グレー,モダン美柄,美揺れプリーツスカート,Mサイズ〜Lサイズ,春夏秋,レディース,ボトムス,,,,,,,,,,,,,,,,,,,,,,,,,,,,,,
美品【中古,スペッチオ,SPECCHIO,プリーツ素材カットソー,表記40号(11号/L相当),グレー,シンプル,ノースリーブ,伸縮,春夏向け,トップス,レディース,,,,,,,,,,,,,,,,,,,,,,,,,,,,
美品【中古,23区,オンワード樫山,フレアスカート,ツイードスカート,スカート,古着,表記,38号,9号,M,相当,茶,ブラウン,毛100,ウール,ツイード,大人可愛い,美揺感,おしゃれ,軽やか,通勤,お出掛け,日本製,20代,30代,秋,冬,秋冬,ボトムス,レディース,クリーニング済み,,,,,,,,
新品同様【中古,アンテイラー,ANN,TAYLOR,チュニック,ワンピース,大きいサイズ,大きい,13号,LL,15号,3L,相当,古着,黒,ブラック,レディース,春,夏,春夏,長袖,薄手,レース,大人,女性,40代,50代,,,,,,,,,,,,,
美品【中古,スペッチオ,SPECCHIO,ロングスカート,スカート,レディース,表記,40号,11号,L,相当,黒,ブラック,無地,シンプル,総プリーツ,薄手,軽やか,着回し,ロング丈,10分丈,上品,大人,女性,お出掛け,春夏,春,夏,ボトムス,40代,50代,60代,,,,,,,,
美品【中古,エバンピコネ,EVAN-PICONE,チェスターコート,カシミヤコート,コート,レディース,表記,11号,40号,L,相当,茶,ブラウン,カシミヤ100％,無地,シンプル,ロング丈,ふっくら,暖かい,上品,大人,女性,お出掛け,通勤,秋冬,秋,冬,アウター,40代,50代,60代,,,,,,,,
美品【中古,フラスク,FLASK,ダウンコート,表記,38号,M,9号,相当,モカブラウン系,茶,ブラウン,ダウン,aライン,Aライン,フレア,きれいめ,暖かい,ふっくら,膝丈,ひざ丈,ベルト付き,お出掛け,大人,40代,50代,秋,冬,秋冬,アウター,レディース,クリーニング後お渡し,,,,,,,,
美品【中古,エニーファム,any,FAM,ダッフルコート,ロングコート,コート,レディース,大きい,表記,2号,13号,LL,42号,相当,古着,黒,ブラック,毛,ウール,トグルボタン,シンプル,無地,お洒落,おしゃれ,上品,大人,お出掛け,通勤,秋,冬,秋冬,アウター,30代,40代,50代,,,,
美品【中古,マギー,MAGGY,テーラードジャケット,ツイードジャケット,ジャケット,表記,40号,11号,L,相当,古着,グレー,レディース,秋,冬,秋冬,アウター,毛,ウール,カシミヤ,シンプル,日本製,長袖,大人,女性,40代,50代,60代,通勤,ツイード,テーラード,,,,,,,,
美品【中古,エフデ,ef-de,ウールコート,ハーフコート,コート,レディース,小さい,表記,7号,S,36号,相当,黒,ブラック,毛,アンゴラ,フォックス,ハーフ丈,フード,シンプル,無地,しっとり,暖か,上品,大人,お出掛け,秋,冬,秋冬,アウター,20代,30代,,,,,,,
新品同様【中古,ユキコハナイ,YUKIKO,HANAI,ロングスカート,フレアスカート,フォーマルスカート,単品,表記,9号,M,38号,相当,古着,黒,ブラック,レディース,春,夏,春夏,ボトムス,ロング,フレア,フォーマル,シンプル,日本製,大人,女性,20代,30代,40代,50代,,,,,,,,
美品【中古,クリスチャンアーダ,Christian,Ado,フレアワンピース,ミモレ丈ワンピース,ワンピース,レディース,表記,9＋,38号,M,相当,紫,パープル,ペイズリー柄,クラシカル,長袖,ミモレ丈,おしゃれ,かわいい,上品,大人,女性,お出掛け,春秋,春,秋,40代,50代,60代,,,,,,,,,
美品【中古,ジャンドール,Jean,Dore,ロングワンピース,ワンピース,9号,M,38号,相当,古着,オレンジ系,レディース,春,夏,春夏,長袖,クラシカル,レトロ,前開き,薄手,フレア,おしゃれ,大人,女性,50代,60代,,,,,,,,,,,,,
美品【中古,キヨコタカセ,K.T.,黒ブラック,シフォン素材,花柄プリーツスカート,9号,春夏,レディース,ボトムス,,,,,,,,,,,,,,,,,,,,,,,,,,,,,,
新品同様【中古,ネクスト,next,ロングワンピース,ワンピース,表記,UK12,EUR40,L,11号,相当,紺,濃紺,ネイビー,レディース,春,夏,春夏,長袖,ジャージ素材,シンプル,Vネック,vネック,プリーツ,ストレッチ,リボン,ウエストゴム,とろみ感,ノーカラー,大人,女性,20代,30代,40代,,,,,,
美品【中古,ルイフェロー,Louis,Feraud,テーラードジャケット,ウールジャケット,ダブルジャケット,表記,9号,M,38号,相当,古着,黒,ブラック,レディース,秋冬,秋,冬,アウター,毛混,ウール,ラメ,ストライプ,クラシカル,ダブルボタン,大人,女性,50代,60代,おしゃれ,,,,,,,,,
美品【中古,伊太利屋,ITALIYA,ベージュ,ハーフ丈,お洒落ガウチョパンツ,小さいサイズ,7号,春夏,レディース,ボトムス,,,,,,,,,,,,,,,,,,,,,,,,,,,,,
美品【中古,ユキコハナイ,YUKIKO,HANAI,テーラードジャケット,ジャケット,表記,8号,M,9号,38号,相当,古着,黒,ブラック,レディース,秋,冬,秋冬,アウター,シンプル,毛,ウール,日本製,ステッチライン,大人,女性,50代,60代,,,,,,,,,,,
美品【中古,イギン,フォーマルスカート,ロングスカート,表記,9号,M,38号,相当,黒,ブラック,レディース,春,夏,春夏,ボトムス,単品,薄手,ミモレ丈,ロング,シンプル,フォーマル,結婚式,お呼ばれ,日本製,大人,女性,40代,50代,60代,,,,,,,,,,
美品【中古,イエーガー,JAEGER,コート,ステンカラー,ロング,表記,8号,M,9号,相当,ベージュ,毛100％,ウール,ステンカラーコート,ロングコート,シンプル,無地,40代,50代,60代,お出掛け,秋冬,アウター,レディース,,,,,,,,,,,,,,,
新品同様【中古,自由区,リネン混素材,お洒落ジャケット,38号/9号,春秋,レディース,アウター,,,,,,,,,,,,,,,,,,,,,,,,,,,,,,,,
新品同様【中古,ブルックスブラザーズ,Brooks,Brothers,チェスターコート,ウールコート,コート,レディース,表記,M,9号,38号,相当,グレー,毛,ウール,ヘリンボーン柄,ふっくら,暖か,モノトーンカラー,洗練,シック,上品,大人,女性,通勤,秋,冬,秋冬,アウター,40代,50代,60代,,,,,,,
新品同様【中古,斉藤都世子,サイトウトヨコ,toyoko,saito,黒×金ラメ,ふっくら袖,ざっくりニットコート,大きいサイズ,11号〜13号(Lサイズ〜LLサイズ相当),秋冬,レディース,アウター,,,,,,,,,,,,,,,,,,,,,,,,,,,
美品【中古,レリアン,Leilian,柔らかウール100%ニット,表記9号(38号/M相当),黒/ブラック,透け感素材,長袖,シンプル,春秋向け,トップス,レディース,,,,,,,,,,,,,,,,,,,,,,,,,,,,
美品【中古,伊太利屋,GK,メッシュカットソー,カットソー,レディース,表記,11号,L,40号,相当,黒,ブラック,メッシュ素材,ビジュー,うろこ模様,長袖,軽やか,おしゃれ,かわいい,エレガント,上品,大人,女性,春夏,春,夏,トップス,40代,50代,60代,,,,,,,,,
新品同様【中古,ローラアシュレイ,LAURA,ASHLEY,ツイードパンツ,パンツ,大きいサイズ,大きい,表記,13号,LL,2L,42号,相当,古着,濃グレー,グレー,レディース,秋,冬,秋冬,ボトムス,ツイード,毛混,ウール,ゆったり,通勤,オフィス,シンプル,大人,女性,30代,40代,50代,,,,,,
美品【中古,シビラ,sybilla,ホコモモラ,フレアスカート,ウールスカート,スカート,レディース,表記,M,9号,38号,相当,緑,グリーン,毛,ウール,無地,ミモレ丈,おしゃれ,かわいい,ふんわり,暖か,大人,女性,お出掛け,秋,冬,秋冬,ボトムス,30代,40代,,,,,,,,
新品【中古,ミゼール,MISSEL,カットソー,表記,L,11号,40号,相当,ベージュ系,淡色,長袖,ストレッチ,伸縮,シンプル,薄手,きれいめ,おしゃれ,お洒落,お出掛け,普段着,日本製,50代,60代,70代,ミセス,母の日,プレゼント,春,夏,春夏,トップス,レディース,,,,,,,
美品【中古,マリナリナルディ,MARINA,RINALDI,ニットカーディガン,カーディガン,レディース,イタリア製,表記,L,11号,40号,相当,黒,ブラック,毛,ウール,シンプル,無地,着回し,ロング丈,ゆったり,ふっくら,暖か,上品,大人,女性,お出掛け,秋,冬,トップス,40代,50代,60代,,,,,,
美品【中古,アンタイトル,UNTITLED,グレー×艶感,毛ウール/絹シルク混,ピンストライプ柄,軽やかジャケット,9号(38号/Mサイズ相当),秋冬,レディース,アウター,,,,,,,,,,,,,,,,,,,,,,,,,,,,,
美品【中古,東京イギン,TOKYO,IGIN,シボン,Sibon,上品ブラックフォーマルワンピーススーツ,11号(40号/LLサイズ相当),黒,ノーカラー,春夏向け,レディース,冠婚葬祭,,,,,,,,,,,,,,,,,,,,,,,,,,,
美品【中古,組曲,KUMIKYOKU,黒,ウール100％,美形ジャケット,2号/9号,秋冬,レディース,アウター,,,,,,,,,,,,,,,,,,,,,,,,,,,,,,
美品【中古,斉藤都世子,toyoko,saito,ニットワンピース,M,9号,38号,L,11号,40号,大きい,大きいサイズ,LL,13号,42号,相当,古着,茶,ブラウン,レディース,春,秋,冬,秋冬,長袖,ラメ,花柄,フラワー,ニットの女王,大人,女性,50代,60代,,,,,,
新品同様【中古,アダム,エ,ロペ,ADAM,ET,ROPE,フレアスカート,ロングスカート,スカート,レディース,表記,F,フリー,9号〜11号,M〜L,相当,古着,黒,ブラック,ドット柄,シフォン素材,プリーツ,ロング丈,マキシ丈,薄手,軽やか,上品,大人,春,夏,春夏,ボトムス,20代,30代,40代,,,,
美品【中古,組曲,KUKIKYOKU,ウールコート,ロングコート,コート,レディース,表記,2号,9号,M,38号,相当,赤,レッド,毛,ウール,無地,フード,比翼仕立て,ロング丈,ふっくら,暖か,お洒落,おしゃれ,可愛い,かわいい,上品,大人,女性,お出掛け,秋冬,秋,冬,アウター,20代,30代,,,
美品【中古,イエナ,IENA,フード付きコート,小さいサイズ,小さい,表記,36号,S,7号,相当,古着,紺,ネイビー,レディース,秋,冬,秋冬,アウター,シンプル,アンゴラ,ウール,羊毛,フード,軽い,暖かい,比翼,日本製,大人,女性,30代,40代,50代,,,,,,,
美品【中古,クードシャンス,COUP,DE,CHANCE,ウールコート,スタンドカラーコート,表記,38号,M,9号,相当,古着,グレー,レディース,秋冬,秋,冬,アウター,毛,シンプル,比翼,通勤,ベルト,大人,女性,20代,30代,ワールド,,,,,,,,,,,
美品【中古,スキャパ,SCAPA,ロングパンツ,スラックス,表記,38号,9号,M,相当,古着,グレー,レディース,秋,冬,秋冬,ボトムス,毛100,ウール,杉綾柄,暖かい,大人,女性,40代,50代,60代,シンプル,通勤,お出掛け,ゆったり,ロング,,,,,,,,,
美品【中古,ユキトリイ,YUKI,TORII,昭和ドレス,ブラックフォーマルワンピーススーツ,表記,11号,L,40号,相当,古着,黒,ブラック,レディース,セットアップ,冠婚葬祭,喪服,長袖,7分袖,七分袖,春,夏,秋,冬,オールシーズン,大人,女性,30代,40代,50代,,,,,,,,,
美品【中古,スウェードコート,スエードコート,表記,11号,L,40号,相当,キャメル,茶,ブラウン,東レエクセーヌ100%,トレンチコート,お出掛け,通勤,シンプル,ミドル丈,膝下丈,上品,大人,30代,40代,50代,大きめポケット,ベルト,暖かい,長袖,秋冬,アウター,レディース,,,,,,,,,,
美品【中古,ボッシュ,BOSCH,スラックス,ロングパンツ,ストレートパンツ,小さいサイズ,表記,36号,7号,S,相当,古着,黒,ブラック,レディース,春,夏,春夏,秋,冬,オールシーズン,ボトムス,シンプル,無地,ストレッチ,日本製,大人,女性,20代,30代,40代,50代,通勤,オフィス,,,,,
新品同様【中古,ジバンシイ,GIVENCHY,東京ソワール,フォーマルジャケット,ジャケット,表記,10号,M,9号,38号,相当,古着,紺,ネイビー,レディース,春,夏,春夏,絹100,シルク,単品,結婚式,パーティー,薄手,日本製,艶感,大人,女性,50代,60代,,,,,,,,,
美品【中古,マッキントッシュ,MACKINTOSH,PHILOSOPHY,フレアスカート,表記,38号,M,9号,相当,古着,濃紺,ネイビー,レディース,春,夏,春夏,ボトムス,綿混,シンプル,通勤,オフィス,お出掛け,ミモレ丈,ウエストゴム,大人,女性,20代,30代,40代,,,,,,,,,,
美品【中古,ジュンコシマダ,49AV,JUNKO,SHIMADA,ニットワンピース,ワンピース,ニット,表記,38号,M,9号,相当,古着,紺,ネイビー,グレー,レディース,きれいめ,上品,長袖,女性,秋,冬,秋冬,シンプル,ウール,バイカラー,膝丈,ひざ丈,暖かい,大人,30代,40代,ノーカラー,,,,,
美品【中古,ラルフローレン,RALPH,LAOREN,白,コットン100,お洒落ミリタニーデニムジャケット,11号,春夏秋,レディース,アウター,,,,,,,,,,,,,,,,,,,,,,,,,,,,,
美品【中古,アイグナー,AIGNER,テーラードジャケット,ジャケット,イタリア製,大きいサイズ,大きい,表記,I46,LL,2L,13号,3L,15号,相当,古着,白,ホワイト,レディース,麻100,リネン,シンプル,無地,薄手,テーラード,春夏,春,夏,アウター,高級,大人,女性,40代,50代,ミセス,通勤,,,
新品【中古,エディットコロン,EDIT,COLOGNE,ダッフルコート,ウールコート,コート,レディース,表記,3号,11号,L,相当,白,ホワイト,シンプル,無地,フォックスファー,ふっくら,暖か,お洒落,おしゃれ,可愛い,かわいい,上品,大人,女性,お出掛け,秋,冬,秋冬,アウター,20代,30代,,,,,,
美品【中古,組曲,KUMIKYOKU,テーラードジャケット,フォーマルジャケット,ジャケット,表記,2号,9号,M,38号,相当,古着,シルバーグレー,レディース,春,秋,冬,秋冬,アウター,単品,ラメ,綿混,コットン,毛,ウール,大人,女性,20代,30代,40代,,,,,,,,,
新品【中古,ニューヨーク,エマジェイムス,NEW,YORK,EMMA,JAMES,ワンピーススーツ,フォーマルスーツ,表記,9号,M,38号,相当,ベージュ,淡茶,レディース,春,夏,春夏,セレモニー,シンプル,大人,女性,20代,30代,40代,未使用品,上品,結婚式,入学式,お呼ばれ,お食事会,,,,,,,
新品同様【中古,COCO,リバーシブルスカート,フレアスカート,表記,40号,L,11号,相当,古着,カーキ系,レディース,春,夏,春夏,ボトムス,しわ感,薄手,軽い,透け感,ウエストゴム,可愛い,かわいい,おしゃれ,リバーシブル,フレア,膝丈,ひざ丈,日本製,大人,女性,20代,30代,40代,,,,,,
新品同様【中古,トピーズ,Topys,チュニックブラウス,11号,L,40号,相当,古着,紺,ネイビー,レディース,春夏,春,夏,アウター,トップス,綿100,コットン,長袖,ゆったり,羽織り,薄手,シンプル,透け感,大人,女性,40代,50代,,,,,,,,,,,
美品【中古,クリスチャンディオール,Christion,Dior,黒,シルク100％,フレアスカート,11号,春秋,レディース,ボトムス,,,,,,,,,,,,,,,,,,,,,,,,,,,,,
新品同様【中古,アンタイトル,UNTITLED,デニムジャケット,ジャケット,小さいサイズ,小さい,表記,1号,7号,S,相当,黒系,ブラック,デニム,綿,コットン,おしゃれ,お洒落,Gジャン,お出掛け,カジュアル,長袖,日本製,大人,30代,40代,秋,冬,秋冬,アウター,レディース,,,,,,,,
美品【中古,クードシャンス,COUP,DE,CHANCE,フレアワンピース,ニットワンピース,ワンピース,レディース,表記,38号,9号,M,相当,赤,レッド,毛,ウール,ふっくら,ニット素材,暖かい,Vネック,膝丈,ひざ丈,七分袖,上品,大人,女性,お出掛け,秋冬,秋,冬,30代,40代,50代,,,,,
美品【中古,ランセル,LANCEL,チュニックブラウス,ブラウス,レディース,表記,9AR,38号,M,相当,黒,ベージュ,バイカラー,シンプル,ロング丈,長袖,軽やか,涼しげ,羽織り,お洒落,おしゃれ,上品,大人,女性,お出掛け,春夏,春,夏,トップス,40代,50代,60代,,,,,,,
美品【中古,レオナールスポーツ,LEONARD,SPORT,ニット,カットソー,セーター,表記,M,9号,38号,相当,古着,ピンク,レディース,秋,冬,秋冬,トップス,長袖,ウール,丸首,大人,女性,50代,60代,ミセス,おしゃれ,,,,,,,,,,,,
美品【中古,レリアン,Leilian,上品スプリングコート,絹/シルク100%,大きいサイズ,表記13号(LL相当),ゴールドベージュ系,薄地,通勤,春秋向け,アウター,レディース,,,,,,,,,,,,,,,,,,,,,,,,,,,
新品同様【中古,エフデ,ef-de,ふっくらウールパンツ,9号(38号/Mサイズ相当),黒,秋冬向け,レディース,ボトムス,,,,,,,,,,,,,,,,,,,,,,,,,,,,,,,
新品同様【中古,ナラカミーチェ,NARACAMICIE,ブラウス,小さいサイズ,表記,0,S,7号,36号,相当,古着,紺,ネイビー,レディース,きれいめ,春,夏,春夏,長袖,トップス,リボン,薄手,チェック,前開き,大人,女性,20代,30代,40代,通勤,オフィス,お出掛け,お呼ばれ,おしゃれ,上品,,,,
新品同様【中古,東京イギン,TOKYO,IGIN,ブラックフォーマル,パンツスーツ,表記,9号,M,38号,11号,L,40号,相当,古着,黒,ブラック,レディース,春,夏,春夏,セットアップ,冠婚葬祭,日本製,薄手,大人,女性,30代,40代,50代,60代,,,,,,,,,
美品【中古,マリナリナルディ,MARINA,RINALDI,デニム調パンツ,パンツ,古着,大きいサイズ,大きい,表記,19号,5L,相当,紺,ネイビー,綿混,コットン,シンプル,薄手,おしゃれ,ストレッチ,大人,30代,40代,50代,ステッチライン,春,夏,春夏,秋,ボトムス,レディース,,,,,,,,
美品【中古,アクアスキュータム,Aquascutum,ブラックフォーマル,プルオーバーブラウス,表記,11号,L,相当,古着,黒,レディース,春夏,春,夏,トップス,単品,7分袖,七分袖,長袖,喪服,シンプル,日本製,ノーカラー,大人,女性,20代,30代,40代,50代,,,,,,,,,,
美品【中古,ロブジェ,LOBJIE,ニットカーディガン,リバーシブル,表記,M,9号,38号,相当,古着,グレー,緑,グリーン,レディース,秋,冬,秋冬,トップス,羽織り,長袖,毛混,ウール,シンプル,大人,女性,40代,50代,おしゃれ,,,,,,,,,,,
美品【中古,ソニアリキエル,SONIA,RYKIEL,薄手ジャケット/カーディガン,表記40号(11号/L相当),茶/ブラウン,ビジュー,ノーカラー,春秋向け,アウター,トップス,レディース,,,,,,,,,,,,,,,,,,,,,,,,,,,
美品【中古,ユキトリイ,YUKI,TORII,ブラックフォーマルワンピーススーツ,ワンピーススーツ,レディース,表記,9号,38号,M,相当,黒,ブラック,リボン,五分袖,膝丈,ひざ丈,ステンカラー,上品,大人,女性,冠婚葬祭,喪服,春,秋,春秋,40代,50代,60代,,,,,,,,,,
美品【中古,ヨウジヤマモト,Y's,YOHJI,YAMAMOTO,グレー,ふわふわウール,お洒落ジャケット,9号,秋冬,レディース,アウター,,,,,,,,,,,,,,,,,,,,,,,,,,,,
新品同様【中古,Guardi,カーディガン,ロングカーディガン,羽織り,大きいサイズ,大きい,表記,F,フリー,13号,3L,42号,15号,4L,44号,相当,古着,黒,ブラック,レディース,春,秋,冬,秋冬,長袖,シンプル,トップス,カットワークレース,日本製,大人,女性,40代,50代,60代,おしゃれ,,,,
美品【中古,アクアスキュータム,Aquascutum,ウールスカート,ミモレ丈スカート,スカート,レディース,大きいサイズ,大きい,表記,13号,LL,XL,相当,赤,レッド,毛,ウール,モダン美柄,総柄,ミモレ丈,エレガント,高級感,上品,大人,女性,春秋,春,秋,ボトムス,40代,50代,60代,,,,,,,
新品同様【中古,ウンガロ,ungaro,チュニック,大きいサイズ,大きい,表記,42号,13号,LL,相当,古着,黒,ブラック,レディース,秋,冬,秋冬,長袖,透け感,リボン,日本製,袖口広め,おしゃれ,大人,女性,50代,60代,,,,,,,,,,,,
美品【中古,美品/ランセル,LANCEL,立体ツイード美的ジャケット,大きいサイズ表記13号(2Lサイズ相当),黒/ブラック,春秋冬向け,アウター,レディース,,,,,,,,,,,,,,,,,,,,,,,,,,,,,,,
美品【中古,マニ,MANI,テーラードジャケット,ロングジャケット,ジャケット,レディース,イタリア製,大きい,表記,42/8,11号,13号,L,LL,ベージュ,格子柄,ロング丈,伸縮性,比翼仕立て,お洒落,おしゃれ,上品,大人,女性,春,秋,春秋,アウター,40代,50代,60代,,,,,,,,
新品同様【中古,マリナリナルディ,MARINA,RINALDI,ロングパンツ,ストレッチパンツ,パンツ,レディース,大きい,13号,15号,LL,3L,相当,黒,ブラック,シンプル,無地,伸縮性,ストレッチ性,ロング丈,10分丈,上品,大人,女性,オフィス,春,秋,春秋,ボトムス,40代,50代,60代,,,,,,,
新品【中古,レマロン,remalon,ロングパンツ,スラックス,大きいサイズ,表記,15号,3L,相当,茶,ブラウン,レディース,春,夏,春夏,ボトムス,シンプル,しわ感,股上深め,大人,女性,50代,60代,ミセス,日本製,薄手,新品タグ,未使用,,,,,,,,,,,
新品【中古,ファース,ア,ファース,FACE,A,FACE,ワールド,ロングジャケット,ノーカラージャケット,ジャケット,表記,3号,L,11号,40号,相当,青,レディース,春,夏,春夏,長袖,薄手,アウター,ノーカラー,クラシカル,日本製,大人,女性,50代,60代,未使用品,,,,,,,
美品【中古,エヴェックスバイクリツィア,EVEX,by,KRIZIA,紺,金ロゴ釦,美形テーラードジャケット,40号/11号,春〜秋,レディース,アウター,,,,,,,,,,,,,,,,,,,,,,,,,,,,
新品同様【中古,レリアン,Leilian,テーラードジャケット,ジャケット,大きいサイズ,表記,13号,LL,相当,黒,ブラック,赤,レッド,白,ホワイト,チェック柄,お洒落,おしゃれ,透け感,クラシカル,薄手,毛100,ウール,長袖,日本製,大人,50代,60代,春,夏,アウター,レディース,,,,,,,
新品【中古,amanjacky,ジャケット,ロングジャケット,テーラードジャケット,大きいサイズ,表記,LL,13号,相当,黒,ブラック,総レース,ロング,テーラード,長袖,透け感,薄手,結婚式,パーティ,日本製,大人,40代,50代,60代,ミセス,春,夏,アウター,レディース,新品タグ付き,,,,,,,,,
美品【中古,レリアン,Leilian,ジャケット,ウールジャケット,ロングジャケット,イタリア製生地,大きいサイズ,大きい,表記,13号,LL,2L,42号,相当,古着,ピンク,レディース,春,秋,アウター,クラシカル,毛混,ウール,クラシカル,日本製,大人,女性,50代,60代,,,,,,,,,,
新品【中古,リファンネ,RIFANNE,東京ソワール,フォーマルジャケット,表記,9号,M,38号,相当,グレー,シルバーグレー,レディース,春,秋,アウター,単品,結婚式,お呼ばれ,お食事会,花柄,フラワー,フォーマル,大人,女性,50代,60代,ミセス,未使用品,,,,,,,,,,,
新品【中古,ファース,ア,ファース,FACE,A,FACE,ワールド,ロングジャケット,ノーカラージャケット,ジャケット,表記,3号,L,11号,40号,相当,青,レディース,春,夏,春夏,長袖,薄手,アウター,ノーカラー,クラシカル,日本製,大人,女性,50代,60代,未使用品,,,,,,,
美品【中古,エヴェックスバイクリツィア,EVEX,by,KRIZIA,紺,金ロゴ釦,美形テーラードジャケット,40号/11号,春〜秋,レディース,アウター,,,,,,,,,,,,,,,,,,,,,,,,,,,,
新品【中古,amanjacky,ジャケット,ロングジャケット,テーラードジャケット,大きいサイズ,表記,LL,13号,相当,黒,ブラック,総レース,ロング,テーラード,長袖,透け感,薄手,結婚式,パーティ,日本製,大人,40代,50代,60代,ミセス,春,夏,アウター,レディース,新品タグ付き,,,,,,,,,
新品同様【中古,レリアン,Leilian,テーラードジャケット,ジャケット,大きいサイズ,表記,13号,LL,相当,黒,ブラック,赤,レッド,白,ホワイト,チェック柄,お洒落,おしゃれ,透け感,クラシカル,薄手,毛100,ウール,長袖,日本製,大人,50代,60代,春,夏,アウター,レディース,,,,,,,
美品【中古,レリアン,Leilian,ジャケット,ウールジャケット,ロングジャケット,イタリア製生地,大きいサイズ,大きい,表記,13号,LL,2L,42号,相当,古着,ピンク,レディース,春,秋,アウター,クラシカル,毛混,ウール,クラシカル,日本製,大人,女性,50代,60代,,,,,,,,,,
新品【中古,リファンネ,RIFANNE,東京ソワール,フォーマルジャケット,表記,9号,M,38号,相当,グレー,シルバーグレー,レディース,春,秋,アウター,単品,結婚式,お呼ばれ,お食事会,花柄,フラワー,フォーマル,大人,女性,50代,60代,ミセス,未使用品,,,,,,,,,,,
美品【中古,アクアスキュータム,Aquascutum,ウールコート,リバーシブルコート,ステンカラーコート,11号,L,40号,相当,古着,グレー,濃グレー,薄グレー,レディース,秋,冬,秋冬,アウター,毛,アンゴラ,ウール,軽い,ふっくら,大人,女性,40代,50代,60代,ショート丈,リバーシブル,,,,,,,,,
新品同様【中古,コンセプト,CONCEPT,カットソー,イタリア製,表記,44号,11号,L,相当,古着,紺,ネイビー,レディース,春,夏,春夏,トップス,7分袖,七分袖,チュール,薄手,軽い,おしゃれ,大人,女性,40代,50代,,,,,,,,,,,,
美品【中古,詩仙堂,ヒトシタムラ,キルティングジャケット,ちりめん素材,大きいサイズ,(13号/LL相当),茶色/ブラウン,モダンな総柄,春秋,アウター,,,,,,,,,,,,,,,,,,,,,,,,,,,,,
美品【中古,ソプラニードンナ,SOPRANI,DONNA,オンワード樫山,ロングジャケット,ジャケット,表記,40号,L,11号,相当,古着,白,ホワイト,レディース,春,秋,冬,秋冬,アウター,綿100,コットン,クラシカル,シンプル,大人,女性,50代,60代,ミセス,,,,,,,,,,
美品【中古,レリアン,Leilian,素敵なふっくらタートルニット,表記9号(M相当),赤/レッド,ウール100％,イラスト,英語刺繍,秋冬向け,トップス,レディース,,,,,,,,,,,,,,,,,,,,,,,,,,,,
新品同様【中古,メーカーズシャツ,Maker's,Shirt,鎌倉,ノースリーブ,カットソー,チュニック,ノースリーブカットソー,表記,9号,M,相当,白,ホワイト,綺麗め,きれいめ,清楚,シンプル,無地,襟付き,お呼ばれ,お出掛け,日本製,大人,20代,30代,40代,春,夏,トップス,レディース,美品,,,,,,,
美品【中古,インディヴィ,INDIVI,ワールド,テーラードジャケット,ジャケット,表記,38号,9号,M,相当,古着,黒系,ブラック,レディース,春,秋,冬,秋冬,アウター,千鳥格子柄,毛混,ウール,クラシカル,通勤,日本製,大人,女性,40代,50代,,,,,,,,,,
美品【中古,詩仙堂,ヒトシタムラ,by,HITOSHI,プルオーバーブラウス,ブラウス,カットソー,古着,ちりめん,縮緬,9号,M,11号,L,相当,暗赤系,赤,レッド,和柄,長袖,襟付き,おしゃれ,軽い,シンプル,日本製,大人,50代,60代,70代,ミセス,春,夏,春夏,トップス,レディース,,,,
美品【中古,イギン,MENOD,上品ブラックフォーマルワンピーススーツ,小さいサイズ,表記7号(36号/S相当),黒,長袖,半袖,春夏秋向け,セットアップ,レディース,,,,,,,,,,,,,,,,,,,,,,,,,,,,
新品同様【中古,ヒトシタムラ,詩仙堂,上品なオーバーブラウス,(9〜11号相当),赤,ピンク,美彩なモダン柄,お食事会,春夏向け,トップス,レディース,,,,,,,,,,,,,,,,,,,,,,,,,,,,
新品同様【中古,ドゥクラッセ,DoCLASSE,ラップスカート,巻きスカート,フレアスカート,ロングスカート,表記,11号,L,40号,相当,古着,紺,ネイビー,濃紺,レディース,春,秋,冬,フォーマル,単品,フレア,ロング,ラップ,巻き,大人,女性,30代,40代,50代,シンプル,,,,,,,,
新品【中古,SANS,FIN,上品ツイードジャケット,表記M号(9号/38号相当),紺,薄ピンク,ノーカラー,華やかフリンジ,春秋冬向け,アウター,レディース,,,,,,,,,,,,,,,,,,,,,,,,,,,,
新品同様【中古,三年坂,ステンカラージャケット,ジャケット,レディース,表記,M,9号,38号,相当,黒,ブラック,シンプル,無地,ちりめん素材,軽やか,ミディアム丈,七分袖,お洒落,おしゃれ,上品,大人,女性,美柄レース,オフィス,春,夏,春夏,アウター,40代,50代,60代,,,,,,,,
新品同様【中古,ヒトシタムラ,詩仙堂,大人なセットアップ,スカートスーツ,高級ちりめん素材,(9号/M相当),紫,青,美彩ボタニカル柄,お出掛け,春夏向け　レディース,,,,,,,,,,,,,,,,,,,,,,,,,,,,
新品同様【中古,詩仙堂,ヒトシタムラ,美的タイトスカート,高級ちりめん素材,(9号/M相当),カーキー,お出掛け,春夏向け,ボトムス,レディース,,,,,,,,,,,,,,,,,,,,,,,,,,,,,
新品同様【中古,ヒトシタムラ,詩仙堂,大人なセットアップスーツ,高級ちりめん,(9号〜11号相当),グレー,美彩な和デザイン,春夏秋向け,レディース,,,,,,,,,,,,,,,,,,,,,,,,,,,,,,
新品同様【中古,ユナイテッドアローズ,UNITED,ARROWS,フレアスカート,ロングスカート,スカート,表記,38号,Ｍ,9号,相当,黒,ブラック,レディース,春,夏,春夏,ボトムス,綿100,コットン,透け感,軽い,薄手,お呼ばれ,お食事会,フォーマル,,,,,,,,,,,,,
新品同様【中古,イヴサンローラン,YVESSAINTLAURENT,ジャケット,ノーカラー,ノーカラージャケット,ハーフ丈,表記,M,9号,38号,相当,青,白,ジグザグ柄,シェブロン柄,ニット素材,お洒落,オシャレ,お出掛け,春,秋,春秋,アウター,レディース,クリーニング後お渡し,,,,,,,,,,,,,,
新品同様【中古,ブラックフォーマル,ワンピーススーツ,大きいサイズ,表記,13号,LL,2L,42号,相当,古着,黒,レディース,春夏,春,夏,秋,冬,オールシーズン,セットアップ,冠婚葬祭,喪服,2点セット,二点セット,大人,女性,40代,50代,長袖,5分袖,シンプル,レース,上品,,,,,,,
美品【中古,トクコプルミエヴォル,TOKUKO,1er,VOL,ジャージワンピース,ミモレ丈ワンピース,ワンピース,レディース,表記,9号,M,38号,相当,緑,グリーン,動物,アニマル,イラスト,ジャージ素材,爽やか,おしゃれ,かわいい,大人,女性,お出掛け,春,夏,春夏,40代,50代,60代,,,,,,,,
美品【中古,自由区,シャツワンピース,シャツワンピ,ノーカラーワンピース,ロングワンピース,ロングワンピ,マキシワンピース,マキシワンピ,表記,42号,L,11号,相当,グレー,古着,レディース,春,夏,7分袖,シンプル,薄手,羽織り,無地,大人,女性,20代,30代,40代,おしゃれ,きれいめ,,,,,,,,,
美品【中古,ジェラールダレル,GERARD,DAREL,スカートスーツ,スーツ,レディース,表記,11号,L,40号,相当,グレー,ツイード素材,マルチカラー,ステンカラー,タイト,膝丈,ひざ丈,異素材切り替え,おしゃれ,上品,大人,女性,オフィス,通勤,秋,冬,秋冬,40代,50代,60代,,,,,,,,
美品【中古,ヴァンドゥーオクトーブル,22オクトーブル,22OCTOBRE,東京スタイル,カットソー,大きいサイズ,表記,44号,15号,3L,XXL,相当,古着,シャンパンゴールド,レディース,春,夏,春夏,トップス,オーガンジー,透け感,半袖,日本製,ラメ,大人,女性,40代,50代,vネック,,,,,,,,,,
新品同様【中古,ニューヨーカー,NEW,YORKER,デニムジャケット,ジャケット,ノーカラージャケット,大きいサイズ,大きい,13号,LL,相当,黒系,ブラック,ストレッチ,ノーカラー,長袖,綿,コットン,柔らかデニム,デニム,おしゃれ,大人,30代,40代,50代,春,秋,アウター,レディース,,,,,,,,,,
美品【中古,イエナ,IENA,フレアスカート,ロングスカート,小さいサイズ,小さい,表記,36号,7号,S,相当,古着,グレー,レディース,春,夏,春夏,ボトムス,シンプル,日本製,大人,女性,20代,30代,40代,,,,,,,,,,,,,,
美品【中古,グリーンレーベルリラクシング,green,rabel,relaxing,スカートスーツ,表記,38号,9号,相当,グレー,毛,ウール,無地,シンプル,テーラードカラー,プリーツ,長袖,膝丈,ひざ丈,オフィス,ビジネス,20代,30代,秋,冬,秋冬,レディース,,,,,,,,,,,,
美品【中古,詩仙堂,ヒトシタムラ,ジャケット,ロングジャケット,大きいサイズ,13号,LL,15号,3L,相当,黒系,黒,ブラック,ちりめん,長袖,薄手,日本製,ステンカラー,ストレッチ,お洒落,おしゃれ,大人,50代,60代,ミセス,春,夏,春夏,アウター,レディース,クリーニング後お渡し,,,,,,,,
美品【中古,詩仙堂,モダン美柄,高級ちりめん,素敵な薄手ジャケット,9号,秋冬春,レディース,アウター,,,,,,,,,,,,,,,,,,,,,,,,,,,,,,,
美品【中古,ランズエンド,LANDS'END,テーラードジャケット,ジャケット,大きいサイズ,大きい,表記,15号,3L,相当,緑,グリーン,レディース,春,秋,アウター,ストレッチ,シンプル,差し色,大人,女性,30代,40代,おしゃれ,お出掛け,軽い,,,,,,,,,,,,,
美品【中古,ジブリーヌ,Zibeline,東京イギン,フォーマルジャケット,ノーカラージャケット,表記,9号,M,38号,相当,古着,シルバー,レディース,春,夏,春夏,秋,冬,オールシーズン,アウター,ラメ,単品,刺繍,結婚式,お呼ばれ,大人,女性,50代,60代,日本製,ノーカラー,フォーマル,,,,,,,
新品同様【中古,スキャパ,SCAPA,フレアスカート,表記,38号,9号,M,相当,古着,紺系,群青色系,レディース,春,夏,春夏,ボトムス,花柄,フラワー,ミモレ丈,薄手,大人,女性,40代,50代,,,,,,,,,,,,,,,
美品【中古,レオナール,LEONARD,デニムスカート,膝丈スカート,スカート,レディース,大きい,表記,76ー99,11号,13号,L,LL,XL,相当,黒,ブラック,絹,シルク,シンプル,無地,膝丈,ひざ丈,お洒落,おしゃれ,大人,女性,カジュアル,お出掛け,春,秋,春秋,ボトムス,40代,50代,60代,,,
新品同様【中古,エプリス,EPRISE,NOIR3,東京ブラウス,フォーマルブラウス,ブラウス,表記,38号,M,9号,相当,古着,グレーシルバー,プリーツ,レディース,長袖,単品,ラメ,お呼ばれ,結婚式,フォーマル,春,夏,秋,冬,大人,女性,30代,40代,50代,日本製,薄手,おしゃれ,優美,上品,,,,
美品【中古,バーバリー,BURBERRYS,スカート,台形スカート,表記,11号,L,40号,相当,茶系,ブラウン系,青系,ブルー系,チェック柄,薄手,綿混,コットン,麻混,リネン,軽やか素材,膝丈,ひざ丈,クラシカル,お洒落,おしゃれ,お出掛け,大人,40代,50代,春,夏,ボトムス,レディース,,,,,,
